"Table Device_table(param_vals,devices)",1,2,3,4,5,6,7,8,9,10,11,12,13,14,15,16,17,18,19,20,21,22,23,24,25,26,27,28,29,30,31,32,33,34,35,36,37,38,39,40,41,42,43,44,45,46,47,48,49,50,51,52,53,54,55,56,57,58,59,60,61,62,63,64,65,66,67,68,69,70,71,72,73,74,75,76,77,78,79,80,81,82,83,84,85,86,87,88,89,90,91,92,93,94,95,96,97,98,99,100,101,102,103,104,105,106,107,108,109,110,111,112,113,114,115,116,117,118,119,120,121,122,123,124,125,126,127,128,129,130,131,132,133,134,135,136,137,138,139,140,141,142,143,144,145,146,147,148,149,150,151,152,153,154,155,156,157,158,159,160,161,162,163,164,165,166,167
input_capacity_MW,0.06,0.06,0.06,0.06,0.06,0.06,0.06,0.06,0.06,0.06,0.06,0.06,0.06,0.06,0.06,0.06,0.06,0.06,0.06,0.06,0.06,0.06,0.06,0.06,0.06,0.06,0.06,0.06,0.06,0.06,0.06,0.06,0.06,0.06,0.06,0.06,0.06,0.06,0.06,0.06,0.06,0.06,0.06,0.06,0.06,0.06,0.06,0.06,0.06,0.06,0.06,0.06,0.06,0.06,0.06,0.06,0.06,0.06,0.06,0.06,0.06,0.06,0.06,0.06,0.06,0.06,0.06,0.06,0.06,0.06,0.06,0.06,0.06,0.06,0.06,0.06,0.06,0.06,0.06,0.06,0.06,0.06,0.06,0.06,0.06,0.06,0.06,0.06,0.06,0.06,0.06,0.06,0.06,0.06,0.06,0.06,0.06,0.06,0.06,0.06,0.06,0.06,0.06,0.06,0.06,0.06,0.06,0.06,0.06,0.06,0.06,0.06,0.06,0.06,0.06,0.06,0.06,0.06,0.06,0.06,0.06,0.06,0.06,0.06,0.06,0.06,0.06,0.06,0.06,0.06,0.06,0.06,0.06,0.06,0.06,0.06,0.06,0.06,0.06,0.06,0.06,0.06,0.06,0.06,0.06,0.06,0.06,0.06,0.06,0.06,0.06,0.06,0.06,0.06,0.06,0.06,0.06,0.06,0.06,0.06,0.06,0.06,0.06,0.06,0.06,0.06,0.06
output_capacity_MW,0,0,0,0,0,0,0,0,0,0,0,0,0,0,0,0,0,0,0,0,0,0,0,0,0,0,0,0,0,0,0,0,0,0,0,0,0,0,0,0,0,0,0,0,0,0,0,0,0,0,0,0,0,0,0,0,0,0,0,0,0,0,0,0,0,0,0,0,0,0,0,0,0,0,0,0,0,0,0,0,0,0,0,0,0,0,0,0,0,0,0,0,0,0,0,0,0,0,0,0,0,0,0,0,0,0,0,0,0,0,0,0,0,0,0,0,0,0,0,0,0,0,0,0,0,0,0,0,0,0,0,0,0,0,0,0,0,0,0,0,0,0,0,0,0,0,0,0,0,0,0,0,0,0,0,0,0,0,0,0,0,0,0,0,0,0,0
storage_capacity_hours,5.833333333,5.833333333,5.833333333,5.833333333,5.833333333,5.833333333,5.833333333,5.833333333,5.833333333,5.833333333,5.833333333,5.833333333,5.833333333,5.833333333,5.833333333,5.833333333,5.833333333,5.833333333,5.833333333,5.833333333,5.833333333,5.833333333,5.833333333,5.833333333,5.833333333,5.833333333,5.833333333,5.833333333,5.833333333,5.833333333,5.833333333,5.833333333,5.833333333,5.833333333,5.833333333,5.833333333,5.833333333,5.833333333,5.833333333,5.833333333,5.833333333,5.833333333,5.833333333,5.833333333,5.833333333,5.833333333,5.833333333,5.833333333,5.833333333,5.833333333,5.833333333,5.833333333,5.833333333,5.833333333,5.833333333,5.833333333,5.833333333,5.833333333,5.833333333,5.833333333,5.833333333,5.833333333,5.833333333,5.833333333,5.833333333,5.833333333,5.833333333,5.833333333,5.833333333,5.833333333,5.833333333,5.833333333,5.833333333,5.833333333,5.833333333,5.833333333,5.833333333,5.833333333,5.833333333,5.833333333,5.833333333,5.833333333,5.833333333,5.833333333,5.833333333,5.833333333,5.833333333,5.833333333,5.833333333,5.833333333,5.833333333,5.833333333,5.833333333,5.833333333,5.833333333,5.833333333,5.833333333,5.833333333,5.833333333,5.833333333,5.833333333,5.833333333,5.833333333,5.833333333,5.833333333,5.833333333,5.833333333,5.833333333,5.833333333,5.833333333,5.833333333,5.833333333,5.833333333,5.833333333,5.833333333,5.833333333,5.833333333,5.833333333,5.833333333,5.833333333,5.833333333,5.833333333,5.833333333,5.833333333,5.833333333,5.833333333,5.833333333,5.833333333,5.833333333,5.833333333,5.833333333,5.833333333,5.833333333,5.833333333,5.833333333,5.833333333,5.833333333,5.833333333,5.833333333,5.833333333,5.833333333,5.833333333,5.833333333,5.833333333,5.833333333,5.833333333,5.833333333,5.833333333,5.833333333,5.833333333,5.833333333,5.833333333,5.833333333,5.833333333,5.833333333,5.833333333,5.833333333,5.833333333,5.833333333,5.833333333,5.833333333,5.833333333,5.833333333,5.833333333,5.833333333,5.833333333,5.833333333
storage_set_final,0,0,0,0,0,0,0,0,0,0,0,0,0,0,0,0,0,0,0,0,0,0,0,0,0,0,0,0,0,0,0,0,0,0,0,0,0,0,0,0,0,0,0,0,0,0,0,0,0,0,0,0,0,0,0,0,0,0,0,0,0,0,0,0,0,0,0,0,0,0,0,0,0,0,0,0,0,0,0,0,0,0,0,0,0,0,0,0,0,0,0,0,0,0,0,0,0,0,0,0,0,0,0,0,0,0,0,0,0,0,0,0,0,0,0,0,0,0,0,0,0,0,0,0,0,0,0,0,0,0,0,0,0,0,0,0,0,0,0,0,0,0,0,0,0,0,0,0,0,0,0,0,0,0,0,0,0,0,0,0,0,0,0,0,0,0,0
storage_init,1,1,1,1,1,1,1,1,1,1,1,1,1,1,1,1,1,1,1,1,1,1,1,1,1,1,1,1,1,1,1,1,1,1,1,1,1,1,1,1,1,1,1,1,1,1,1,1,1,1,1,1,1,1,1,1,1,1,1,1,1,1,1,1,1,1,1,1,1,1,1,1,1,1,1,1,1,1,1,1,1,1,1,1,1,1,1,1,1,1,1,1,1,1,1,1,1,1,1,1,1,1,1,1,1,1,1,1,1,1,1,1,1,1,1,1,1,1,1,1,1,1,1,1,1,1,1,1,1,1,1,1,1,1,1,1,1,1,1,1,1,1,1,1,1,1,1,1,1,1,1,1,1,1,1,1,1,1,1,1,1,1,1,1,1,1,1
storage_final,0.5,0.5,0.5,0.5,0.5,0.5,0.5,0.5,0.5,0.5,0.5,0.5,0.5,0.5,0.5,0.5,0.5,0.5,0.5,0.5,0.5,0.5,0.5,0.5,0.5,0.5,0.5,0.5,0.5,0.5,0.5,0.5,0.5,0.5,0.5,0.5,0.5,0.5,0.5,0.5,0.5,0.5,0.5,0.5,0.5,0.5,0.5,0.5,0.5,0.5,0.5,0.5,0.5,0.5,0.5,0.5,0.5,0.5,0.5,0.5,0.5,0.5,0.5,0.5,0.5,0.5,0.5,0.5,0.5,0.5,0.5,0.5,0.5,0.5,0.5,0.5,0.5,0.5,0.5,0.5,0.5,0.5,0.5,0.5,0.5,0.5,0.5,0.5,0.5,0.5,0.5,0.5,0.5,0.5,0.5,0.5,0.5,0.5,0.5,0.5,0.5,0.5,0.5,0.5,0.5,0.5,0.5,0.5,0.5,0.5,0.5,0.5,0.5,0.5,0.5,0.5,0.5,0.5,0.5,0.5,0.5,0.5,0.5,0.5,0.5,0.5,0.5,0.5,0.5,0.5,0.5,0.5,0.5,0.5,0.5,0.5,0.5,0.5,0.5,0.5,0.5,0.5,0.5,0.5,0.5,0.5,0.5,0.5,0.5,0.5,0.5,0.5,0.5,0.5,0.5,0.5,0.5,0.5,0.5,0.5,0.5,0.5,0.5,0.5,0.5,0.5,0.5
input_LSL_fraction,0,0,0,0,0,0,0,0,0,0,0,0,0,0,0,0,0,0,0,0,0,0,0,0,0,0,0,0,0,0,0,0,0,0,0,0,0,0,0,0,0,0,0,0,0,0,0,0,0,0,0,0,0,0,0,0,0,0,0,0,0,0,0,0,0,0,0,0,0,0,0,0,0,0,0,0,0,0,0,0,0,0,0,0,0,0,0,0,0,0,0,0,0,0,0,0,0,0,0,0,0,0,0,0,0,0,0,0,0,0,0,0,0,0,0,0,0,0,0,0,0,0,0,0,0,0,0,0,0,0,0,0,0,0,0,0,0,0,0,0,0,0,0,0,0,0,0,0,0,0,0,0,0,0,0,0,0,0,0,0,0,0,0,0,0,0,0
output_LSL_fraction,0,0,0,0,0,0,0,0,0,0,0,0,0,0,0,0,0,0,0,0,0,0,0,0,0,0,0,0,0,0,0,0,0,0,0,0,0,0,0,0,0,0,0,0,0,0,0,0,0,0,0,0,0,0,0,0,0,0,0,0,0,0,0,0,0,0,0,0,0,0,0,0,0,0,0,0,0,0,0,0,0,0,0,0,0,0,0,0,0,0,0,0,0,0,0,0,0,0,0,0,0,0,0,0,0,0,0,0,0,0,0,0,0,0,0,0,0,0,0,0,0,0,0,0,0,0,0,0,0,0,0,0,0,0,0,0,0,0,0,0,0,0,0,0,0,0,0,0,0,0,0,0,0,0,0,0,0,0,0,0,0,0,0,0,0,0,0
input_efficiency,0.95,0.95,0.95,0.95,0.95,0.95,0.95,0.95,0.95,0.95,0.95,0.95,0.95,0.95,0.95,0.95,0.95,0.95,0.95,0.95,0.95,0.95,0.95,0.95,0.95,0.95,0.95,0.95,0.95,0.95,0.95,0.95,0.95,0.95,0.95,0.95,0.95,0.95,0.95,0.95,0.95,0.95,0.95,0.95,0.95,0.95,0.95,0.95,0.95,0.95,0.95,0.95,0.95,0.95,0.95,0.95,0.95,0.95,0.95,0.95,0.95,0.95,0.95,0.95,0.95,0.95,0.95,0.95,0.95,0.95,0.95,0.95,0.95,0.95,0.95,0.95,0.95,0.95,0.95,0.95,0.95,0.95,0.95,0.95,0.95,0.95,0.95,0.95,0.95,0.95,0.95,0.95,0.95,0.95,0.95,0.95,0.95,0.95,0.95,0.95,0.95,0.95,0.95,0.95,0.95,0.95,0.95,0.95,0.95,0.95,0.95,0.95,0.95,0.95,0.95,0.95,0.95,0.95,0.95,0.95,0.95,0.95,0.95,0.95,0.95,0.95,0.95,0.95,0.95,0.95,0.95,0.95,0.95,0.95,0.95,0.95,0.95,0.95,0.95,0.95,0.95,0.95,0.95,0.95,0.95,0.95,0.95,0.95,0.95,0.95,0.95,0.95,0.95,0.95,0.95,0.95,0.95,0.95,0.95,0.95,0.95,0.95,0.95,0.95,0.95,0.95,0.95
output_efficiency,1,1,1,1,1,1,1,1,1,1,1,1,1,1,1,1,1,1,1,1,1,1,1,1,1,1,1,1,1,1,1,1,1,1,1,1,1,1,1,1,1,1,1,1,1,1,1,1,1,1,1,1,1,1,1,1,1,1,1,1,1,1,1,1,1,1,1,1,1,1,1,1,1,1,1,1,1,1,1,1,1,1,1,1,1,1,1,1,1,1,1,1,1,1,1,1,1,1,1,1,1,1,1,1,1,1,1,1,1,1,1,1,1,1,1,1,1,1,1,1,1,1,1,1,1,1,1,1,1,1,1,1,1,1,1,1,1,1,1,1,1,1,1,1,1,1,1,1,1,1,1,1,1,1,1,1,1,1,1,1,1,1,1,1,1,1,1
input_heat_rate,0,0,0,0,0,0,0,0,0,0,0,0,0,0,0,0,0,0,0,0,0,0,0,0,0,0,0,0,0,0,0,0,0,0,0,0,0,0,0,0,0,0,0,0,0,0,0,0,0,0,0,0,0,0,0,0,0,0,0,0,0,0,0,0,0,0,0,0,0,0,0,0,0,0,0,0,0,0,0,0,0,0,0,0,0,0,0,0,0,0,0,0,0,0,0,0,0,0,0,0,0,0,0,0,0,0,0,0,0,0,0,0,0,0,0,0,0,0,0,0,0,0,0,0,0,0,0,0,0,0,0,0,0,0,0,0,0,0,0,0,0,0,0,0,0,0,0,0,0,0,0,0,0,0,0,0,0,0,0,0,0,0,0,0,0,0,0
output_heat_rate,0,0,0,0,0,0,0,0,0,0,0,0,0,0,0,0,0,0,0,0,0,0,0,0,0,0,0,0,0,0,0,0,0,0,0,0,0,0,0,0,0,0,0,0,0,0,0,0,0,0,0,0,0,0,0,0,0,0,0,0,0,0,0,0,0,0,0,0,0,0,0,0,0,0,0,0,0,0,0,0,0,0,0,0,0,0,0,0,0,0,0,0,0,0,0,0,0,0,0,0,0,0,0,0,0,0,0,0,0,0,0,0,0,0,0,0,0,0,0,0,0,0,0,0,0,0,0,0,0,0,0,0,0,0,0,0,0,0,0,0,0,0,0,0,0,0,0,0,0,0,0,0,0,0,0,0,0,0,0,0,0,0,0,0,0,0,0
input_startup_cost,0,0,0,0,0,0,0,0,0,0,0,0,0,0,0,0,0,0,0,0,0,0,0,0,0,0,0,0,0,0,0,0,0,0,0,0,0,0,0,0,0,0,0,0,0,0,0,0,0,0,0,0,0,0,0,0,0,0,0,0,0,0,0,0,0,0,0,0,0,0,0,0,0,0,0,0,0,0,0,0,0,0,0,0,0,0,0,0,0,0,0,0,0,0,0,0,0,0,0,0,0,0,0,0,0,0,0,0,0,0,0,0,0,0,0,0,0,0,0,0,0,0,0,0,0,0,0,0,0,0,0,0,0,0,0,0,0,0,0,0,0,0,0,0,0,0,0,0,0,0,0,0,0,0,0,0,0,0,0,0,0,0,0,0,0,0,0
output_startup_cost,0,0,0,0,0,0,0,0,0,0,0,0,0,0,0,0,0,0,0,0,0,0,0,0,0,0,0,0,0,0,0,0,0,0,0,0,0,0,0,0,0,0,0,0,0,0,0,0,0,0,0,0,0,0,0,0,0,0,0,0,0,0,0,0,0,0,0,0,0,0,0,0,0,0,0,0,0,0,0,0,0,0,0,0,0,0,0,0,0,0,0,0,0,0,0,0,0,0,0,0,0,0,0,0,0,0,0,0,0,0,0,0,0,0,0,0,0,0,0,0,0,0,0,0,0,0,0,0,0,0,0,0,0,0,0,0,0,0,0,0,0,0,0,0,0,0,0,0,0,0,0,0,0,0,0,0,0,0,0,0,0,0,0,0,0,0,0
input_cap_cost,16466666.67,1.65E+07,16466666.67,16466666.67,16466666.67,16466666.67,16466666.67,16466666.67,16466666.67,16466666.67,16466666.67,16466666.67,16466666.67,16466666.67,16466666.67,16466666.67,16466666.67,16466666.67,16466666.67,16466666.67,16466666.67,16466666.67,16466666.67,16466666.67,1.65E+07,1.65E+07,1.65E+07,1.65E+07,1.65E+07,1.65E+07,1.65E+07,1.65E+07,1.65E+07,1.65E+07,1.65E+07,1.65E+07,1.65E+07,1.65E+07,1.65E+07,1.65E+07,1.65E+07,1.65E+07,1.65E+07,1.65E+07,1.65E+07,1.65E+07,1.65E+07,1.65E+07,1.65E+07,16466666.67,1.65E+07,1.65E+07,16466666.67,1.65E+07,16466666.67,1.65E+07,1.65E+07,16466666.67,16466666.67,16466666.67,1.65E+07,1.65E+07,1.65E+07,1.65E+07,1.65E+07,16466666.67,1.65E+07,1.65E+07,1.65E+07,1.65E+07,1.65E+07,1.65E+07,1.65E+07,1.65E+07,1.65E+07,16466666.67,16466666.67,1.65E+07,1.65E+07,1.65E+07,1.65E+07,1.65E+07,1.65E+07,1.65E+07,1.65E+07,1.65E+07,1.65E+07,1.65E+07,1.65E+07,1.65E+07,1.65E+07,1.65E+07,1.65E+07,1.65E+07,1.65E+07,1.65E+07,16466666.67,1.65E+07,1.65E+07,16466666.67,16466666.67,16466666.67,1.65E+07,1.65E+07,1.65E+07,1.65E+07,16466666.67,1.65E+07,1.65E+07,1.65E+07,1.65E+07,1.65E+07,1.65E+07,1.65E+07,16466666.67,1.65E+07,1.65E+07,16466666.67,16466666.67,1.65E+07,1.65E+07,16466666.67,16466666.67,16466666.67,16466666.67,16466666.67,1.65E+07,16466666.67,1.65E+07,1.65E+07,1.65E+07,1.65E+07,16466666.67,16466666.67,1.65E+07,1.65E+07,1.65E+07,1.65E+07,16466666.67,16466666.67,16466666.67,16466666.67,1.65E+07,16466666.67,16466666.67,16466666.67,16466666.67,1.65E+07,1.65E+07,1.65E+07,16466666.67,16466666.67,1.65E+07,1.65E+07,1.65E+07,1.65E+07,16466666.67,16466666.67,1.65E+07,1.65E+07,16466666.67,16466666.67,16466666.67,16466666.67,1.65E+07,1.65E+07,16466666.67
input_cap_alt_cost,11666666.67,11666666.67,11666666.67,11666666.67,11666666.67,11666666.67,11666666.67,11666666.67,11666666.67,11666666.67,11666666.67,11666666.67,11666666.67,11666666.67,11666666.67,11666666.67,11666666.67,11666666.67,11666666.67,11666666.67,11666666.67,11666666.67,11666666.67,11666666.67,11666666.67,11666666.67,11666666.67,11666666.67,11666666.67,11666666.67,11666666.67,11666666.67,11666666.67,11666666.67,11666666.67,11666666.67,11666666.67,11666666.67,11666666.67,11666666.67,11666666.67,11666666.67,11666666.67,11666666.67,11666666.67,11666666.67,11666666.67,11666666.67,11666666.67,11666666.67,11666666.67,11666666.67,11666666.67,11666666.67,11666666.67,11666666.67,11666666.67,11666666.67,11666666.67,11666666.67,11666666.67,11666666.67,11666666.67,11666666.67,11666666.67,11666666.67,11666666.67,11666666.67,11666666.67,11666666.67,11666666.67,11666666.67,11666666.67,11666666.67,11666666.67,11666666.67,11666666.67,11666666.67,11666666.67,11666666.67,11666666.67,11666666.67,11666666.67,11666666.67,11666666.67,11666666.67,11666666.67,11666666.67,11666666.67,11666666.67,11666666.67,11666666.67,11666666.67,11666666.67,11666666.67,11666666.67,11666666.67,11666666.67,11666666.67,11666666.67,11666666.67,11666666.67,11666666.67,11666666.67,11666666.67,11666666.67,11666666.67,11666666.67,11666666.67,11666666.67,11666666.67,11666666.67,11666666.67,11666666.67,11666666.67,11666666.67,11666666.67,11666666.67,11666666.67,11666666.67,11666666.67,11666666.67,11666666.67,11666666.67,11666666.67,11666666.67,11666666.67,11666666.67,11666666.67,11666666.67,11666666.67,11666666.67,11666666.67,11666666.67,11666666.67,11666666.67,11666666.67,11666666.67,11666666.67,11666666.67,11666666.67,11666666.67,11666666.67,11666666.67,11666666.67,11666666.67,11666666.67,11666666.67,11666666.67,11666666.67,11666666.67,11666666.67,11666666.67,11666666.67,11666666.67,11666666.67,11666666.67,11666666.67,11666666.67,11666666.67,11666666.67,11666666.67,11666666.67,11666666.67,11666666.67,11666666.67,11666666.67
output_cap_cost,0,0,0,0,0,0,0,0,0,0,0,0,0,0,0,0,0,0,0,0,0,0,0,0,0,0,0,0,0,0,0,0,0,0,0,0,0,0,0,0,0,0,0,0,0,0,0,0,0,0,0,0,0,0,0,0,0,0,0,0,0,0,0,0,0,0,0,0,0,0,0,0,0,0,0,0,0,0,0,0,0,0,0,0,0,0,0,0,0,0,0,0,0,0,0,0,0,0,0,0,0,0,0,0,0,0,0,0,0,0,0,0,0,0,0,0,0,0,0,0,0,0,0,0,0,0,0,0,0,0,0,0,0,0,0,0,0,0,0,0,0,0,0,0,0,0,0,0,0,0,0,0,0,0,0,0,0,0,0,0,0,0,0,0,0,0,0
H2stor_cap_cost,0,0,0,0,0,0,0,0,0,0,0,0,0,0,0,0,0,0,0,0,0,0,0,0,0,0,0,0,0,0,0,0,0,0,0,0,0,0,0,0,0,0,0,0,0,0,0,0,0,0,0,0,0,0,0,0,0,0,0,0,0,0,0,0,0,0,0,0,0,0,0,0,0,0,0,0,0,0,0,0,0,0,0,0,0,0,0,0,0,0,0,0,0,0,0,0,0,0,0,0,0,0,0,0,0,0,0,0,0,0,0,0,0,0,0,0,0,0,0,0,0,0,0,0,0,0,0,0,0,0,0,0,0,0,0,0,0,0,0,0,0,0,0,0,0,0,0,0,0,0,0,0,0,0,0,0,0,0,0,0,0,0,0,0,0,0,0
H2comp_cap_cost,0,0,0,0,0,0,0,0,0,0,0,0,0,0,0,0,0,0,0,0,0,0,0,0,0,0,0,0,0,0,0,0,0,0,0,0,0,0,0,0,0,0,0,0,0,0,0,0,0,0,0,0,0,0,0,0,0,0,0,0,0,0,0,0,0,0,0,0,0,0,0,0,0,0,0,0,0,0,0,0,0,0,0,0,0,0,0,0,0,0,0,0,0,0,0,0,0,0,0,0,0,0,0,0,0,0,0,0,0,0,0,0,0,0,0,0,0,0,0,0,0,0,0,0,0,0,0,0,0,0,0,0,0,0,0,0,0,0,0,0,0,0,0,0,0,0,0,0,0,0,0,0,0,0,0,0,0,0,0,0,0,0,0,0,0,0,0
input_FOM_cost,256430.4135,249864.2963,163463.9832,176635.5297,129443.221,159951.4397,48435.416,75853.5568,73642.94857,70777.37132,122788.7919,121421.2895,172314.4189,97901.37276,89438.02162,79061.00963,79061.00963,93987.70466,63321.39484,108300.8489,38573.67439,94634.24965,146946.1276,133252.8522,98035.45538,111661.3384,65695.56982,136596.4937,128672.2811,141206.549,157572.3507,95994.02994,210663.1714,235685.3752,243074.0997,281441.8064,232124.6743,271681.5744,171802.0969,186329.9137,450909.7425,398156.7257,239897.6754,337447.9062,382245.1202,153616.2816,170510.6918,265817.1797,310442.4029,177211.4531,244160.0988,155060.0215,183043.4153,349006.6704,199362.8848,177211.4531,170699.3902,221514.3164,175471.8891,225606.7146,225606.7146,306481.7006,250674.1273,175471.8891,200539.3018,200539.3018,250674.1273,200539.3018,300808.9527,400317.9129,261274.6571,201892.6237,250842.1869,302660.5565,257650.0739,212014.5277,163400.1009,252221.0616,162142.1111,218015.5322,162142.1111,144126.3209,180157.9012,247926.2058,247926.2058,358377.7118,223986.0699,358377.7118,313580.4978,358377.7118,273372.9811,403174.9257,313580.4978,268783.2838,313580.4978,268783.2838,223986.0699,358377.7118,292345.04,225841.6048,203803.1957,230553.1698,161447.2682,217075.9711,189807.0762,186417.3833,201508.3471,187473.8982,228332.0316,257636.3147,283257.0464,217124.1285,220006.6943,63996.01996,63996.01996,83556.63842,40495.05728,87873.95839,126579.6094,110757.1582,126579.6094,126579.6094,143242.3584,141159.5148,134035.5859,125337.0636,179052.9481,125337.0636,186982.7767,59006.88289,155684.664,168658.386,161036.0347,156456.8676,240702.8732,179277.5891,198170.6025,198170.6025,122745.2677,139428.3748,167289.4797,154421.0581,193026.3227,143057.0296,131135.6105,119214.1913,123565.2074,153454.3997,117418.467,145104.0711,143385.5671,152339.6185,166861.6789,151746.9874,161695.4966,266776.5374,146491.2295,139283.9025,223735.5951,88827.8404,33456.63233,110757.1582,110757.1582,126358.1976,239104.5522,219179.1728,173077.7772
input_FOM_alt_cost,723823.174,730885.3681,468803.701,493580.0852,365869.0476,485815.9335,131964.9622,204647.5883,197629.663,192537.5127,339132.6721,323663.2317,447186.4742,254861.7247,237009.4096,213664.217,205815.554,250079.6259,174854.8119,286814.616,118701.8839,253749.2538,417612.2891,357383.6992,282677.3172,308175.5843,195690.6261,403548.9333,355136.1985,402936.7685,425081.3839,268778.8656,610363.3078,633287.2406,667947.7729,815433.2374,637859.6461,799449.2417,472098.1303,539861.5321,1218594.065,1094102.163,670356.1582,942944.8683,1068123.606,457584.3762,494027.8319,624002.5587,827274.8015,416001.7058,660219.1245,419053.3139,545240.4272,1054491.341,593852.0338,463795.8346,508470.6723,630471.32,405671.5725,610827.1445,672025.8208,812273.4886,737632.8019,522686.7495,570772.4917,581030.9926,726288.7408,570772.4917,797439.1503,1059365.161,768825.8836,601387.4915,689293.8418,815588.4178,719962.4315,623873.2007,493698.276,730770.739,489897.3762,658713.7452,489897.3762,441991.0272,544330.418,729546.7778,738509.9874,955014.0303,584725.7494,968524.0999,876251.1659,949814.3401,725741.916,1068809.513,842591.6458,751072.4279,876251.1659,751072.4279,625893.6899,970302.8332,791520.2627,672725.5,607078.6065,667991.4406,475074.1615,646614.8755,565387.6766,555290.6317,592957.7508,551660.031,689884.0927,758119.71,843751.7006,646758.3244,655344.7648,175855.8359,178826.7685,229606.8179,120624.6195,261754.4834,382448.5701,334642.4988,382448.5701,353706.7231,421504.4582,415375.4899,381490.4342,373347.6782,533353.826,373347.6782,495687.9948,173633.4453,458117.1426,496293.5712,473864.0673,460389.4261,637938.7812,500962.9029,544556.6299,525214.805,370863.4615,410281.4435,484694.8779,466568.9297,567998.5756,432233.5696,396214.1055,360194.6413,368069.763,436760.0229,354769.0266,420416.1562,427109.6435,460280.0526,497039.0927,422967.7549,504341.2822,765610.356,438111.4991,424831.6493,669921.7683,235421.8855,98449.36816,334642.4988,334642.4988,371821.186,680536.4324,623825.0631,530776.225
output_FOM_cost,0,0,0,0,0,0,0,0,0,0,0,0,0,0,0,0,0,0,0,0,0,0,0,0,0,0,0,0,0,0,0,0,0,0,0,0,0,0,0,0,0,0,0,0,0,0,0,0,0,0,0,0,0,0,0,0,0,0,0,0,0,0,0,0,0,0,0,0,0,0,0,0,0,0,0,0,0,0,0,0,0,0,0,0,0,0,0,0,0,0,0,0,0,0,0,0,0,0,0,0,0,0,0,0,0,0,0,0,0,0,0,0,0,0,0,0,0,0,0,0,0,0,0,0,0,0,0,0,0,0,0,0,0,0,0,0,0,0,0,0,0,0,0,0,0,0,0,0,0,0,0,0,0,0,0,0,0,0,0,0,0,0,0,0,0,0,0
input_VOM_cost,0,0,0,0,0,0,0,0,0,0,0,0,0,0,0,0,0,0,0,0,0,0,0,0,0,0,0,0,0,0,0,0,0,0,0,0,0,0,0,0,0,0,0,0,0,0,0,0,0,0,0,0,0,0,0,0,0,0,0,0,0,0,0,0,0,0,0,0,0,0,0,0,0,0,0,0,0,0,0,0,0,0,0,0,0,0,0,0,0,0,0,0,0,0,0,0,0,0,0,0,0,0,0,0,0,0,0,0,0,0,0,0,0,0,0,0,0,0,0,0,0,0,0,0,0,0,0,0,0,0,0,0,0,0,0,0,0,0,0,0,0,0,0,0,0,0,0,0,0,0,0,0,0,0,0,0,0,0,0,0,0,0,0,0,0,0,0
output_VOM_cost,0,0,0,0,0,0,0,0,0,0,0,0,0,0,0,0,0,0,0,0,0,0,0,0,0,0,0,0,0,0,0,0,0,0,0,0,0,0,0,0,0,0,0,0,0,0,0,0,0,0,0,0,0,0,0,0,0,0,0,0,0,0,0,0,0,0,0,0,0,0,0,0,0,0,0,0,0,0,0,0,0,0,0,0,0,0,0,0,0,0,0,0,0,0,0,0,0,0,0,0,0,0,0,0,0,0,0,0,0,0,0,0,0,0,0,0,0,0,0,0,0,0,0,0,0,0,0,0,0,0,0,0,0,0,0,0,0,0,0,0,0,0,0,0,0,0,0,0,0,0,0,0,0,0,0,0,0,0,0,0,0,0,0,0,0,0,0
input_lifetime,15,15,15,15,15,15,15,15,15,15,15,15,15,15,15,15,15,15,15,15,15,15,15,15,15,15,15,15,15,15,15,15,15,15,15,15,15,15,15,15,15,15,15,15,15,15,15,15,15,15,15,15,15,15,15,15,15,15,15,15,15,15,15,15,15,15,15,15,15,15,15,15,15,15,15,15,15,15,15,15,15,15,15,15,15,15,15,15,15,15,15,15,15,15,15,15,15,15,15,15,15,15,15,15,15,15,15,15,15,15,15,15,15,15,15,15,15,15,15,15,15,15,15,15,15,15,15,15,15,15,15,15,15,15,15,15,15,15,15,15,15,15,15,15,15,15,15,15,15,15,15,15,15,15,15,15,15,15,15,15,15,15,15,15,15,15,15
output_lifetime,15,15,15,15,15,15,15,15,15,15,15,15,15,15,15,15,15,15,15,15,15,15,15,15,15,15,15,15,15,15,15,15,15,15,15,15,15,15,15,15,15,15,15,15,15,15,15,15,15,15,15,15,15,15,15,15,15,15,15,15,15,15,15,15,15,15,15,15,15,15,15,15,15,15,15,15,15,15,15,15,15,15,15,15,15,15,15,15,15,15,15,15,15,15,15,15,15,15,15,15,15,15,15,15,15,15,15,15,15,15,15,15,15,15,15,15,15,15,15,15,15,15,15,15,15,15,15,15,15,15,15,15,15,15,15,15,15,15,15,15,15,15,15,15,15,15,15,15,15,15,15,15,15,15,15,15,15,15,15,15,15,15,15,15,15,15,15
H2stor_lifetime,15,15,15,15,15,15,15,15,15,15,15,15,15,15,15,15,15,15,15,15,15,15,15,15,15,15,15,15,15,15,15,15,15,15,15,15,15,15,15,15,15,15,15,15,15,15,15,15,15,15,15,15,15,15,15,15,15,15,15,15,15,15,15,15,15,15,15,15,15,15,15,15,15,15,15,15,15,15,15,15,15,15,15,15,15,15,15,15,15,15,15,15,15,15,15,15,15,15,15,15,15,15,15,15,15,15,15,15,15,15,15,15,15,15,15,15,15,15,15,15,15,15,15,15,15,15,15,15,15,15,15,15,15,15,15,15,15,15,15,15,15,15,15,15,15,15,15,15,15,15,15,15,15,15,15,15,15,15,15,15,15,15,15,15,15,15,15
H2comp_lifetime,15,15,15,15,15,15,15,15,15,15,15,15,15,15,15,15,15,15,15,15,15,15,15,15,15,15,15,15,15,15,15,15,15,15,15,15,15,15,15,15,15,15,15,15,15,15,15,15,15,15,15,15,15,15,15,15,15,15,15,15,15,15,15,15,15,15,15,15,15,15,15,15,15,15,15,15,15,15,15,15,15,15,15,15,15,15,15,15,15,15,15,15,15,15,15,15,15,15,15,15,15,15,15,15,15,15,15,15,15,15,15,15,15,15,15,15,15,15,15,15,15,15,15,15,15,15,15,15,15,15,15,15,15,15,15,15,15,15,15,15,15,15,15,15,15,15,15,15,15,15,15,15,15,15,15,15,15,15,15,15,15,15,15,15,15,15,15
interest_rate,0.07,0.07,0.07,0.07,0.07,0.07,0.07,0.07,0.07,0.07,0.07,0.07,0.07,0.07,0.07,0.07,0.07,0.07,0.07,0.07,0.07,0.07,0.07,0.07,0.07,0.07,0.07,0.07,0.07,0.07,0.07,0.07,0.07,0.07,0.07,0.07,0.07,0.07,0.07,0.07,0.07,0.07,0.07,0.07,0.07,0.07,0.07,0.07,0.07,0.07,0.07,0.07,0.07,0.07,0.07,0.07,0.07,0.07,0.07,0.07,0.07,0.07,0.07,0.07,0.07,0.07,0.07,0.07,0.07,0.07,0.07,0.07,0.07,0.07,0.07,0.07,0.07,0.07,0.07,0.07,0.07,0.07,0.07,0.07,0.07,0.07,0.07,0.07,0.07,0.07,0.07,0.07,0.07,0.07,0.07,0.07,0.07,0.07,0.07,0.07,0.07,0.07,0.07,0.07,0.07,0.07,0.07,0.07,0.07,0.07,0.07,0.07,0.07,0.07,0.07,0.07,0.07,0.07,0.07,0.07,0.07,0.07,0.07,0.07,0.07,0.07,0.07,0.07,0.07,0.07,0.07,0.07,0.07,0.07,0.07,0.07,0.07,0.07,0.07,0.07,0.07,0.07,0.07,0.07,0.07,0.07,0.07,0.07,0.07,0.07,0.07,0.07,0.07,0.07,0.07,0.07,0.07,0.07,0.07,0.07,0.07,0.07,0.07,0.07,0.07,0.07,0.07
H2stor_interest_rate,0.07,0.07,0.07,0.07,0.07,0.07,0.07,0.07,0.07,0.07,0.07,0.07,0.07,0.07,0.07,0.07,0.07,0.07,0.07,0.07,0.07,0.07,0.07,0.07,0.07,0.07,0.07,0.07,0.07,0.07,0.07,0.07,0.07,0.07,0.07,0.07,0.07,0.07,0.07,0.07,0.07,0.07,0.07,0.07,0.07,0.07,0.07,0.07,0.07,0.07,0.07,0.07,0.07,0.07,0.07,0.07,0.07,0.07,0.07,0.07,0.07,0.07,0.07,0.07,0.07,0.07,0.07,0.07,0.07,0.07,0.07,0.07,0.07,0.07,0.07,0.07,0.07,0.07,0.07,0.07,0.07,0.07,0.07,0.07,0.07,0.07,0.07,0.07,0.07,0.07,0.07,0.07,0.07,0.07,0.07,0.07,0.07,0.07,0.07,0.07,0.07,0.07,0.07,0.07,0.07,0.07,0.07,0.07,0.07,0.07,0.07,0.07,0.07,0.07,0.07,0.07,0.07,0.07,0.07,0.07,0.07,0.07,0.07,0.07,0.07,0.07,0.07,0.07,0.07,0.07,0.07,0.07,0.07,0.07,0.07,0.07,0.07,0.07,0.07,0.07,0.07,0.07,0.07,0.07,0.07,0.07,0.07,0.07,0.07,0.07,0.07,0.07,0.07,0.07,0.07,0.07,0.07,0.07,0.07,0.07,0.07,0.07,0.07,0.07,0.07,0.07,0.07
H2comp_interest_rate,0.07,0.07,0.07,0.07,0.07,0.07,0.07,0.07,0.07,0.07,0.07,0.07,0.07,0.07,0.07,0.07,0.07,0.07,0.07,0.07,0.07,0.07,0.07,0.07,0.07,0.07,0.07,0.07,0.07,0.07,0.07,0.07,0.07,0.07,0.07,0.07,0.07,0.07,0.07,0.07,0.07,0.07,0.07,0.07,0.07,0.07,0.07,0.07,0.07,0.07,0.07,0.07,0.07,0.07,0.07,0.07,0.07,0.07,0.07,0.07,0.07,0.07,0.07,0.07,0.07,0.07,0.07,0.07,0.07,0.07,0.07,0.07,0.07,0.07,0.07,0.07,0.07,0.07,0.07,0.07,0.07,0.07,0.07,0.07,0.07,0.07,0.07,0.07,0.07,0.07,0.07,0.07,0.07,0.07,0.07,0.07,0.07,0.07,0.07,0.07,0.07,0.07,0.07,0.07,0.07,0.07,0.07,0.07,0.07,0.07,0.07,0.07,0.07,0.07,0.07,0.07,0.07,0.07,0.07,0.07,0.07,0.07,0.07,0.07,0.07,0.07,0.07,0.07,0.07,0.07,0.07,0.07,0.07,0.07,0.07,0.07,0.07,0.07,0.07,0.07,0.07,0.07,0.07,0.07,0.07,0.07,0.07,0.07,0.07,0.07,0.07,0.07,0.07,0.07,0.07,0.07,0.07,0.07,0.07,0.07,0.07,0.07,0.07,0.07,0.07,0.07,0.07
H2_use,1,1,1,1,1,1,1,1,1,1,1,1,1,1,1,1,1,1,1,1,1,1,1,1,1,1,1,1,1,1,1,1,1,1,1,1,1,1,1,1,1,1,1,1,1,1,1,1,1,1,1,1,1,1,1,1,1,1,1,1,1,1,1,1,1,1,1,1,1,1,1,1,1,1,1,1,1,1,1,1,1,1,1,1,1,1,1,1,1,1,1,1,1,1,1,1,1,1,1,1,1,1,1,1,1,1,1,1,1,1,1,1,1,1,1,1,1,1,1,1,1,1,1,1,1,1,1,1,1,1,1,1,1,1,1,1,1,1,1,1,1,1,1,1,1,1,1,1,1,1,1,1,1,1,1,1,1,1,1,1,1,1,1,1,1,1,1
H2_price_adj,0,0,0,0,0,0,0,0,0,0,0,0,0,0,0,0,0,0,0,0,0,0,0,0,0,0,0,0,0,0,0,0,0,0,0,0,0,0,0,0,0,0,0,0,0,0,0,0,0,0,0,0,0,0,0,0,0,0,0,0,0,0,0,0,0,0,0,0,0,0,0,0,0,0,0,0,0,0,0,0,0,0,0,0,0,0,0,0,0,0,0,0,0,0,0,0,0,0,0,0,0,0,0,0,0,0,0,0,0,0,0,0,0,0,0,0,0,0,0,0,0,0,0,0,0,0,0,0,0,0,0,0,0,0,0,0,0,0,0,0,0,0,0,0,0,0,0,0,0,0,0,0,0,0,0,0,0,0,0,0,0,0,0,0,0,0,0
H2_consumed_adj,0.271829603,0.314847639,0.17737736,0.190440238,0.138035512,0.175481535,0.069386844,0.109620858,0.101754099,0.09863385,0.179663651,0.170707839,0.233009117,0.135976615,0.124647639,0.114404088,0.11303467,0.129599998,0.089824554,0.148963945,0.062915207,0.130774026,0.273575845,0.197101495,0.145729688,0.15927924,0.101422188,0.208032075,0.18702557,0.213253249,0.218436303,0.139903574,0.232304421,0.259897135,0.268044897,0.337333276,0.255970646,0.325634762,0.189451181,0.209861207,0.49723132,0.424041573,0.245477734,0.345296999,0.391136203,0.180459391,0.195651488,0.318605758,0.364878895,0.199591191,0.274994669,0.174642292,0.206159662,0.400465646,0.22454009,0.199591191,0.192256731,0.249488989,0.19763194,0.243811276,0.248783102,0.321772331,0.276425669,0.19763194,0.221140535,0.221140535,0.276425669,0.216721134,0.36054654,0.450873393,0.279638073,0.222632882,0.256676817,0.304016541,0.270504453,0.233794601,0.187492482,0.269948155,0.186049009,0.245548349,0.186049009,0.165376897,0.206721122,0.273395455,0.273395455,0.359983321,0.235160923,0.366713635,0.329225293,0.366713635,0.287011789,0.41255284,0.329225293,0.282193108,0.320874431,0.275035227,0.235160923,0.421219725,0.315934822,0.254362763,0.22954116,0.254237702,0.181836174,0.244490132,0.213777494,0.209959723,0.226956499,0.206732933,0.277941896,0.278425395,0.312355803,0.244544372,0.242607796,0.094064369,0.094064369,0.117503386,0.062517112,0.135661646,0.199591191,0.174642292,0.199591191,0.199591191,0.216721134,0.217924998,0.206926928,0.19763194,0.276425669,0.19763194,0.254394126,0.093042269,0.235545947,0.255174776,0.243642401,0.236714266,0.353796439,0.268629097,0.278681829,0.283892116,0.193545187,0.219851172,0.250666144,0.243491689,0.292042689,0.225572848,0.20677511,0.187977373,0.19076254,0.236906097,0.188623579,0.224014686,0.221361623,0.240209668,0.184003238,0.183283062,0.184804108,0.282103527,0.162388897,0.158222273,0.248282244,0.085627046,0.036156301,0.124744495,0.124744495,0.13655424,0.263667561,0.241695264,0.203427198
energy_only,1,1,1,1,1,1,1,1,1,1,1,1,1,1,1,1,1,1,1,1,1,1,1,1,1,1,1,1,1,1,1,1,1,1,1,1,1,1,1,1,1,1,1,1,1,1,1,1,1,1,1,1,1,1,1,1,1,1,1,1,1,1,1,1,1,1,1,1,1,1,1,1,1,1,1,1,1,1,1,1,1,1,1,1,1,1,1,1,1,1,1,1,1,1,1,1,1,1,1,1,1,1,1,1,1,1,1,1,1,1,1,1,1,1,1,1,1,1,1,1,1,1,1,1,1,1,1,1,1,1,1,1,1,1,1,1,1,1,1,1,1,1,1,1,1,1,1,1,1,1,1,1,1,1,1,1,1,1,1,1,1,1,1,1,1,1,1
baseload_operation,0,0,0,0,0,0,0,0,0,0,0,0,0,0,0,0,0,0,0,0,0,0,0,0,0,0,0,0,0,0,0,0,0,0,0,0,0,0,0,0,0,0,0,0,0,0,0,0,0,0,0,0,0,0,0,0,0,0,0,0,0,0,0,0,0,0,0,0,0,0,0,0,0,0,0,0,0,0,0,0,0,0,0,0,0,0,0,0,0,0,0,0,0,0,0,0,0,0,0,0,0,0,0,0,0,0,0,0,0,0,0,0,0,0,0,0,0,0,0,0,0,0,0,0,0,0,0,0,0,0,0,0,0,0,0,0,0,0,0,0,0,0,0,0,0,0,0,0,0,0,0,0,0,0,0,0,0,0,0,0,0,0,0,0,0,0,0
active_devices,1,0,1,1,1,1,1,1,1,1,1,1,1,1,1,1,1,1,1,1,1,1,1,1,1,1,1,1,1,1,1,1,1,0,0,0,0,0,1,1,0,0,1,0,0,1,1,0,0,1,0,1,1,0,1,1,1,1,1,1,1,0,0,1,1,1,0,1,0,0,0,1,0,0,0,1,1,0,1,1,1,1,1,0,0,0,1,0,0,0,0,0,0,0,0,0,1,0,0,1,1,1,1,1,1,1,1,1,0,0,0,1,1,1,1,1,1,1,1,1,1,1,1,1,1,1,0,1,1,1,1,1,1,1,0,0,0,0,1,1,1,1,0,1,1,1,1,1,1,1,1,1,1,0,0,0,1,1,0,1,1,1,1,1,0,1,1
