Interval,Wholesale_prices
1,38.27
2,35.57
3,35.57
4,35.57
5,35.57
6,35.90
7,40.05
8,47.88
9,43.09
10,35.90
11,37.17
12,36.07
13,38.27
14,35.90
15,35.57
16,42.23
17,52.44
18,67.46
19,81.00
20,54.30
21,52.44
22,49.08
23,44.59
24,37.35
25,38.27
26,37.31
27,35.90
28,35.90
29,35.90
30,37.31
31,42.39
32,62.91
33,39.36
34,40.07
35,40.05
36,38.27
37,37.35
38,37.35
39,37.35
40,40.60
41,49.16
42,63.27
43,78.29
44,58.44
45,52.51
46,43.02
47,38.27
48,35.78
49,35.07
50,34.76
51,34.76
52,34.76
53,34.76
54,38.27
55,45.96
56,66.83
57,41.52
58,32.45
59,31.23
60,31.23
61,31.23
62,31.23
63,31.23
64,33.78
65,46.26
66,54.75
67,108.90
68,54.75
69,54.75
70,52.44
71,50.43
72,40.85
73,35.64
74,35.07
75,35.07
76,35.07
77,35.07
78,35.90
79,43.02
80,101.14
81,43.02
82,34.11
83,33.31
84,33.31
85,33.31
86,32.82
87,34.76
88,37.31
89,50.44
90,55.14
91,74.65
92,55.14
93,55.14
94,48.19
95,55.14
96,45.05
97,36.89
98,36.89
99,36.89
100,36.89
101,36.89
102,40.05
103,40.60
104,57.25
105,55.90
106,36.89
107,38.27
108,41.89
109,41.89
110,41.89
111,36.89
112,42.97
113,50.91
114,73.61
115,62.68
116,50.91
117,50.91
118,47.23
119,47.77
120,35.78
121,45.98
122,37.31
123,38.34
124,36.89
125,36.89
126,44.29
127,36.89
128,40.05
129,32.66
130,0.00
131,0.00
132,0.00
133,0.00
134,0.00
135,0.00
136,29.02
137,50.28
138,58.41
139,58.41
140,58.41
141,52.73
142,45.98
143,59.18
144,40.07
145,37.31
146,37.31
147,37.31
148,37.31
149,37.31
150,38.34
151,44.79
152,55.88
153,37.35
154,37.31
155,37.31
156,37.31
157,37.31
158,37.31
159,39.61
160,46.23
161,54.65
162,71.68
163,104.19
164,60.31
165,60.31
166,51.94
167,45.24
168,39.40
169,38.27
170,38.27
171,37.35
172,38.27
173,38.27
174,37.35
175,43.18
176,50.42
177,43.37
178,42.00
179,45.05
180,45.05
181,45.05
182,43.98
183,45.05
184,44.52
185,48.19
186,51.94
187,101.89
188,51.94
189,48.17
190,43.02
191,39.34
192,38.27
193,37.35
194,36.27
195,35.57
196,35.57
197,34.89
198,35.72
199,38.27
200,49.95
201,40.07
202,36.39
203,36.89
204,36.89
205,35.90
206,35.90
207,35.90
208,35.90
209,41.52
210,63.94
211,71.95
212,52.44
213,50.53
214,38.97
215,35.90
216,35.90
217,34.76
218,34.76
219,34.76
220,34.76
221,35.57
222,38.34
223,43.02
224,108.47
225,37.85
226,25.59
227,0.00
228,0.00
229,0.00
230,0.00
231,24.81
232,37.31
233,43.02
234,51.94
235,105.19
236,57.14
237,49.69
238,45.05
239,45.05
240,38.27
241,36.89
242,35.57
243,35.57
244,35.57
245,35.57
246,37.35
247,44.54
248,103.12
249,43.37
250,32.61
251,31.92
252,26.15
253,25.12
254,25.12
255,31.92
256,34.93
257,55.82
258,61.73
259,100.99
260,61.73
261,56.69
262,49.08
263,47.96
264,38.27
265,36.89
266,37.31
267,36.89
268,35.90
269,35.90
270,40.07
271,47.56
272,82.70
273,46.76
274,34.76
275,33.53
276,32.11
277,32.11
278,32.11
279,32.11
280,32.11
281,43.02
282,65.48
283,65.48
284,49.20
285,48.05
286,43.45
287,45.05
288,35.07
289,40.05
290,35.07
291,40.05
292,37.31
293,38.34
294,34.76
295,39.82
296,41.73
297,37.66
298,26.24
299,27.64
300,0.00
301,0.00
302,0.00
303,0.00
304,21.27
305,41.52
306,54.08
307,52.88
308,52.22
309,52.22
310,44.05
311,52.44
312,46.54
313,34.76
314,34.76
315,34.76
316,34.76
317,34.76
318,34.76
319,42.97
320,50.85
321,50.85
322,30.27
323,24.04
324,27.07
325,32.53
326,32.53
327,33.15
328,47.44
329,40.82
330,62.59
331,62.59
332,62.59
333,54.83
334,52.51
335,43.51
336,40.82
337,34.76
338,34.76
339,34.76
340,34.76
341,35.57
342,41.73
343,42.72
344,93.47
345,42.80
346,34.76
347,23.41
348,19.08
349,15.85
350,18.99
351,30.18
352,33.37
353,43.49
354,93.47
355,72.87
356,59.29
357,59.29
358,52.44
359,47.68
360,39.58
361,33.53
362,32.36
363,32.37
364,32.37
365,32.37
366,36.89
367,42.02
368,58.35
369,41.40
370,32.45
371,28.51
372,28.51
373,28.51
374,32.37
375,32.66
376,33.17
377,54.83
378,63.30
379,116.89
380,61.03
381,56.92
382,46.26
383,43.51
384,37.53
385,35.64
386,32.66
387,32.66
388,31.43
389,32.22
390,36.89
391,55.93
392,78.94
393,40.42
394,33.23
395,26.95
396,26.00
397,26.24
398,26.95
399,32.22
400,34.08
401,58.44
402,58.44
403,58.44
404,58.44
405,53.84
406,47.96
407,45.05
408,39.58
409,37.20
410,37.50
411,36.89
412,36.89
413,36.89
414,40.05
415,43.39
416,43.37
417,40.23
418,34.52
419,34.52
420,34.52
421,34.52
422,34.52
423,33.67
424,35.14
425,63.85
426,69.55
427,119.80
428,67.69
429,67.69
430,51.94
431,47.96
432,40.07
433,43.71
434,38.47
435,38.47
436,38.47
437,38.47
438,45.05
439,46.18
440,74.27
441,45.05
442,34.38
443,33.37
444,32.66
445,33.35
446,32.66
447,32.57
448,32.57
449,49.20
450,59.37
451,100.04
452,54.09
453,52.44
454,46.97
455,48.44
456,45.05
457,38.27
458,37.35
459,37.35
460,37.35
461,38.27
462,40.07
463,39.97
464,44.84
465,38.79
466,33.53
467,29.13
468,0.00
469,0.00
470,0.00
471,0.00
472,33.00
473,41.66
474,55.53
475,104.46
476,54.66
477,54.66
478,51.98
479,48.95
480,45.05
481,38.34
482,38.27
483,38.27
484,38.27
485,38.27
486,38.27
487,45.05
488,45.95
489,35.41
490,27.41
491,26.62
492,14.21
493,0.00
494,0.00
495,14.21
496,21.14
497,44.37
498,52.50
499,64.53
500,81.41
501,51.98
502,49.86
503,45.18
504,38.27
505,34.70
506,35.78
507,33.45
508,33.45
509,33.45
510,36.89
511,40.16
512,88.20
513,37.35
514,27.74
515,25.00
516,21.39
517,19.01
518,21.39
519,23.39
520,26.47
521,58.38
522,68.11
523,88.02
524,63.84
525,61.50
526,49.55
527,47.72
528,38.47
529,35.78
530,35.72
531,35.72
532,35.72
533,35.78
534,38.47
535,40.21
536,72.58
537,38.34
538,32.15
539,26.90
540,21.29
541,21.29
542,19.81
543,23.39
544,29.28
545,48.68
546,59.90
547,82.12
548,58.44
549,55.35
550,45.14
551,47.88
552,38.47
553,38.33
554,36.89
555,36.89
556,36.89
557,36.89
558,38.81
559,43.45
560,114.85
561,36.89
562,29.63
563,27.25
564,23.14
565,19.67
566,19.67
567,25.41
568,29.63
569,51.94
570,94.96
571,94.96
572,58.44
573,54.27
574,48.17
575,46.23
576,42.72
577,37.35
578,36.84
579,35.57
580,35.57
581,35.57
582,38.27
583,41.52
584,50.74
585,47.26
586,34.76
587,32.53
588,32.57
589,31.10
590,31.97
591,34.76
592,42.72
593,49.16
594,52.51
595,76.82
596,54.66
597,52.51
598,45.05
599,50.99
600,38.89
601,37.35
602,35.78
603,35.64
604,35.64
605,35.64
606,39.77
607,41.35
608,47.66
609,37.35
610,35.64
611,35.64
612,35.64
613,35.64
614,33.53
615,30.93
616,41.24
617,61.57
618,61.57
619,99.17
620,61.57
621,61.57
622,60.80
623,61.57
624,44.18
625,43.17
626,38.27
627,39.98
628,38.27
629,42.97
630,43.17
631,43.17
632,44.88
633,30.86
634,29.72
635,0.00
636,0.00
637,0.00
638,0.00
639,0.00
640,23.45
641,42.97
642,46.26
643,93.76
644,46.26
645,45.45
646,45.45
647,45.45
648,43.17
649,72.58
650,40.05
651,38.27
652,38.27
653,38.27
654,40.05
655,45.95
656,219.07
657,32.24
658,22.82
659,22.28
660,20.23
661,0.00
662,19.24
663,20.23
664,19.24
665,55.01
666,55.01
667,184.89
668,96.11
669,96.11
670,68.32
671,45.82
672,43.39
673,36.74
674,35.64
675,35.57
676,35.57
677,35.57
678,38.27
679,40.07
680,68.80
681,35.78
682,32.11
683,32.11
684,28.71
685,28.94
686,32.11
687,32.11
688,31.97
689,50.38
690,60.68
691,93.20
692,63.94
693,58.89
694,49.22
695,46.23
696,35.78
697,35.26
698,35.26
699,35.26
700,35.57
701,35.78
702,42.70
703,52.73
704,100.47
705,34.76
706,31.89
707,29.94
708,25.47
709,23.14
710,24.74
711,31.89
712,40.98
713,51.94
714,57.58
715,80.16
716,56.86
717,56.86
718,51.30
719,47.96
720,43.21
721,35.90
722,35.07
723,34.70
724,34.70
725,34.70
726,36.89
727,41.65
728,75.65
729,35.64
730,33.73
731,33.73
732,33.73
733,33.73
734,33.73
735,33.73
736,35.23
737,41.65
738,51.94
739,72.11
740,57.78
741,51.70
742,43.37
743,43.07
744,35.90
745,36.71
746,34.90
747,33.86
748,34.90
749,35.41
750,37.18
751,39.22
752,44.73
753,35.25
754,25.25
755,0.00
756,0.00
757,0.00
758,0.00
759,0.00
760,30.19
761,42.03
762,47.47
763,77.82
764,47.69
765,47.69
766,42.88
767,41.83
768,38.09
769,34.90
770,32.46
771,33.15
772,33.08
773,32.46
774,32.46
775,36.71
776,58.50
777,33.86
778,27.45
779,0.04
780,0.00
781,0.00
782,0.00
783,27.45
784,43.40
785,43.40
786,67.87
787,91.56
788,67.87
789,63.66
790,45.21
791,67.87
792,38.09
793,38.09
794,40.90
795,40.90
796,40.90
797,40.90
798,40.90
799,38.89
800,40.60
801,33.52
802,0.00
803,0.00
804,0.00
805,0.00
806,0.00
807,0.00
808,21.89
809,36.10
810,52.63
811,102.96
812,52.63
813,52.23
814,43.71
815,43.88
816,38.09
817,41.83
818,41.83
819,41.83
820,41.83
821,41.83
822,41.83
823,41.83
824,48.13
825,35.01
826,0.00
827,0.00
828,0.00
829,0.00
830,0.00
831,0.00
832,0.00
833,37.14
834,59.76
835,78.02
836,65.47
837,65.47
838,56.31
839,44.85
840,40.80
841,34.90
842,34.90
843,34.90
844,34.90
845,35.02
846,38.09
847,41.89
848,86.96
849,35.02
850,32.32
851,26.53
852,0.00
853,0.00
854,0.00
855,22.36
856,27.94
857,46.44
858,56.31
859,63.67
860,56.31
861,53.24
862,44.35
863,44.35
864,38.09
865,35.60
866,35.41
867,35.41
868,35.41
869,35.41
870,38.09
871,41.79
872,84.59
873,35.64
874,32.02
875,26.53
876,24.35
877,0.00
878,0.00
879,15.08
880,24.35
881,35.41
882,53.20
883,89.58
884,57.47
885,52.23
886,43.88
887,39.87
888,35.72
889,35.07
890,34.54
891,34.54
892,34.54
893,34.54
894,35.60
895,41.47
896,93.18
897,33.86
898,25.25
899,23.77
900,22.36
901,0.00
902,22.36
903,22.36
904,29.46
905,37.91
906,46.69
907,54.11
908,51.73
909,46.69
910,43.88
911,38.53
912,38.09
913,35.02
914,35.02
915,34.90
916,34.90
917,34.90
918,35.74
919,46.36
920,81.89
921,34.54
922,18.88
923,0.00
924,0.00
925,0.00
926,0.00
927,17.48
928,27.45
929,41.42
930,52.23
931,63.59
932,55.14
933,52.23
934,43.84
935,44.85
936,39.00
937,37.14
938,36.71
939,36.71
940,36.71
941,36.71
942,37.22
943,43.88
944,72.52
945,34.83
946,23.56
947,0.00
948,0.00
949,0.00
950,0.00
951,0.00
952,23.26
953,47.85
954,56.44
955,78.83
956,56.44
957,56.07
958,47.01
959,47.01
960,39.86
961,38.15
962,38.09
963,38.09
964,38.09
965,38.09
966,38.15
967,39.94
968,43.88
969,34.20
970,34.20
971,29.69
972,24.47
973,24.24
974,24.24
975,24.24
976,24.32
977,38.09
978,52.23
979,98.83
980,52.23
981,52.23
982,52.23
983,47.72
984,38.09
985,35.54
986,35.54
987,35.54
988,35.54
989,35.60
990,35.60
991,41.90
992,43.40
993,37.41
994,33.12
995,29.19
996,27.22
997,27.22
998,26.43
999,25.60
1000,35.67
1001,40.86
1002,45.38
1003,64.43
1004,52.94
1005,45.38
1006,43.84
1007,39.30
1008,35.60
1009,33.12
1010,33.04
1011,32.81
1012,33.12
1013,33.12
1014,35.60
1015,40.34
1016,51.31
1017,35.97
1018,34.50
1019,32.81
1020,30.26
1021,28.98
1022,30.26
1023,30.26
1024,32.81
1025,38.52
1026,46.94
1027,105.28
1028,51.74
1029,64.65
1030,45.21
1031,51.74
1032,43.84
1033,37.55
1034,34.90
1035,34.90
1036,34.90
1037,35.60
1038,37.18
1039,43.40
1040,85.03
1041,35.60
1042,32.81
1043,32.81
1044,32.81
1045,32.81
1046,32.81
1047,32.81
1048,35.60
1049,43.20
1050,52.40
1051,78.83
1052,66.74
1053,52.23
1054,52.23
1055,47.45
1056,38.09
1057,35.41
1058,35.02
1059,34.90
1060,34.90
1061,34.90
1062,35.60
1063,43.53
1064,81.49
1065,35.60
1066,32.64
1067,32.64
1068,32.49
1069,29.23
1070,29.83
1071,32.64
1072,32.64
1073,37.18
1074,51.73
1075,63.92
1076,56.12
1077,56.12
1078,44.98
1079,43.09
1080,38.76
1081,36.71
1082,36.55
1083,36.55
1084,36.55
1085,36.71
1086,39.86
1087,43.88
1088,92.62
1089,39.25
1090,35.60
1091,35.60
1092,35.60
1093,35.60
1094,35.41
1095,36.71
1096,39.88
1097,57.34
1098,57.34
1099,57.34
1100,57.34
1101,57.34
1102,49.53
1103,47.77
1104,39.88
1105,46.36
1106,38.62
1107,38.62
1108,38.62
1109,38.62
1110,39.86
1111,43.71
1112,56.24
1113,38.62
1114,39.86
1115,38.76
1116,38.76
1117,38.76
1118,38.61
1119,38.15
1120,39.63
1121,49.11
1122,54.52
1123,70.21
1124,53.13
1125,52.27
1126,47.77
1127,47.77
1128,44.85
1129,47.96
1130,43.40
1131,38.88
1132,38.88
1133,39.87
1134,43.88
1135,38.75
1136,44.89
1137,33.04
1138,32.32
1139,32.32
1140,32.32
1141,30.34
1142,32.32
1143,32.32
1144,32.56
1145,37.18
1146,52.23
1147,52.23
1148,52.23
1149,52.23
1150,44.85
1151,52.23
1152,43.50
1153,37.49
1154,35.60
1155,35.60
1156,35.60
1157,35.60
1158,39.86
1159,42.74
1160,43.40
1161,37.60
1162,25.04
1163,22.44
1164,18.19
1165,12.91
1166,20.14
1167,22.74
1168,27.45
1169,55.18
1170,55.39
1171,91.51
1172,61.37
1173,55.39
1174,55.39
1175,46.14
1176,43.69
1177,39.86
1178,39.86
1179,39.86
1180,39.35
1181,39.35
1182,43.87
1183,43.82
1184,52.17
1185,43.69
1186,43.77
1187,38.76
1188,38.76
1189,39.87
1190,39.87
1191,41.83
1192,37.81
1193,52.55
1194,53.56
1195,108.99
1196,65.30
1197,55.05
1198,49.34
1199,43.88
1200,38.61
1201,39.86
1202,39.86
1203,38.76
1204,38.76
1205,38.76
1206,43.88
1207,46.53
1208,84.38
1209,39.87
1210,36.71
1211,38.15
1212,36.71
1213,36.71
1214,36.71
1215,39.87
1216,45.14
1217,51.73
1218,52.23
1219,77.45
1220,52.23
1221,52.14
1222,44.85
1223,43.88
1224,38.76
1225,37.12
1226,37.12
1227,37.12
1228,39.86
1229,39.88
1230,44.56
1231,44.83
1232,96.65
1233,38.90
1234,32.02
1235,32.02
1236,27.45
1237,22.60
1238,32.02
1239,32.02
1240,32.02
1241,54.17
1242,52.23
1243,78.83
1244,78.83
1245,58.84
1246,52.23
1247,52.23
1248,45.28
1249,39.87
1250,37.12
1251,37.18
1252,37.12
1253,38.76
1254,41.83
1255,44.12
1256,82.86
1257,37.18
1258,35.31
1259,35.36
1260,35.36
1261,35.36
1262,35.36
1263,35.36
1264,41.09
1265,47.53
1266,46.69
1267,75.68
1268,51.73
1269,60.49
1270,46.89
1271,45.73
1272,40.96
1273,37.18
1274,35.54
1275,35.46
1276,35.46
1277,35.46
1278,37.18
1279,38.66
1280,61.87
1281,35.54
1282,35.60
1283,35.46
1284,35.46
1285,35.46
1286,35.46
1287,35.46
1288,34.64
1289,35.46
1290,44.13
1291,66.70
1292,52.23
1293,44.13
1294,42.85
1295,42.52
1296,35.72
1297,35.41
1298,34.90
1299,35.15
1300,34.90
1301,35.15
1302,35.41
1303,34.90
1304,35.15
1305,24.95
1306,24.95
1307,27.40
1308,24.95
1309,24.95
1310,24.95
1311,30.58
1312,32.81
1313,43.40
1314,44.85
1315,65.66
1316,55.26
1317,55.26
1318,44.85
1319,43.40
1320,37.18
1321,33.21
1322,33.52
1323,33.86
1324,33.21
1325,33.27
1326,35.93
1327,39.87
1328,44.82
1329,9.79
1330,0.00
1331,0.00
1332,0.00
1333,0.00
1334,0.00
1335,21.04
1336,31.85
1337,43.40
1338,51.74
1339,73.12
1340,51.74
1341,51.74
1342,51.74
1343,43.40
1344,37.18
1345,34.91
1346,34.91
1347,34.81
1348,34.21
1349,34.21
1350,35.41
1351,39.86
1352,47.01
1353,36.12
1354,34.91
1355,34.91
1356,34.91
1357,34.91
1358,34.91
1359,34.91
1360,34.91
1361,43.88
1362,49.11
1363,89.94
1364,54.20
1365,49.53
1366,44.85
1367,43.82
1368,38.09
1369,35.41
1370,35.46
1371,35.41
1372,35.41
1373,36.71
1374,37.14
1375,43.40
1376,75.11
1377,35.69
1378,34.71
1379,33.16
1380,31.73
1381,27.45
1382,34.54
1383,34.71
1384,34.71
1385,38.09
1386,52.60
1387,64.02
1388,61.64
1389,53.56
1390,49.53
1391,43.82
1392,39.86
1393,35.60
1394,35.60
1395,35.60
1396,35.60
1397,35.60
1398,39.87
1399,43.69
1400,67.34
1401,37.49
1402,34.99
1403,31.80
1404,26.80
1405,26.06
1406,33.12
1407,34.99
1408,32.66
1409,41.83
1410,51.73
1411,63.99
1412,51.73
1413,51.73
1414,45.13
1415,44.85
1416,39.52
1417,35.41
1418,35.41
1419,35.41
1420,35.41
1421,35.41
1422,39.33
1423,47.39
1424,73.12
1425,34.42
1426,27.37
1427,22.68
1428,0.00
1429,11.30
1430,27.27
1431,27.37
1432,31.10
1433,45.37
1434,55.87
1435,76.09
1436,55.87
1437,55.87
1438,50.92
1439,46.54
1440,40.71
1441,34.08
1442,34.06
1443,33.14
1444,33.25
1445,33.14
1446,34.61
1447,40.04
1448,45.21
1449,29.45
1450,23.18
1451,22.21
1452,22.21
1453,0.00
1454,22.21
1455,22.21
1456,27.96
1457,40.71
1458,51.86
1459,65.78
1460,60.26
1461,48.87
1462,43.79
1463,40.71
1464,38.89
1465,34.61
1466,34.06
1467,34.61
1468,34.88
1469,34.61
1470,34.61
1471,36.84
1472,39.07
1473,29.13
1474,0.00
1475,0.00
1476,0.00
1477,0.00
1478,0.00
1479,0.00
1480,25.49
1481,42.34
1482,54.29
1483,86.99
1484,54.29
1485,54.29
1486,52.40
1487,46.69
1488,38.91
1489,34.75
1490,34.31
1491,34.31
1492,34.31
1493,34.31
1494,35.00
1495,40.17
1496,46.67
1497,30.21
1498,26.03
1499,14.46
1500,15.27
1501,20.04
1502,22.70
1503,22.49
1504,25.49
1505,42.34
1506,46.78
1507,62.25
1508,62.25
1509,56.68
1510,46.78
1511,42.54
1512,34.86
1513,33.21
1514,32.68
1515,32.66
1516,32.66
1517,32.66
1518,32.69
1519,39.21
1520,73.77
1521,23.50
1522,0.00
1523,0.00
1524,0.00
1525,0.00
1526,0.00
1527,0.00
1528,26.54
1529,32.69
1530,49.84
1531,72.30
1532,82.12
1533,55.81
1534,50.67
1535,42.86
1536,36.33
1537,34.75
1538,34.75
1539,34.75
1540,34.75
1541,34.86
1542,34.86
1543,51.15
1544,88.34
1545,26.60
1546,3.42
1547,0.00
1548,0.00
1549,0.00
1550,0.00
1551,0.00
1552,22.54
1553,34.75
1554,62.28
1555,112.87
1556,77.84
1557,62.50
1558,47.27
1559,38.91
1560,37.20
1561,34.06
1562,33.57
1563,34.06
1564,34.06
1565,34.60
1566,36.33
1567,44.80
1568,61.77
1569,32.49
1570,2.31
1571,0.00
1572,0.00
1573,0.00
1574,0.00
1575,0.00
1576,29.03
1577,35.37
1578,54.15
1579,75.31
1580,92.68
1581,57.41
1582,51.74
1583,44.96
1584,38.82
1585,34.69
1586,35.81
1587,34.06
1588,34.60
1589,33.78
1590,34.75
1591,42.65
1592,95.53
1593,33.78
1594,24.58
1595,0.38
1596,0.00
1597,0.00
1598,0.00
1599,0.82
1600,26.51
1601,36.55
1602,60.48
1603,76.89
1604,96.84
1605,60.48
1606,51.15
1607,45.44
1608,39.72
1609,35.81
1610,34.75
1611,34.75
1612,34.60
1613,34.60
1614,35.81
1615,38.91
1616,74.78
1617,34.75
1618,28.49
1619,26.54
1620,26.54
1621,26.54
1622,26.54
1623,28.49
1624,34.75
1625,39.48
1626,51.14
1627,60.03
1628,88.59
1629,54.53
1630,51.07
1631,45.43
1632,36.29
1633,36.95
1634,37.16
1635,37.16
1636,36.95
1637,36.95
1638,36.74
1639,37.58
1640,37.58
1641,27.20
1642,29.50
1643,0.00
1644,0.00
1645,0.00
1646,0.00
1647,0.00
1648,1.24
1649,32.74
1650,46.41
1651,51.15
1652,97.50
1653,52.61
1654,51.15
1655,43.82
1656,38.47
1657,35.81
1658,35.81
1659,35.81
1660,35.81
1661,35.81
1662,35.81
1663,40.71
1664,49.02
1665,13.65
1666,0.00
1667,0.00
1668,0.00
1669,0.00
1670,0.00
1671,0.00
1672,0.00
1673,29.12
1674,52.92
1675,72.54
1676,57.04
1677,57.04
1678,47.35
1679,41.89
1680,37.24
1681,34.08
1682,34.08
1683,34.24
1684,34.24
1685,34.08
1686,34.75
1687,43.08
1688,56.94
1689,24.47
1690,0.00
1691,0.00
1692,0.00
1693,0.00
1694,0.00
1695,0.00
1696,24.09
1697,34.42
1698,53.19
1699,61.99
1700,129.44
1701,61.99
1702,55.83
1703,49.02
1704,42.65
1705,36.93
1706,34.92
1707,34.87
1708,34.87
1709,34.87
1710,35.81
1711,43.82
1712,62.00
1713,34.37
1714,26.38
1715,24.41
1716,5.13
1717,0.00
1718,0.00
1719,24.41
1720,26.37
1721,34.28
1722,47.67
1723,57.41
1724,94.92
1725,54.17
1726,49.28
1727,41.05
1728,34.75
1729,35.81
1730,35.81
1731,35.81
1732,35.81
1733,35.81
1734,37.24
1735,44.96
1736,57.40
1737,26.54
1738,0.00
1739,0.00
1740,0.00
1741,0.00
1742,0.00
1743,0.00
1744,24.28
1745,35.72
1746,60.78
1747,80.49
1748,1510.28
1749,76.89
1750,60.78
1751,71.18
1752,38.82
1753,34.75
1754,34.75
1755,34.75
1756,34.75
1757,34.75
1758,35.72
1759,48.67
1760,67.21
1761,6.80
1762,0.00
1763,0.00
1764,0.00
1765,0.00
1766,0.00
1767,0.00
1768,0.00
1769,32.80
1770,52.65
1771,54.01
1772,91.06
1773,55.11
1774,50.67
1775,42.84
1776,35.81
1777,32.20
1778,30.14
1779,29.26
1780,29.02
1781,28.03
1782,33.75
1783,38.50
1784,45.48
1785,0.00
1786,0.00
1787,0.00
1788,0.00
1789,0.00
1790,0.00
1791,0.00
1792,0.00
1793,30.51
1794,57.22
1795,78.62
1796,108.11
1797,78.62
1798,71.05
1799,52.29
1800,38.89
1801,34.86
1802,34.60
1803,33.02
1804,33.75
1805,34.06
1806,34.06
1807,34.60
1808,37.06
1809,22.56
1810,0.00
1811,0.00
1812,0.00
1813,0.00
1814,0.00
1815,0.00
1816,0.00
1817,31.93
1818,40.62
1819,44.68
1820,75.41
1821,49.49
1822,42.00
1823,43.82
1824,34.06
1825,31.28
1826,31.28
1827,31.93
1828,31.93
1829,31.79
1830,32.20
1831,34.60
1832,36.77
1833,23.44
1834,0.00
1835,0.00
1836,0.00
1837,0.00
1838,0.00
1839,0.00
1840,21.45
1841,31.89
1842,47.27
1843,54.77
1844,554.39
1845,54.77
1846,42.64
1847,37.95
1848,33.66
1849,30.56
1850,30.59
1851,31.12
1852,29.82
1853,31.12
1854,33.83
1855,36.54
1856,40.99
1857,23.25
1858,0.00
1859,0.00
1860,0.00
1861,0.00
1862,0.00
1863,0.00
1864,0.00
1865,30.11
1866,41.93
1867,49.49
1868,108.81
1869,53.61
1870,43.82
1871,42.09
1872,37.20
1873,32.39
1874,32.17
1875,31.61
1876,31.61
1877,31.81
1878,32.39
1879,39.16
1880,57.48
1881,0.00
1882,0.00
1883,0.00
1884,0.00
1885,0.00
1886,0.00
1887,0.00
1888,0.88
1889,31.28
1890,59.25
1891,60.85
1892,116.61
1893,60.85
1894,55.14
1895,46.43
1896,36.22
1897,34.60
1898,34.42
1899,34.06
1900,34.06
1901,34.06
1902,34.60
1903,43.73
1904,49.40
1905,14.21
1906,0.00
1907,0.00
1908,0.00
1909,0.00
1910,0.00
1911,0.00
1912,21.32
1913,40.71
1914,50.26
1915,54.27
1916,87.53
1917,51.15
1918,41.86
1919,41.86
1920,30.44
1921,31.61
1922,30.22
1923,26.75
1924,26.50
1925,26.50
1926,29.69
1927,35.24
1928,33.08
1929,22.83
1930,2.08
1931,0.00
1932,0.00
1933,16.96
1934,21.65
1935,26.57
1936,31.28
1937,34.64
1938,46.04
1939,53.12
1940,104.71
1941,51.70
1942,43.82
1943,38.36
1944,34.86
1945,32.68
1946,32.68
1947,33.12
1948,34.45
1949,32.68
1950,34.69
1951,40.37
1952,48.65
1953,32.69
1954,34.74
1955,32.69
1956,29.84
1957,32.49
1958,27.19
1959,29.84
1960,29.62
1961,34.35
1962,39.23
1963,48.24
1964,97.30
1965,43.82
1966,41.82
1967,36.33
1968,33.93
1969,33.46
1970,36.41
1971,33.75
1972,32.72
1973,32.99
1974,33.93
1975,34.41
1976,0.00
1977,0.00
1978,0.00
1979,0.00
1980,0.00
1981,0.00
1982,0.00
1983,0.00
1984,0.00
1985,24.68
1986,38.89
1987,49.07
1988,70.92
1989,49.07
1990,42.72
1991,42.72
1992,38.91
1993,32.66
1994,32.44
1995,31.26
1996,29.94
1997,28.93
1998,29.37
1999,29.37
2000,0.00
2001,0.00
2002,0.00
2003,0.00
2004,0.00
2005,0.00
2006,0.00
2007,0.00
2008,0.00
2009,0.00
2010,37.78
2011,62.10
2012,62.10
2013,62.10
2014,62.10
2015,38.91
2016,35.95
2017,31.61
2018,29.97
2019,29.97
2020,30.02
2021,31.61
2022,32.20
2023,40.71
2024,35.98
2025,0.00
2026,0.00
2027,0.00
2028,0.00
2029,0.00
2030,0.00
2031,0.00
2032,23.50
2033,34.77
2034,45.81
2035,52.81
2036,90.09
2037,90.09
2038,49.18
2039,43.82
2040,39.32
2041,34.75
2042,34.61
2043,34.61
2044,34.61
2045,34.61
2046,34.12
2047,42.34
2048,42.34
2049,36.06
2050,0.00
2051,0.00
2052,0.00
2053,0.00
2054,0.00
2055,0.00
2056,14.21
2057,34.86
2058,54.77
2059,60.10
2060,114.42
2061,54.77
2062,54.77
2063,52.98
2064,34.61
2065,33.75
2066,33.75
2067,33.75
2068,34.61
2069,33.90
2070,35.63
2071,42.34
2072,32.13
2073,0.00
2074,0.00
2075,0.00
2076,0.00
2077,0.00
2078,0.00
2079,0.00
2080,25.25
2081,28.19
2082,43.07
2083,50.55
2084,111.40
2085,52.31
2086,44.38
2087,43.14
2088,36.33
2089,33.46
2090,32.70
2091,32.66
2092,32.66
2093,32.56
2094,32.97
2095,39.37
2096,36.41
2097,25.92
2098,24.79
2099,0.00
2100,0.00
2101,0.00
2102,0.00
2103,0.00
2104,22.72
2105,33.46
2106,43.82
2107,48.10
2108,113.96
2109,50.57
2110,42.76
2111,43.82
2112,37.20
2113,32.86
2114,32.63
2115,32.63
2116,32.63
2117,32.63
2118,33.08
2119,41.42
2120,26.54
2121,0.00
2122,0.00
2123,0.00
2124,0.00
2125,0.00
2126,0.00
2127,0.00
2128,0.00
2129,26.42
2130,40.12
2131,49.29
2132,111.13
2133,51.15
2134,41.27
2135,39.73
2136,34.60
2137,34.75
2138,34.75
2139,34.75
2140,34.89
2141,36.29
2142,37.20
2143,42.97
2144,24.79
2145,0.00
2146,0.00
2147,0.00
2148,0.00
2149,0.00
2150,0.00
2151,0.00
2152,0.00
2153,23.45
2154,44.19
2155,55.47
2156,66.75
2157,55.47
2158,53.08
2159,53.45
2160,43.13
2161,37.20
2162,31.61
2163,32.55
2164,32.55
2165,32.55
2166,32.55
2167,32.55
2168,20.64
2169,0.00
2170,0.00
2171,0.00
2172,0.00
2173,0.00
2174,0.00
2175,0.00
2176,0.00
2177,22.60
2178,40.77
2179,45.73
2180,74.73
2181,62.39
2182,45.73
2183,38.40
2184,32.56
2185,28.84
2186,28.61
2187,28.61
2188,28.58
2189,28.64
2190,29.94
2191,31.97
2192,31.38
2193,22.01
2194,0.00
2195,0.00
2196,0.00
2197,0.00
2198,0.00
2199,0.00
2200,0.00
2201,20.89
2202,37.49
2203,39.22
2204,51.60
2205,106.67
2206,51.02
2207,45.31
2208,37.49
2209,31.85
2210,29.94
2211,29.78
2212,29.55
2213,29.78
2214,30.85
2215,38.74
2216,27.15
2217,0.00
2218,0.00
2219,0.00
2220,0.00
2221,0.00
2222,0.00
2223,0.00
2224,0.00
2225,32.67
2226,48.48
2227,48.32
2228,60.33
2229,60.33
2230,48.48
2231,42.77
2232,34.86
2233,28.64
2234,28.32
2235,28.30
2236,28.31
2237,28.33
2238,29.78
2239,37.54
2240,26.83
2241,0.00
2242,0.00
2243,0.00
2244,0.00
2245,0.00
2246,0.00
2247,0.00
2248,0.38
2249,29.02
2250,47.40
2251,47.40
2252,77.72
2253,77.72
2254,47.40
2255,41.69
2256,36.10
2257,30.48
2258,30.48
2259,30.48
2260,30.48
2261,30.48
2262,31.09
2263,58.59
2264,14.21
2265,0.00
2266,0.00
2267,0.00
2268,0.00
2269,0.00
2270,0.00
2271,0.00
2272,0.00
2273,19.61
2274,42.23
2275,49.25
2276,71.04
2277,71.04
2278,49.25
2279,43.54
2280,37.61
2281,34.86
2282,32.58
2283,28.64
2284,28.64
2285,29.04
2286,33.38
2287,42.23
2288,25.05
2289,0.00
2290,0.00
2291,0.00
2292,0.00
2293,0.00
2294,0.00
2295,0.00
2296,0.00
2297,26.83
2298,47.47
2299,47.47
2300,60.72
2301,79.56
2302,53.01
2303,53.01
2304,44.16
2305,34.89
2306,34.86
2307,32.58
2308,32.61
2309,34.86
2310,35.05
2311,33.93
2312,21.35
2313,0.00
2314,0.00
2315,0.00
2316,0.00
2317,0.00
2318,0.00
2319,0.00
2320,0.00
2321,26.86
2322,41.16
2323,44.16
2324,84.41
2325,52.72
2326,51.50
2327,45.79
2328,36.10
2329,32.86
2330,31.66
2331,31.66
2332,31.66
2333,31.66
2334,35.27
2335,31.66
2336,21.70
2337,0.00
2338,0.00
2339,0.00
2340,0.00
2341,0.00
2342,0.00
2343,0.00
2344,0.00
2345,26.51
2346,47.70
2347,47.70
2348,51.71
2349,88.25
2350,51.60
2351,40.63
2352,31.66
2353,29.94
2354,31.01
2355,29.94
2356,29.94
2357,30.85
2358,31.01
2359,37.20
2360,24.06
2361,0.00
2362,0.00
2363,0.00
2364,0.00
2365,0.00
2366,0.00
2367,0.00
2368,0.00
2369,26.50
2370,48.45
2371,48.45
2372,54.66
2373,92.35
2374,48.45
2375,48.45
2376,37.49
2377,34.86
2378,31.01
2379,31.01
2380,30.09
2381,29.78
2382,34.86
2383,45.16
2384,25.42
2385,0.00
2386,0.00
2387,0.00
2388,0.00
2389,0.00
2390,0.00
2391,0.00
2392,0.00
2393,30.48
2394,58.45
2395,51.02
2396,58.45
2397,101.45
2398,58.45
2399,49.67
2400,36.60
2401,34.89
2402,32.03
2403,32.03
2404,32.03
2405,32.03
2406,36.10
2407,48.91
2408,26.83
2409,0.00
2410,0.00
2411,0.00
2412,0.00
2413,0.00
2414,0.00
2415,0.00
2416,14.21
2417,33.70
2418,43.94
2419,43.94
2420,43.94
2421,91.08
2422,43.94
2423,42.57
2424,36.60
2425,36.57
2426,36.10
2427,34.33
2428,34.33
2429,34.86
2430,36.10
2431,46.34
2432,29.01
2433,0.00
2434,0.00
2435,0.00
2436,0.00
2437,0.00
2438,0.00
2439,0.00
2440,0.00
2441,32.78
2442,43.37
2443,42.42
2444,52.51
2445,67.62
2446,39.91
2447,36.71
2448,31.04
2449,35.05
2450,31.04
2451,29.94
2452,29.78
2453,29.20
2454,31.31
2455,39.89
2456,0.00
2457,0.00
2458,0.00
2459,0.00
2460,0.00
2461,0.00
2462,0.00
2463,0.00
2464,0.00
2465,4.44
2466,39.22
2467,39.21
2468,47.88
2469,71.04
2470,47.88
2471,51.48
2472,42.88
2473,40.43
2474,37.49
2475,34.72
2476,34.72
2477,34.86
2478,40.43
2479,34.72
2480,0.00
2481,0.00
2482,0.00
2483,0.00
2484,0.00
2485,0.00
2486,0.00
2487,0.00
2488,0.00
2489,0.00
2490,39.22
2491,40.43
2492,40.94
2493,71.04
2494,41.69
2495,41.76
2496,39.21
2497,32.83
2498,32.83
2499,32.83
2500,32.83
2501,32.83
2502,32.83
2503,32.83
2504,0.00
2505,0.00
2506,0.00
2507,0.00
2508,0.00
2509,0.00
2510,0.00
2511,0.00
2512,0.00
2513,0.00
2514,38.19
2515,54.66
2516,55.98
2517,104.06
2518,75.94
2519,45.79
2520,36.60
2521,30.73
2522,30.61
2523,30.85
2524,30.89
2525,31.31
2526,33.78
2527,48.95
2528,32.61
2529,0.00
2530,0.00
2531,0.00
2532,0.00
2533,0.00
2534,0.00
2535,0.00
2536,0.00
2537,26.24
2538,49.44
2539,51.02
2540,54.32
2541,93.28
2542,54.32
2543,45.96
2544,36.84
2545,31.49
2546,31.49
2547,31.49
2548,31.31
2549,31.31
2550,34.86
2551,48.05
2552,34.63
2553,0.00
2554,0.00
2555,0.00
2556,0.00
2557,0.00
2558,0.00
2559,0.00
2560,0.00
2561,28.45
2562,41.76
2563,51.50
2564,52.38
2565,117.45
2566,57.84
2567,44.16
2568,36.60
2569,34.01
2570,35.02
2571,32.98
2572,32.98
2573,30.97
2574,35.02
2575,41.78
2576,34.57
2577,23.68
2578,0.00
2579,0.00
2580,0.00
2581,0.00
2582,0.00
2583,0.00
2584,0.00
2585,28.84
2586,46.58
2587,51.39
2588,51.39
2589,100.27
2590,51.39
2591,45.68
2592,35.02
2593,31.10
2594,31.10
2595,31.04
2596,31.04
2597,31.04
2598,37.29
2599,47.70
2600,27.58
2601,0.00
2602,0.00
2603,0.00
2604,0.00
2605,0.00
2606,0.00
2607,0.00
2608,22.65
2609,32.61
2610,57.81
2611,51.50
2612,57.81
2613,104.94
2614,57.81
2615,51.50
2616,45.79
2617,35.41
2618,32.92
2619,32.92
2620,32.79
2621,32.76
2622,34.87
2623,42.31
2624,26.36
2625,0.00
2626,0.00
2627,0.00
2628,0.00
2629,0.00
2630,0.00
2631,0.00
2632,0.00
2633,31.37
2634,41.47
2635,40.64
2636,46.01
2637,110.80
2638,45.34
2639,40.71
2640,36.10
2641,37.49
2642,37.49
2643,36.60
2644,36.60
2645,37.05
2646,37.49
2647,34.87
2648,0.00
2649,0.00
2650,0.00
2651,0.00
2652,0.00
2653,0.00
2654,0.00
2655,0.00
2656,0.00
2657,22.39
2658,46.49
2659,43.39
2660,55.30
2661,60.44
2662,55.30
2663,55.30
2664,37.74
2665,31.31
2666,31.10
2667,31.10
2668,31.10
2669,31.10
2670,31.21
2671,31.31
2672,21.14
2673,0.00
2674,0.00
2675,0.00
2676,0.00
2677,0.00
2678,0.00
2679,0.00
2680,14.21
2681,26.89
2682,41.22
2683,39.22
2684,41.22
2685,83.69
2686,41.22
2687,39.22
2688,31.72
2689,32.06
2690,31.82
2691,33.24
2692,31.37
2693,30.92
2694,34.71
2695,37.96
2696,24.99
2697,0.00
2698,0.00
2699,0.00
2700,0.00
2701,0.00
2702,0.00
2703,0.00
2704,21.86
2705,31.82
2706,45.10
2707,45.05
2708,51.50
2709,105.95
2710,44.16
2711,40.63
2712,31.43
2713,31.52
2714,31.52
2715,33.13
2716,31.52
2717,31.52
2718,33.94
2719,44.54
2720,31.92
2721,0.89
2722,0.00
2723,0.00
2724,0.00
2725,0.00
2726,0.00
2727,0.00
2728,25.46
2729,34.90
2730,39.22
2731,40.77
2732,53.33
2733,62.65
2734,52.81
2735,50.94
2736,34.86
2737,29.52
2738,29.52
2739,29.52
2740,30.14
2741,30.01
2742,35.44
2743,39.50
2744,26.83
2745,0.00
2746,0.00
2747,0.00
2748,0.00
2749,0.00
2750,0.00
2751,0.00
2752,0.00
2753,31.31
2754,45.78
2755,51.84
2756,51.84
2757,104.43
2758,51.84
2759,45.05
2760,36.60
2761,35.02
2762,34.01
2763,30.85
2764,30.85
2765,34.33
2766,34.33
2767,46.34
2768,26.83
2769,0.00
2770,0.00
2771,0.00
2772,0.00
2773,0.00
2774,0.00
2775,0.00
2776,6.81
2777,30.85
2778,58.53
2779,58.53
2780,58.53
2781,120.19
2782,58.53
2783,52.82
2784,37.49
2785,34.86
2786,34.33
2787,32.85
2788,32.85
2789,32.85
2790,34.86
2791,38.68
2792,34.86
2793,30.00
2794,28.60
2795,28.60
2796,28.60
2797,28.60
2798,32.85
2799,32.85
2800,32.85
2801,38.56
2802,47.94
2803,47.94
2804,51.46
2805,86.11
2806,51.50
2807,51.48
2808,39.22
2809,34.86
2810,31.97
2811,31.04
2812,31.01
2813,34.86
2814,34.86
2815,31.31
2816,24.16
2817,14.21
2818,0.00
2819,0.00
2820,0.00
2821,0.00
2822,0.00
2823,22.08
2824,32.04
2825,34.98
2826,40.88
2827,44.25
2828,50.04
2829,83.36
2830,50.04
2831,41.76
2832,37.49
2833,31.91
2834,31.91
2835,31.91
2836,31.91
2837,31.91
2838,31.91
2839,31.91
2840,0.00
2841,0.00
2842,0.00
2843,0.00
2844,0.00
2845,0.00
2846,0.00
2847,0.00
2848,0.00
2849,26.89
2850,40.59
2851,44.16
2852,48.72
2853,71.04
2854,48.72
2855,40.59
2856,31.91
2857,30.85
2858,31.04
2859,32.35
2860,32.49
2861,32.88
2862,34.50
2863,38.12
2864,25.42
2865,0.00
2866,0.00
2867,0.00
2868,0.00
2869,0.00
2870,0.00
2871,0.00
2872,28.34
2873,36.00
2874,51.50
2875,44.82
2876,51.50
2877,96.85
2878,51.50
2879,42.46
2880,37.53
2881,33.26
2882,34.20
2883,32.88
2884,32.88
2885,32.88
2886,33.47
2887,39.51
2888,14.21
2889,0.00
2890,0.00
2891,0.00
2892,0.00
2893,0.00
2894,0.00
2895,0.00
2896,28.50
2897,45.44
2898,52.61
2899,51.50
2900,62.73
2901,94.27
2902,62.73
2903,51.50
2904,39.22
2905,33.97
2906,30.50
2907,33.97
2908,32.00
2909,33.97
2910,33.97
2911,33.76
2912,26.16
2913,0.00
2914,0.00
2915,0.00
2916,0.00
2917,0.00
2918,0.00
2919,0.00
2920,0.00
2921,30.50
2922,47.71
2923,49.28
2924,49.28
2925,51.18
2926,42.00
2927,37.01
2928,30.50
2929,29.03
2930,25.45
2931,25.45
2932,25.45
2933,26.97
2934,30.55
2935,32.82
2936,32.87
2937,25.45
2938,0.00
2939,0.00
2940,0.00
2941,0.00
2942,0.00
2943,0.00
2944,8.32
2945,26.97
2946,35.09
2947,36.32
2948,45.78
2949,98.48
2950,44.88
2951,36.32
2952,32.03
2953,29.34
2954,29.34
2955,29.34
2956,29.34
2957,29.34
2958,34.23
2959,30.91
2960,19.38
2961,0.00
2962,0.00
2963,0.00
2964,0.00
2965,0.00
2966,0.00
2967,0.00
2968,19.65
2969,31.12
2970,44.14
2971,44.14
2972,58.59
2973,99.35
2974,58.91
2975,58.59
2976,42.05
2977,32.62
2978,31.39
2979,34.13
2980,32.59
2981,31.39
2982,33.58
2983,31.39
2984,0.00
2985,0.00
2986,0.00
2987,0.00
2988,0.00
2989,0.00
2990,0.00
2991,0.00
2992,0.00
2993,27.03
2994,42.27
2995,40.21
2996,45.92
2997,58.44
2998,70.69
2999,46.21
3000,37.25
3001,31.45
3002,31.12
3003,31.49
3004,31.49
3005,31.49
3006,31.49
3007,33.21
3008,0.00
3009,0.00
3010,0.00
3011,0.00
3012,0.00
3013,0.00
3014,0.00
3015,0.00
3016,0.00
3017,30.88
3018,39.60
3019,45.96
3020,46.64
3021,93.80
3022,46.64
3023,44.32
3024,32.77
3025,28.33
3026,28.87
3027,28.87
3028,28.87
3029,28.87
3030,31.08
3031,31.90
3032,24.93
3033,0.00
3034,0.00
3035,0.00
3036,0.00
3037,0.00
3038,0.00
3039,0.00
3040,22.91
3041,30.38
3042,44.32
3043,44.32
3044,51.67
3045,107.83
3046,56.99
3047,51.13
3048,34.99
3049,28.72
3050,28.72
3051,28.72
3052,28.72
3053,28.72
3054,29.45
3055,31.62
3056,26.97
3057,0.00
3058,0.00
3059,0.00
3060,0.00
3061,0.00
3062,0.00
3063,0.00
3064,27.03
3065,32.69
3066,46.17
3067,44.32
3068,46.17
3069,105.08
3070,53.20
3071,44.32
3072,34.46
3073,26.44
3074,26.97
3075,26.44
3076,26.44
3077,26.97
3078,26.97
3079,28.09
3080,27.01
3081,0.00
3082,0.00
3083,0.00
3084,0.00
3085,0.00
3086,19.54
3087,27.20
3088,33.25
3089,50.03
3090,50.03
3091,50.03
3092,50.03
3093,100.02
3094,50.03
3095,41.67
3096,35.27
3097,34.99
3098,35.27
3099,34.46
3100,34.99
3101,29.38
3102,42.14
3103,29.53
3104,28.29
3105,20.28
3106,0.00
3107,0.00
3108,0.00
3109,0.00
3110,0.00
3111,23.89
3112,29.86
3113,36.41
3114,56.34
3115,51.67
3116,47.24
3117,96.72
3118,44.81
3119,39.35
3120,32.42
3121,31.96
3122,27.65
3123,27.65
3124,27.65
3125,27.65
3126,31.96
3127,27.65
3128,0.00
3129,0.00
3130,0.00
3131,0.00
3132,0.00
3133,0.00
3134,0.00
3135,0.00
3136,14.21
3137,36.47
3138,57.08
3139,51.37
3140,51.37
3141,51.67
3142,51.37
3143,44.81
3144,34.99
3145,37.63
3146,34.13
3147,30.63
3148,34.13
3149,34.13
3150,34.13
3151,14.21
3152,0.00
3153,0.00
3154,0.00
3155,0.00
3156,0.00
3157,0.00
3158,0.00
3159,0.00
3160,0.00
3161,33.45
3162,56.84
3163,67.73
3164,52.14
3165,67.73
3166,62.59
3167,51.13
3168,44.32
3169,34.46
3170,33.52
3171,29.90
3172,29.90
3173,29.94
3174,33.31
3175,20.62
3176,5.14
3177,0.00
3178,0.00
3179,0.00
3180,0.00
3181,0.00
3182,0.00
3183,0.00
3184,20.19
3185,36.70
3186,70.74
3187,53.79
3188,50.52
3189,61.90
3190,43.64
3191,41.14
3192,29.25
3193,28.29
3194,28.29
3195,28.29
3196,28.29
3197,28.29
3198,31.96
3199,25.92
3200,0.00
3201,0.00
3202,0.00
3203,0.00
3204,0.00
3205,0.00
3206,0.00
3207,0.00
3208,14.61
3209,34.32
3210,51.37
3211,51.37
3212,51.37
3213,94.47
3214,51.37
3215,39.37
3216,32.42
3217,27.50
3218,28.17
3219,28.48
3220,28.48
3221,32.77
3222,32.77
3223,28.53
3224,21.71
3225,0.00
3226,0.00
3227,0.00
3228,0.00
3229,0.00
3230,0.00
3231,0.00
3232,24.52
3233,35.02
3234,70.74
3235,62.09
3236,62.09
3237,78.18
3238,62.09
3239,42.28
3240,37.63
3241,27.14
3242,27.14
3243,27.14
3244,27.14
3245,27.14
3246,28.20
3247,28.20
3248,27.40
3249,0.00
3250,0.00
3251,0.00
3252,0.00
3253,0.00
3254,0.00
3255,26.53
3256,28.59
3257,51.03
3258,59.66
3259,59.66
3260,51.67
3261,90.15
3262,59.35
3263,59.39
3264,39.35
3265,35.27
3266,32.89
3267,29.09
3268,29.09
3269,30.10
3270,35.27
3271,29.51
3272,29.09
3273,28.90
3274,28.90
3275,28.90
3276,28.90
3277,28.90
3278,36.24
3279,37.63
3280,41.25
3281,51.92
3282,62.05
3283,56.10
3284,51.92
3285,93.33
3286,61.44
3287,51.18
3288,44.32
3289,37.63
3290,35.27
3291,34.99
3292,34.13
3293,34.99
3294,41.08
3295,28.61
3296,24.47
3297,0.00
3298,0.00
3299,0.00
3300,0.00
3301,0.00
3302,0.00
3303,24.07
3304,42.41
3305,57.35
3306,63.29
3307,61.30
3308,51.13
3309,76.61
3310,51.67
3311,51.13
3312,42.41
3313,42.41
3314,36.74
3315,36.70
3316,36.70
3317,36.70
3318,42.41
3319,27.56
3320,0.00
3321,0.00
3322,0.00
3323,0.00
3324,0.00
3325,0.00
3326,0.00
3327,20.69
3328,28.31
3329,47.89
3330,69.75
3331,115.18
3332,58.67
3333,67.86
3334,57.91
3335,47.89
3336,43.32
3337,37.68
3338,34.74
3339,32.42
3340,29.25
3341,29.25
3342,29.25
3343,3.14
3344,0.00
3345,0.00
3346,0.00
3347,0.00
3348,0.00
3349,0.00
3350,0.00
3351,0.00
3352,26.81
3353,38.90
3354,66.44
3355,81.25
3356,51.18
3357,71.31
3358,55.86
3359,41.98
3360,35.27
3361,28.87
3362,25.69
3363,26.64
3364,25.69
3365,25.69
3366,27.41
3367,25.27
3368,0.00
3369,0.00
3370,0.00
3371,0.00
3372,0.00
3373,0.00
3374,0.00
3375,0.00
3376,29.49
3377,42.41
3378,60.82
3379,60.82
3380,51.53
3381,76.45
3382,52.48
3383,43.72
3384,36.24
3385,32.77
3386,32.77
3387,32.77
3388,32.77
3389,33.70
3390,36.74
3391,36.24
3392,39.35
3393,36.87
3394,36.87
3395,44.19
3396,44.19
3397,45.79
3398,46.60
3399,48.60
3400,49.14
3401,51.18
3402,51.67
3403,49.14
3404,49.14
3405,70.05
3406,49.14
3407,47.23
3408,36.24
3409,27.77
3410,25.27
3411,25.27
3412,25.27
3413,25.27
3414,27.53
3415,22.69
3416,0.00
3417,0.00
3418,0.00
3419,0.00
3420,0.00
3421,0.00
3422,0.00
3423,0.00
3424,25.13
3425,44.30
3426,154.06
3427,58.40
3428,52.09
3429,58.40
3430,51.36
3431,44.32
3432,34.99
3433,21.72
3434,21.48
3435,21.48
3436,21.00
3437,21.48
3438,26.97
3439,23.64
3440,18.17
3441,0.00
3442,0.00
3443,0.00
3444,0.00
3445,0.00
3446,0.00
3447,0.00
3448,24.22
3449,45.46
3450,61.44
3451,60.25
3452,51.18
3453,62.18
3454,57.95
3455,51.18
3456,36.74
3457,36.74
3458,34.99
3459,33.21
3460,35.27
3461,37.63
3462,44.13
3463,27.87
3464,26.31
3465,0.00
3466,0.00
3467,0.00
3468,0.00
3469,0.00
3470,0.00
3471,0.00
3472,0.00
3473,35.57
3474,92.18
3475,52.66
3476,47.87
3477,52.66
3478,47.71
3479,47.71
3480,37.63
3481,54.81
3482,36.74
3483,36.74
3484,36.74
3485,41.93
3486,47.66
3487,27.48
3488,14.26
3489,0.00
3490,0.00
3491,0.00
3492,0.00
3493,0.00
3494,0.00
3495,0.00
3496,0.00
3497,14.21
3498,44.32
3499,52.71
3500,50.53
3501,61.27
3502,52.71
3503,54.82
3504,39.07
3505,45.18
3506,42.35
3507,40.46
3508,37.63
3509,37.63
3510,50.12
3511,24.42
3512,0.00
3513,0.00
3514,0.00
3515,0.00
3516,0.00
3517,0.00
3518,0.00
3519,0.00
3520,0.00
3521,0.91
3522,42.32
3523,58.57
3524,61.83
3525,84.54
3526,77.31
3527,48.65
3528,42.35
3529,29.29
3530,28.16
3531,26.79
3532,26.77
3533,26.77
3534,29.06
3535,26.97
3536,14.21
3537,0.00
3538,0.00
3539,0.00
3540,0.00
3541,0.00
3542,0.00
3543,0.00
3544,0.00
3545,30.69
3546,51.13
3547,56.84
3548,51.65
3549,56.84
3550,70.74
3551,51.13
3552,41.52
3553,23.18
3554,23.03
3555,23.03
3556,22.78
3557,23.15
3558,23.15
3559,23.22
3560,23.15
3561,0.00
3562,0.00
3563,0.00
3564,0.00
3565,0.00
3566,0.00
3567,0.00
3568,29.51
3569,45.82
3570,57.41
3571,57.41
3572,53.63
3573,57.41
3574,53.63
3575,44.68
3576,35.02
3577,28.97
3578,28.97
3579,34.99
3580,32.77
3581,29.75
3582,33.05
3583,29.75
3584,26.58
3585,0.00
3586,0.00
3587,0.00
3588,0.00
3589,0.00
3590,0.00
3591,0.00
3592,29.75
3593,43.61
3594,51.67
3595,51.67
3596,49.38
3597,60.25
3598,51.67
3599,44.32
3600,39.18
3601,35.62
3602,34.99
3603,34.99
3604,34.99
3605,30.06
3606,34.99
3607,32.05
3608,30.06
3609,30.06
3610,30.06
3611,30.06
3612,31.26
3613,30.20
3614,32.76
3615,36.79
3616,41.52
3617,50.51
3618,53.79
3619,53.79
3620,53.79
3621,66.55
3622,51.58
3623,44.81
3624,37.68
3625,37.63
3626,35.27
3627,34.99
3628,34.99
3629,34.99
3630,51.75
3631,26.63
3632,26.63
3633,0.00
3634,0.00
3635,0.00
3636,0.00
3637,0.00
3638,0.00
3639,0.00
3640,32.42
3641,43.19
3642,81.57
3643,81.57
3644,46.84
3645,46.84
3646,46.84
3647,44.32
3648,39.02
3649,30.00
3650,28.36
3651,28.36
3652,28.36
3653,26.55
3654,25.89
3655,22.12
3656,16.75
3657,0.00
3658,0.00
3659,0.00
3660,0.00
3661,0.00
3662,0.00
3663,0.00
3664,24.11
3665,31.05
3666,43.57
3667,45.18
3668,48.27
3669,49.51
3670,49.51
3671,65.43
3672,33.52
3673,26.34
3674,28.37
3675,28.70
3676,29.05
3677,29.19
3678,29.22
3679,19.09
3680,0.00
3681,0.00
3682,0.00
3683,0.00
3684,0.00
3685,0.00
3686,0.00
3687,0.00
3688,0.00
3689,29.19
3690,46.55
3691,55.89
3692,55.89
3693,72.42
3694,55.89
3695,42.18
3696,36.91
3697,26.34
3698,26.03
3699,26.03
3700,26.03
3701,26.03
3702,26.34
3703,26.03
3704,26.03
3705,14.21
3706,0.00
3707,0.00
3708,0.00
3709,0.00
3710,0.00
3711,0.00
3712,21.78
3713,33.49
3714,53.68
3715,94.43
3716,50.88
3717,58.98
3718,52.72
3719,50.88
3720,33.55
3721,28.27
3722,27.83
3723,27.83
3724,27.83
3725,27.83
3726,33.54
3727,33.54
3728,34.71
3729,41.79
3730,42.91
3731,42.91
3732,42.91
3733,43.59
3734,46.66
3735,47.40
3736,49.63
3737,54.91
3738,105.09
3739,51.49
3740,44.87
3741,50.23
3742,47.26
3743,47.26
3744,33.54
3745,28.24
3746,28.24
3747,28.24
3748,28.24
3749,28.24
3750,28.24
3751,24.21
3752,18.28
3753,0.00
3754,0.00
3755,0.00
3756,0.00
3757,0.00
3758,0.00
3759,0.00
3760,23.16
3761,32.96
3762,69.52
3763,69.52
3764,49.64
3765,69.52
3766,49.64
3767,40.80
3768,33.95
3769,29.00
3770,29.00
3771,29.00
3772,29.00
3773,29.00
3774,29.00
3775,29.00
3776,26.39
3777,0.00
3778,0.00
3779,0.00
3780,0.00
3781,0.00
3782,0.00
3783,0.00
3784,26.59
3785,36.33
3786,48.63
3787,56.81
3788,53.77
3789,83.12
3790,61.02
3791,42.08
3792,34.62
3793,29.53
3794,28.37
3795,28.37
3796,28.37
3797,28.37
3798,28.37
3799,28.37
3800,25.29
3801,0.00
3802,0.00
3803,0.00
3804,0.00
3805,0.00
3806,0.00
3807,0.00
3808,28.81
3809,36.02
3810,55.80
3811,59.26
3812,59.22
3813,77.41
3814,62.14
3815,39.24
3816,36.98
3817,28.57
3818,28.17
3819,28.96
3820,29.76
3821,29.76
3822,29.76
3823,26.39
3824,16.72
3825,0.00
3826,0.00
3827,0.00
3828,0.00
3829,0.00
3830,0.00
3831,0.00
3832,0.00
3833,33.65
3834,47.78
3835,58.23
3836,48.99
3837,51.32
3838,58.40
3839,43.45
3840,37.22
3841,33.52
3842,30.50
3843,29.74
3844,29.45
3845,29.20
3846,29.45
3847,18.65
3848,0.00
3849,0.00
3850,0.00
3851,0.00
3852,0.00
3853,0.00
3854,0.00
3855,0.00
3856,0.00
3857,2.99
3858,40.17
3859,53.26
3860,53.26
3861,66.36
3862,66.36
3863,53.26
3864,40.17
3865,26.22
3866,25.82
3867,25.83
3868,25.83
3869,25.83
3870,26.21
3871,25.82
3872,23.48
3873,0.00
3874,0.00
3875,0.00
3876,0.00
3877,0.00
3878,0.00
3879,0.00
3880,27.85
3881,49.41
3882,56.62
3883,56.62
3884,54.85
3885,56.62
3886,56.62
3887,43.54
3888,35.61
3889,27.09
3890,27.09
3891,27.09
3892,27.09
3893,27.09
3894,27.46
3895,27.09
3896,25.87
3897,17.39
3898,0.00
3899,0.00
3900,0.00
3901,0.00
3902,0.00
3903,14.21
3904,27.78
3905,42.88
3906,62.93
3907,67.86
3908,52.30
3909,62.79
3910,52.30
3911,42.46
3912,34.66
3913,27.79
3914,27.83
3915,27.83
3916,27.83
3917,27.83
3918,27.83
3919,27.83
3920,26.34
3921,2.51
3922,0.00
3923,0.00
3924,0.00
3925,0.00
3926,0.00
3927,0.00
3928,27.95
3929,38.78
3930,54.24
3931,95.31
3932,54.24
3933,57.90
3934,54.24
3935,42.46
3936,34.66
3937,26.39
3938,26.61
3939,26.39
3940,27.93
3941,26.98
3942,27.93
3943,26.39
3944,25.89
3945,0.00
3946,0.00
3947,0.00
3948,0.00
3949,0.00
3950,2.08
3951,27.93
3952,29.48
3953,47.62
3954,64.86
3955,64.86
3956,52.08
3957,64.86
3958,64.86
3959,52.08
3960,41.79
3961,34.49
3962,33.56
3963,28.78
3964,28.78
3965,28.78
3966,33.74
3967,28.78
3968,27.03
3969,0.00
3970,0.00
3971,0.00
3972,0.00
3973,0.00
3974,0.00
3975,0.00
3976,29.99
3977,40.80
3978,61.15
3979,61.15
3980,54.73
3981,61.15
3982,61.15
3983,51.31
3984,40.80
3985,36.37
3986,34.55
3987,33.60
3988,31.44
3989,31.58
3990,31.01
3991,30.82
3992,0.00
3993,0.00
3994,0.00
3995,0.00
3996,0.00
3997,0.00
3998,0.00
3999,0.00
4000,23.10
4001,35.57
4002,49.88
4003,86.27
4004,52.89
4005,52.89
4006,52.89
4007,52.89
4008,36.72
4009,28.44
4010,28.44
4011,28.44
4012,28.44
4013,28.44
4014,28.44
4015,20.34
4016,1.08
4017,0.00
4018,0.00
4019,0.00
4020,0.00
4021,0.00
4022,0.00
4023,13.68
4024,26.39
4025,31.57
4026,54.93
4027,62.06
4028,54.93
4029,67.08
4030,71.33
4031,54.93
4032,44.83
4033,33.86
4034,30.26
4035,30.14
4036,30.14
4037,30.82
4038,30.82
4039,30.82
4040,26.34
4041,1.20
4042,0.00
4043,0.00
4044,1.20
4045,1.55
4046,26.55
4047,30.82
4048,32.74
4049,49.63
4050,87.72
4051,71.33
4052,55.43
4053,59.23
4054,52.81
4055,50.88
4056,43.57
4057,35.94
4058,35.94
4059,30.23
4060,30.23
4061,30.23
4062,35.94
4063,30.23
4064,30.23
4065,26.55
4066,26.55
4067,26.55
4068,26.55
4069,26.55
4070,27.88
4071,31.17
4072,41.26
4073,48.22
4074,81.92
4075,76.21
4076,54.84
4077,54.07
4078,48.22
4079,48.22
4080,38.68
4081,35.32
4082,34.18
4083,33.65
4084,31.63
4085,32.20
4086,33.86
4087,29.64
4088,29.64
4089,25.58
4090,25.58
4091,24.21
4092,24.21
4093,24.21
4094,25.58
4095,30.77
4096,35.11
4097,44.17
4098,61.01
4099,98.75
4100,53.63
4101,52.80
4102,48.26
4103,42.61
4104,35.61
4105,33.86
4106,33.86
4107,30.99
4108,31.32
4109,31.00
4110,33.86
4111,30.99
4112,30.22
4113,24.22
4114,24.22
4115,24.22
4116,24.22
4117,24.22
4118,24.22
4119,34.69
4120,36.15
4121,47.26
4122,71.82
4123,57.41
4124,54.60
4125,56.09
4126,49.73
4127,36.65
4128,32.20
4129,32.78
4130,29.05
4131,29.31
4132,28.73
4133,32.78
4134,32.78
4135,25.41
4136,17.26
4137,0.00
4138,0.00
4139,0.00
4140,0.00
4141,0.00
4142,0.00
4143,32.82
4144,36.97
4145,49.11
4146,60.24
4147,83.27
4148,58.84
4149,58.84
4150,54.52
4151,46.58
4152,39.87
4153,34.67
4154,30.31
4155,30.03
4156,30.03
4157,30.31
4158,29.42
4159,17.79
4160,0.00
4161,0.00
4162,0.00
4163,0.00
4164,0.00
4165,0.00
4166,0.00
4167,0.00
4168,26.55
4169,38.15
4170,50.88
4171,86.96
4172,56.96
4173,59.19
4174,59.19
4175,59.19
4176,42.46
4177,40.80
4178,36.98
4179,36.81
4180,36.88
4181,36.53
4182,37.27
4183,28.81
4184,23.31
4185,0.00
4186,0.00
4187,0.00
4188,0.00
4189,0.00
4190,0.00
4191,17.89
4192,32.13
4193,42.25
4194,54.35
4195,73.70
4196,50.88
4197,88.48
4198,86.96
4199,45.27
4200,38.94
4201,33.86
4202,32.20
4203,31.94
4204,31.94
4205,31.94
4206,34.40
4207,31.64
4208,31.64
4209,31.64
4210,27.87
4211,21.23
4212,20.83
4213,20.83
4214,20.83
4215,28.41
4216,36.08
4217,42.46
4218,55.62
4219,111.05
4220,54.14
4221,54.14
4222,52.91
4223,48.45
4224,37.33
4225,34.49
4226,34.49
4227,34.49
4228,34.49
4229,34.54
4230,41.40
4231,32.22
4232,33.11
4233,26.34
4234,25.58
4235,25.33
4236,25.33
4237,12.38
4238,25.33
4239,26.60
4240,36.83
4241,45.17
4242,90.88
4243,74.22
4244,51.97
4245,55.19
4246,55.19
4247,51.97
4248,37.02
4249,35.88
4250,33.86
4251,30.90
4252,30.90
4253,30.90
4254,34.18
4255,29.45
4256,31.98
4257,29.45
4258,29.45
4259,29.45
4260,27.42
4261,24.15
4262,29.45
4263,34.52
4264,40.43
4265,50.22
4266,54.33
4267,71.96
4268,54.33
4269,58.13
4270,53.52
4271,50.41
4272,38.68
4273,36.32
4274,35.90
4275,34.40
4276,34.18
4277,34.40
4278,36.88
4279,31.10
4280,30.14
4281,14.21
4282,0.00
4283,0.00
4284,0.00
4285,0.00
4286,10.64
4287,33.71
4288,35.57
4289,48.99
4290,109.28
4291,53.25
4292,53.12
4293,51.81
4294,50.26
4295,44.35
4296,34.54
4297,31.64
4298,31.64
4299,31.17
4300,31.17
4301,34.40
4302,42.46
4303,32.12
4304,31.64
4305,14.21
4306,0.00
4307,0.00
4308,0.00
4309,0.00
4310,0.00
4311,27.41
4312,38.32
4313,49.71
4314,111.93
4315,58.72
4316,50.40
4317,50.40
4318,49.47
4319,48.92
4320,37.80
4321,36.88
4322,34.40
4323,32.03
4324,31.30
4325,34.40
4326,31.96
4327,30.47
4328,20.86
4329,0.00
4330,0.00
4331,0.00
4332,0.00
4333,0.00
4334,0.00
4335,0.00
4336,30.89
4337,34.87
4338,62.68
4339,63.78
4340,51.25
4341,51.25
4342,49.24
4343,39.86
4344,35.61
4345,29.76
4346,29.76
4347,29.79
4348,29.77
4349,30.19
4350,30.31
4351,28.13
4352,14.21
4353,0.00
4354,0.00
4355,0.00
4356,0.00
4357,0.00
4358,0.00
4359,0.00
4360,28.27
4361,42.49
4362,50.26
4363,50.88
4364,50.26
4365,50.26
4366,50.26
4367,38.73
4368,35.73
4369,39.16
4370,34.59
4371,34.53
4372,34.57
4373,34.59
4374,39.16
4375,30.36
4376,14.90
4377,0.00
4378,0.00
4379,0.00
4380,0.00
4381,0.00
4382,0.00
4383,29.40
4384,39.67
4385,44.04
4386,56.39
4387,2000.00
4388,53.88
4389,50.64
4390,44.88
4391,51.11
4392,44.88
4393,35.80
4394,34.72
4395,32.37
4396,32.37
4397,33.11
4398,35.80
4399,32.33
4400,30.86
4401,25.84
4402,25.84
4403,25.84
4404,25.84
4405,25.84
4406,25.84
4407,32.33
4408,36.06
4409,51.90
4410,59.68
4411,81.63
4412,55.55
4413,55.57
4414,55.55
4415,51.90
4416,38.87
4417,37.50
4418,37.17
4419,36.30
4420,35.80
4421,36.30
4422,37.28
4423,31.79
4424,31.79
4425,31.79
4426,27.70
4427,27.70
4428,27.70
4429,27.70
4430,27.70
4431,31.79
4432,36.21
4433,50.00
4434,72.12
4435,96.97
4436,51.11
4437,67.72
4438,53.35
4439,51.11
4440,41.83
4441,37.17
4442,36.30
4443,34.84
4444,34.84
4445,34.84
4446,36.30
4447,31.46
4448,31.46
4449,31.46
4450,26.80
4451,27.86
4452,23.04
4453,22.77
4454,26.94
4455,32.00
4456,36.73
4457,51.02
4458,62.29
4459,108.10
4460,51.11
4461,51.11
4462,50.64
4463,47.28
4464,37.17
4465,35.80
4466,34.04
4467,32.18
4468,32.18
4469,32.18
4470,34.57
4471,32.18
4472,29.37
4473,26.07
4474,26.17
4475,27.25
4476,28.48
4477,13.65
4478,27.47
4479,31.19
4480,33.97
4481,47.16
4482,70.60
4483,76.78
4484,51.11
4485,48.93
4486,44.77
4487,41.57
4488,34.84
4489,35.31
4490,34.04
4491,34.04
4492,34.04
4493,34.04
4494,33.25
4495,29.66
4496,14.21
4497,0.00
4498,0.00
4499,0.00
4500,0.00
4501,0.00
4502,0.00
4503,0.00
4504,38.53
4505,46.56
4506,59.75
4507,60.85
4508,58.65
4509,58.81
4510,53.07
4511,53.07
4512,39.67
4513,36.42
4514,33.25
4515,33.25
4516,33.25
4517,31.59
4518,32.83
4519,28.82
4520,21.40
4521,0.00
4522,0.00
4523,0.00
4524,0.00
4525,0.00
4526,0.00
4527,29.10
4528,31.51
4529,46.34
4530,50.64
4531,62.53
4532,50.64
4533,50.64
4534,50.64
4535,42.18
4536,36.14
4537,31.63
4538,31.56
4539,31.59
4540,31.64
4541,34.59
4542,35.57
4543,30.66
4544,29.86
4545,29.86
4546,29.86
4547,29.86
4548,29.86
4549,29.86
4550,29.86
4551,31.67
4552,41.34
4553,52.97
4554,79.38
4555,68.86
4556,52.70
4557,51.11
4558,45.01
4559,44.04
4560,37.17
4561,35.55
4562,35.80
4563,34.84
4564,34.67
4565,34.84
4566,35.99
4567,34.67
4568,30.28
4569,30.28
4570,30.28
4571,29.98
4572,29.98
4573,14.21
4574,29.98
4575,34.91
4576,40.10
4577,52.15
4578,116.82
4579,58.16
4580,50.39
4581,48.21
4582,44.18
4583,41.97
4584,36.87
4585,34.57
4586,32.37
4587,32.30
4588,30.42
4589,31.59
4590,33.73
4591,31.59
4592,30.42
4593,30.42
4594,30.42
4595,30.09
4596,30.09
4597,30.09
4598,32.37
4599,36.62
4600,50.11
4601,56.23
4602,83.24
4603,85.09
4604,65.70
4605,51.11
4606,51.11
4607,51.11
4608,47.71
4609,34.57
4610,32.24
4611,32.24
4612,32.24
4613,33.73
4614,34.84
4615,32.33
4616,31.62
4617,31.59
4618,31.62
4619,31.62
4620,31.62
4621,31.73
4622,34.64
4623,43.16
4624,49.67
4625,53.54
4626,74.97
4627,87.00
4628,62.23
4629,62.23
4630,57.76
4631,50.64
4632,44.06
4633,38.57
4634,34.57
4635,33.25
4636,33.41
4637,33.41
4638,35.80
4639,32.22
4640,32.22
4641,32.14
4642,23.48
4643,23.48
4644,23.48
4645,23.48
4646,23.48
4647,34.59
4648,42.39
4649,54.21
4650,63.54
4651,69.36
4652,53.30
4653,50.36
4654,49.29
4655,42.64
4656,38.87
4657,36.30
4658,35.67
4659,34.57
4660,34.57
4661,34.57
4662,34.57
4663,28.82
4664,19.02
4665,0.00
4666,0.00
4667,0.00
4668,0.00
4669,0.00
4670,0.00
4671,32.57
4672,43.08
4673,48.50
4674,62.36
4675,108.96
4676,51.72
4677,51.11
4678,48.60
4679,51.72
4680,43.08
4681,37.20
4682,36.30
4683,36.30
4684,36.30
4685,36.30
4686,36.30
4687,31.25
4688,31.29
4689,20.75
4690,0.00
4691,20.75
4692,26.63
4693,27.82
4694,32.87
4695,38.12
4696,43.64
4697,51.11
4698,74.98
4699,85.09
4700,64.66
4701,64.66
4702,59.26
4703,50.64
4704,43.20
4705,36.79
4706,36.30
4707,36.30
4708,36.30
4709,36.63
4710,37.17
4711,36.30
4712,34.67
4713,34.04
4714,34.04
4715,34.62
4716,35.19
4717,36.41
4718,39.25
4719,44.52
4720,50.62
4721,59.91
4722,112.39
4723,112.39
4724,64.86
4725,65.70
4726,59.98
4727,59.98
4728,50.64
4729,43.92
4730,38.03
4731,37.21
4732,36.63
4733,37.17
4734,38.87
4735,36.62
4736,34.59
4737,32.32
4738,33.36
4739,34.59
4740,34.67
4741,34.75
4742,37.17
4743,46.91
4744,51.11
4745,61.65
4746,132.32
4747,132.32
4748,70.59
4749,80.98
4750,61.65
4751,59.26
4752,53.13
4753,42.45
4754,42.32
4755,38.31
4756,38.05
4757,38.09
4758,41.97
4759,38.05
4760,37.17
4761,34.72
4762,34.72
4763,34.72
4764,34.72
4765,34.72
4766,38.31
4767,46.82
4768,51.13
4769,65.73
4770,129.11
4771,2000.00
4772,82.85
4773,82.85
4774,81.08
4775,56.13
4776,50.64
4777,41.97
4778,38.26
4779,37.93
4780,37.93
4781,37.93
4782,38.89
4783,38.40
4784,38.64
4785,37.93
4786,37.93
4787,37.93
4788,38.45
4789,43.86
4790,48.92
4791,50.99
4792,58.30
4793,82.07
4794,2000.00
4795,2000.00
4796,82.07
4797,82.07
4798,69.27
4799,54.48
4800,48.92
4801,46.85
4802,38.89
4803,38.31
4804,38.87
4805,38.89
4806,38.70
4807,38.31
4808,38.31
4809,38.31
4810,38.31
4811,41.44
4812,42.51
4813,50.05
4814,51.38
4815,54.29
4816,60.35
4817,200.02
4818,2000.00
4819,2000.00
4820,198.36
4821,80.88
4822,68.05
4823,59.26
4824,65.70
4825,45.51
4826,39.17
4827,38.87
4828,37.82
4829,38.15
4830,38.87
4831,36.76
4832,33.25
4833,34.04
4834,33.74
4835,34.52
4836,34.59
4837,34.59
4838,36.30
4839,41.55
4840,48.16
4841,50.64
4842,55.41
4843,75.82
4844,52.55
4845,52.07
4846,50.64
4847,50.64
4848,41.57
4849,36.76
4850,36.63
4851,36.30
4852,35.80
4853,36.30
4854,36.74
4855,36.30
4856,32.66
4857,30.72
4858,31.86
4859,33.41
4860,34.59
4861,34.84
4862,36.74
4863,40.81
4864,47.94
4865,50.35
4866,51.11
4867,74.97
4868,51.11
4869,55.42
4870,51.11
4871,50.35
4872,43.79
4873,38.70
4874,36.11
4875,35.80
4876,35.80
4877,35.80
4878,36.27
4879,35.96
4880,35.96
4881,35.80
4882,35.80
4883,35.80
4884,35.80
4885,35.80
4886,36.74
4887,51.40
4888,51.40
4889,65.70
4890,520.83
4891,520.83
4892,74.62
4893,71.74
4894,53.05
4895,51.40
4896,51.40
4897,37.85
4898,37.33
4899,36.30
4900,36.30
4901,36.30
4902,37.85
4903,37.33
4904,36.30
4905,34.76
4906,34.72
4907,34.72
4908,34.76
4909,35.68
4910,42.40
4911,45.23
4912,53.42
4913,76.21
4914,129.85
4915,2000.00
4916,73.61
4917,62.23
4918,54.18
4919,50.64
4920,45.41
4921,41.97
4922,41.97
4923,38.87
4924,38.42
4925,38.87
4926,41.68
4927,38.87
4928,36.30
4929,34.84
4930,34.78
4931,34.78
4932,35.80
4933,36.30
4934,37.26
4935,46.94
4936,51.57
4937,57.90
4938,161.23
4939,161.23
4940,57.09
4941,57.09
4942,47.81
4943,44.38
4944,43.36
4945,38.89
4946,36.30
4947,36.30
4948,36.30
4949,36.76
4950,38.61
4951,36.76
4952,34.84
4953,34.57
4954,34.05
4955,34.05
4956,34.05
4957,34.58
4958,37.17
4959,50.39
4960,53.37
4961,53.69
4962,132.64
4963,68.91
4964,52.65
4965,52.05
4966,50.18
4967,50.18
4968,44.32
4969,41.97
4970,41.97
4971,37.17
4972,36.76
4973,36.76
4974,38.57
4975,37.17
4976,35.80
4977,33.25
4978,33.25
4979,33.25
4980,33.25
4981,33.90
4982,35.80
4983,43.79
4984,52.65
4985,62.19
4986,108.88
4987,72.71
4988,52.80
4989,63.39
4990,56.93
4991,52.65
4992,49.68
4993,39.63
4994,38.87
4995,37.17
4996,36.48
4997,36.30
4998,36.76
4999,36.74
5000,32.36
5001,31.62
5002,32.67
5003,32.44
5004,32.44
5005,33.75
5006,34.84
5007,38.60
5008,43.04
5009,52.34
5010,68.35
5011,79.02
5012,49.62
5013,52.57
5014,49.34
5015,43.79
5016,43.79
5017,37.17
5018,37.80
5019,36.76
5020,36.48
5021,36.30
5022,36.63
5023,35.80
5024,32.41
5025,32.36
5026,32.66
5027,32.66
5028,33.06
5029,33.73
5030,35.80
5031,42.97
5032,50.80
5033,62.04
5034,60.16
5035,60.16
5036,56.88
5037,58.62
5038,56.88
5039,46.74
5040,42.33
5041,38.18
5042,37.17
5043,36.32
5044,36.32
5045,36.63
5046,37.21
5047,37.21
5048,36.26
5049,36.26
5050,36.26
5051,36.26
5052,36.26
5053,36.26
5054,36.26
5055,42.97
5056,50.64
5057,55.90
5058,77.16
5059,70.72
5060,52.36
5061,55.90
5062,51.11
5063,49.16
5064,41.08
5065,36.74
5066,35.80
5067,35.80
5068,36.30
5069,37.17
5070,40.30
5071,40.32
5072,35.53
5073,35.31
5074,35.31
5075,35.30
5076,35.32
5077,35.31
5078,35.31
5079,37.17
5080,42.45
5081,57.40
5082,114.25
5083,105.34
5084,57.40
5085,55.31
5086,49.35
5087,45.69
5088,40.13
5089,37.78
5090,36.74
5091,36.74
5092,36.74
5093,36.74
5094,37.78
5095,37.78
5096,34.67
5097,32.79
5098,32.79
5099,32.79
5100,32.79
5101,32.79
5102,36.30
5103,43.92
5104,49.82
5105,56.27
5106,78.52
5107,78.52
5108,59.26
5109,65.70
5110,56.27
5111,52.56
5112,47.93
5113,37.33
5114,36.59
5115,35.52
5116,35.66
5117,36.17
5118,37.04
5119,36.07
5120,31.42
5121,31.10
5122,31.10
5123,31.10
5124,31.10
5125,31.10
5126,33.12
5127,41.30
5128,47.70
5129,56.75
5130,107.13
5131,65.49
5132,53.57
5133,53.76
5134,50.19
5135,43.63
5136,38.74
5137,41.29
5138,38.73
5139,36.90
5140,36.48
5141,36.61
5142,38.74
5143,38.74
5144,34.45
5145,34.41
5146,34.40
5147,34.40
5148,34.41
5149,34.41
5150,37.04
5151,47.73
5152,50.95
5153,58.67
5154,136.70
5155,60.17
5156,52.13
5157,54.95
5158,50.95
5159,50.95
5160,46.99
5161,41.26
5162,39.69
5163,38.73
5164,37.04
5165,37.04
5166,38.73
5167,37.04
5168,33.12
5169,30.01
5170,26.44
5171,0.00
5172,27.31
5173,31.04
5174,33.77
5175,43.63
5176,47.39
5177,56.56
5178,114.28
5179,69.10
5180,56.56
5181,67.90
5182,56.74
5183,57.39
5184,54.46
5185,38.86
5186,38.86
5187,38.64
5188,38.64
5189,37.09
5190,38.64
5191,36.61
5192,33.15
5193,25.72
5194,26.39
5195,27.06
5196,29.37
5197,33.12
5198,33.15
5199,36.17
5200,46.91
5201,54.74
5202,97.23
5203,97.23
5204,53.06
5205,61.24
5206,52.62
5207,49.55
5208,42.19
5209,38.64
5210,39.59
5211,39.59
5212,39.59
5213,39.59
5214,40.91
5215,40.19
5216,34.54
5217,34.54
5218,34.54
5219,34.54
5220,34.54
5221,34.54
5222,43.54
5223,46.51
5224,54.85
5225,57.89
5226,109.72
5227,78.11
5228,52.03
5229,51.70
5230,49.36
5231,47.18
5232,39.59
5233,38.37
5234,39.51
5235,38.74
5236,38.74
5237,39.51
5238,39.43
5239,39.59
5240,37.04
5241,33.16
5242,33.16
5243,33.16
5244,33.16
5245,34.23
5246,36.36
5247,46.75
5248,53.06
5249,54.66
5250,116.52
5251,81.02
5252,53.06
5253,53.06
5254,53.06
5255,53.06
5256,42.32
5257,41.85
5258,39.18
5259,38.73
5260,38.74
5261,39.59
5262,40.35
5263,40.46
5264,35.66
5265,34.97
5266,34.97
5267,34.97
5268,34.97
5269,34.97
5270,39.30
5271,43.68
5272,65.49
5273,64.68
5274,95.37
5275,69.08
5276,62.03
5277,69.08
5278,53.99
5279,75.42
5280,45.91
5281,38.74
5282,37.04
5283,35.66
5284,35.06
5285,35.66
5286,38.07
5287,38.74
5288,35.06
5289,35.06
5290,35.06
5291,35.06
5292,35.14
5293,35.06
5294,37.08
5295,43.85
5296,49.32
5297,55.21
5298,120.48
5299,53.65
5300,50.95
5301,50.54
5302,49.18
5303,46.60
5304,41.07
5305,38.73
5306,37.04
5307,36.97
5308,36.83
5309,36.83
5310,38.74
5311,42.10
5312,36.33
5313,36.41
5314,35.66
5315,36.33
5316,34.71
5317,34.71
5318,36.59
5319,42.58
5320,50.48
5321,56.84
5322,118.67
5323,56.84
5324,53.00
5325,56.84
5326,47.68
5327,48.10
5328,42.53
5329,41.26
5330,39.59
5331,39.51
5332,40.20
5333,41.69
5334,40.68
5335,40.52
5336,33.80
5337,27.02
5338,0.00
5339,0.00
5340,0.00
5341,14.21
5342,32.25
5343,36.14
5344,43.44
5345,50.33
5346,90.62
5347,63.28
5348,50.95
5349,57.11
5350,50.95
5351,51.86
5352,43.63
5353,42.23
5354,40.20
5355,39.72
5356,39.69
5357,43.05
5358,40.20
5359,48.35
5360,32.86
5361,27.65
5362,0.00
5363,0.00
5364,0.00
5365,0.00
5366,32.19
5367,36.14
5368,38.56
5369,43.50
5370,60.12
5371,60.12
5372,55.56
5373,69.08
5374,55.56
5375,43.67
5376,41.52
5377,35.66
5378,35.66
5379,35.66
5380,36.29
5381,35.87
5382,37.04
5383,40.47
5384,38.73
5385,36.61
5386,36.61
5387,35.66
5388,34.60
5389,34.71
5390,34.71
5391,35.73
5392,39.48
5393,55.44
5394,93.76
5395,59.57
5396,48.68
5397,63.57
5398,50.95
5399,46.59
5400,40.27
5401,37.08
5402,37.08
5403,37.08
5404,37.08
5405,37.08
5406,40.43
5407,41.58
5408,38.73
5409,36.61
5410,36.61
5411,36.61
5412,36.61
5413,36.47
5414,36.61
5415,36.61
5416,46.65
5417,56.60
5418,113.68
5419,61.64
5420,51.47
5421,61.64
5422,56.60
5423,61.64
5424,40.77
5425,36.06
5426,35.96
5427,35.96
5428,36.16
5429,36.17
5430,38.73
5431,40.12
5432,36.57
5433,36.57
5434,36.57
5435,36.57
5436,35.66
5437,35.66
5438,35.66
5439,35.66
5440,36.57
5441,50.84
5442,111.78
5443,66.35
5444,50.95
5445,67.23
5446,45.33
5447,66.35
5448,36.57
5449,34.60
5450,34.60
5451,35.66
5452,37.00
5453,37.04
5454,38.14
5455,40.19
5456,36.17
5457,31.77
5458,31.94
5459,31.77
5460,31.77
5461,31.77
5462,31.77
5463,33.28
5464,40.60
5465,50.95
5466,117.51
5467,50.74
5468,50.74
5469,50.86
5470,50.74
5471,43.63
5472,38.74
5473,37.08
5474,35.79
5475,36.17
5476,36.17
5477,36.50
5478,37.91
5479,40.58
5480,32.36
5481,32.36
5482,32.19
5483,31.42
5484,31.42
5485,31.42
5486,31.42
5487,33.12
5488,41.26
5489,51.94
5490,118.47
5491,51.94
5492,50.95
5493,51.94
5494,50.95
5495,46.65
5496,40.68
5497,40.68
5498,40.52
5499,38.73
5500,39.51
5501,39.51
5502,41.43
5503,40.17
5504,32.36
5505,25.61
5506,0.00
5507,0.00
5508,0.00
5509,0.00
5510,0.04
5511,32.19
5512,34.51
5513,46.32
5514,77.38
5515,75.80
5516,56.74
5517,58.44
5518,52.88
5519,56.74
5520,41.40
5521,37.37
5522,37.04
5523,34.71
5524,34.71
5525,36.17
5526,37.12
5527,39.51
5528,31.42
5529,25.61
5530,21.88
5531,13.80
5532,0.00
5533,0.00
5534,26.02
5535,34.46
5536,39.20
5537,53.77
5538,111.33
5539,111.33
5540,53.77
5541,59.81
5542,53.45
5543,44.41
5544,41.83
5545,38.73
5546,37.04
5547,36.17
5548,36.17
5549,36.17
5550,37.80
5551,40.59
5552,34.45
5553,32.48
5554,32.49
5555,32.48
5556,32.09
5557,32.48
5558,33.48
5559,40.77
5560,46.38
5561,53.96
5562,120.92
5563,54.62
5564,54.62
5565,54.86
5566,49.26
5567,45.55
5568,42.55
5569,38.37
5570,38.47
5571,38.37
5572,37.08
5573,38.37
5574,38.37
5575,41.16
5576,34.45
5577,32.66
5578,32.66
5579,32.66
5580,32.66
5581,32.66
5582,32.66
5583,32.94
5584,45.62
5585,53.99
5586,115.87
5587,53.99
5588,52.51
5589,59.07
5590,50.48
5591,46.71
5592,41.57
5593,41.55
5594,39.06
5595,38.73
5596,37.04
5597,37.35
5598,39.69
5599,39.69
5600,34.45
5601,33.68
5602,28.48
5603,28.48
5604,28.37
5605,28.37
5606,32.19
5607,34.60
5608,47.46
5609,54.66
5610,80.77
5611,64.34
5612,52.88
5613,64.34
5614,52.88
5615,51.13
5616,42.65
5617,40.31
5618,40.75
5619,39.59
5620,39.57
5621,40.30
5622,41.85
5623,41.85
5624,37.04
5625,35.42
5626,35.42
5627,34.60
5628,33.12
5629,34.39
5630,34.60
5631,44.11
5632,52.17
5633,57.10
5634,113.56
5635,67.28
5636,64.15
5637,63.04
5638,53.86
5639,53.44
5640,45.56
5641,43.52
5642,37.04
5643,37.04
5644,37.04
5645,37.04
5646,40.47
5647,42.07
5648,34.71
5649,34.34
5650,34.34
5651,34.34
5652,34.34
5653,34.34
5654,42.14
5655,43.63
5656,51.82
5657,59.25
5658,120.27
5659,74.73
5660,61.98
5661,62.62
5662,51.82
5663,58.19
5664,51.42
5665,43.85
5666,42.59
5667,43.54
5668,39.00
5669,37.93
5670,39.57
5671,39.36
5672,32.66
5673,31.42
5674,31.42
5675,30.70
5676,31.42
5677,32.25
5678,42.47
5679,43.85
5680,51.93
5681,55.62
5682,113.75
5683,65.49
5684,60.36
5685,65.49
5686,50.92
5687,50.92
5688,49.20
5689,42.19
5690,39.51
5691,38.73
5692,36.17
5693,36.17
5694,36.48
5695,36.59
5696,34.10
5697,28.83
5698,28.83
5699,28.83
5700,31.04
5701,33.12
5702,34.54
5703,42.44
5704,53.06
5705,59.06
5706,88.82
5707,85.11
5708,84.82
5709,73.75
5710,56.64
5711,50.95
5712,44.50
5713,39.71
5714,39.71
5715,38.73
5716,37.04
5717,37.04
5718,39.59
5719,40.31
5720,35.66
5721,34.00
5722,34.00
5723,34.00
5724,34.00
5725,35.66
5726,43.63
5727,49.02
5728,54.94
5729,64.60
5730,134.00
5731,75.61
5732,70.53
5733,66.98
5734,52.73
5735,60.13
5736,43.46
5737,38.93
5738,37.04
5739,36.07
5740,35.66
5741,36.17
5742,40.94
5743,40.50
5744,35.66
5745,34.10
5746,34.10
5747,34.10
5748,34.10
5749,34.10
5750,35.66
5751,42.89
5752,49.38
5753,55.84
5754,95.00
5755,55.71
5756,51.48
5757,50.48
5758,48.63
5759,46.65
5760,39.51
5761,39.64
5762,38.73
5763,37.04
5764,37.04
5765,37.04
5766,39.21
5767,42.98
5768,34.88
5769,34.88
5770,34.88
5771,34.88
5772,34.60
5773,34.88
5774,34.88
5775,37.52
5776,48.16
5777,58.62
5778,103.79
5779,54.42
5780,54.42
5781,62.49
5782,50.48
5783,43.63
5784,40.59
5785,36.17
5786,35.76
5787,34.71
5788,34.46
5789,34.71
5790,38.73
5791,41.01
5792,35.16
5793,33.12
5794,33.12
5795,33.12
5796,33.12
5797,33.12
5798,34.89
5799,35.66
5800,41.38
5801,52.41
5802,125.28
5803,53.15
5804,52.41
5805,52.41
5806,43.93
5807,43.63
5808,38.74
5809,38.37
5810,38.65
5811,38.18
5812,37.62
5813,38.54
5814,42.21
5815,41.49
5816,32.94
5817,31.04
5818,31.04
5819,31.04
5820,31.04
5821,31.04
5822,31.70
5823,35.66
5824,45.67
5825,53.51
5826,123.39
5827,57.50
5828,54.87
5829,53.39
5830,49.04
5831,48.96
5832,43.63
5833,42.60
5834,40.52
5835,40.30
5836,39.86
5837,39.51
5838,40.67
5839,41.54
5840,34.46
5841,0.00
5842,0.00
5843,0.00
5844,0.00
5845,0.00
5846,14.21
5847,33.12
5848,36.38
5849,47.62
5850,112.27
5851,54.53
5852,53.05
5853,53.05
5854,45.87
5855,44.17
5856,40.52
5857,35.92
5858,35.92
5859,35.92
5860,35.92
5861,35.92
5862,35.92
5863,35.92
5864,30.62
5865,14.21
5866,0.00
5867,0.00
5868,0.00
5869,0.00
5870,0.00
5871,29.80
5872,34.38
5873,45.71
5874,56.50
5875,49.59
5876,42.88
5877,42.68
5878,41.58
5879,35.92
5880,33.63
5881,34.53
5882,34.53
5883,35.11
5884,35.92
5885,35.11
5886,37.14
5887,40.79
5888,32.92
5889,25.24
5890,0.00
5891,0.00
5892,0.00
5893,0.00
5894,24.25
5895,30.63
5896,36.49
5897,47.94
5898,112.07
5899,51.69
5900,52.43
5901,51.69
5902,44.94
5903,38.07
5904,35.30
5905,33.48
5906,32.86
5907,32.86
5908,32.86
5909,32.86
5910,33.46
5911,39.44
5912,34.46
5913,25.61
5914,25.00
5915,0.00
5916,0.00
5917,0.00
5918,25.00
5919,34.93
5920,39.11
5921,50.73
5922,97.42
5923,53.55
5924,53.55
5925,57.55
5926,45.06
5927,40.80
5928,36.30
5929,34.81
5930,34.81
5931,34.81
5932,34.81
5933,34.81
5934,35.11
5935,41.69
5936,35.92
5937,31.70
5938,30.30
5939,30.45
5940,30.45
5941,30.45
5942,35.14
5943,36.34
5944,42.44
5945,52.82
5946,107.07
5947,55.44
5948,56.54
5949,57.98
5950,48.22
5951,40.78
5952,35.90
5953,34.93
5954,33.63
5955,33.63
5956,33.63
5957,33.63
5958,36.35
5959,40.78
5960,34.65
5961,31.13
5962,26.05
5963,24.52
5964,24.52
5965,24.52
5966,24.52
5967,32.49
5968,39.35
5969,51.51
5970,71.81
5971,51.51
5972,51.51
5973,95.66
5974,47.65
5975,45.26
5976,39.35
5977,37.53
5978,35.92
5979,35.92
5980,35.92
5981,40.39
5982,41.90
5983,42.49
5984,35.07
5985,33.36
5986,26.58
5987,0.00
5988,0.00
5989,0.00
5990,0.00
5991,23.00
5992,35.03
5993,42.22
5994,104.68
5995,46.09
5996,49.59
5997,49.59
5998,43.92
5999,42.45
6000,40.74
6001,41.39
6002,41.17
6003,40.26
6004,37.51
6005,37.53
6006,39.59
6007,41.17
6008,34.46
6009,25.11
6010,0.00
6011,0.00
6012,0.00
6013,0.00
6014,0.00
6015,0.00
6016,26.71
6017,43.90
6018,71.03
6019,57.47
6020,60.50
6021,63.51
6022,48.40
6023,47.17
6024,40.35
6025,35.92
6026,33.63
6027,33.63
6028,33.63
6029,34.53
6030,36.60
6031,36.81
6032,28.93
6033,20.23
6034,21.55
6035,21.88
6036,15.38
6037,0.00
6038,14.21
6039,21.88
6040,32.66
6041,44.66
6042,50.37
6043,48.15
6044,52.06
6045,52.06
6046,48.15
6047,40.11
6048,37.93
6049,34.53
6050,33.43
6051,33.43
6052,33.43
6053,33.63
6054,35.38
6055,37.59
6056,31.88
6057,30.47
6058,27.97
6059,28.78
6060,27.92
6061,27.59
6062,28.78
6063,32.37
6064,35.38
6065,42.90
6066,56.84
6067,47.35
6068,56.84
6069,108.60
6070,46.58
6071,41.88
6072,38.08
6073,35.31
6074,34.53
6075,34.53
6076,33.43
6077,33.63
6078,35.92
6079,40.17
6080,33.35
6081,32.25
6082,27.56
6083,27.56
6084,23.68
6085,23.68
6086,27.56
6087,32.34
6088,33.47
6089,47.72
6090,71.16
6091,52.57
6092,71.16
6093,71.16
6094,45.81
6095,40.58
6096,37.84
6097,35.11
6098,35.11
6099,35.11
6100,34.53
6101,34.53
6102,37.12
6103,40.25
6104,33.27
6105,32.66
6106,26.62
6107,23.68
6108,23.68
6109,23.68
6110,23.68
6111,30.62
6112,34.33
6113,48.16
6114,58.09
6115,50.73
6116,85.76
6117,85.76
6118,51.72
6119,45.26
6120,38.37
6121,36.54
6122,36.07
6123,35.92
6124,35.92
6125,35.92
6126,36.68
6127,42.91
6128,33.48
6129,32.14
6130,32.14
6131,31.19
6132,27.59
6133,25.94
6134,27.59
6135,30.42
6136,35.79
6137,51.86
6138,118.33
6139,50.86
6140,58.05
6141,58.05
6142,46.19
6143,44.55
6144,46.07
6145,38.87
6146,37.53
6147,38.74
6148,40.62
6149,40.70
6150,40.70
6151,46.79
6152,38.58
6153,35.20
6154,33.39
6155,27.56
6156,14.21
6157,0.00
6158,14.21
6159,27.56
6160,37.52
6161,43.30
6162,56.44
6163,48.63
6164,53.60
6165,50.26
6166,43.21
6167,40.40
6168,39.15
6169,34.53
6170,33.43
6171,33.24
6172,32.16
6173,31.98
6174,34.08
6175,34.08
6176,15.86
6177,0.00
6178,0.00
6179,0.00
6180,0.00
6181,0.00
6182,0.00
6183,0.00
6184,0.00
6185,36.55
6186,48.65
6187,50.86
6188,79.68
6189,67.74
6190,48.53
6191,48.65
6192,40.73
6193,37.58
6194,33.41
6195,33.41
6196,33.39
6197,33.39
6198,33.43
6199,33.48
6200,31.40
6201,0.00
6202,0.00
6203,0.00
6204,0.00
6205,0.00
6206,0.00
6207,0.00
6208,0.00
6209,42.69
6210,55.68
6211,48.67
6212,88.07
6213,54.88
6214,47.60
6215,38.55
6216,33.63
6217,33.43
6218,33.43
6219,33.43
6220,33.43
6221,33.63
6222,37.93
6223,40.99
6224,34.14
6225,25.59
6226,22.51
6227,22.51
6228,22.14
6229,22.51
6230,25.59
6231,32.49
6232,34.14
6233,48.00
6234,73.81
6235,50.72
6236,74.87
6237,74.20
6238,49.59
6239,40.80
6240,37.56
6241,33.63
6242,33.43
6243,33.43
6244,33.43
6245,33.43
6246,35.11
6247,40.14
6248,32.49
6249,31.74
6250,27.48
6251,27.48
6252,27.28
6253,24.61
6254,27.50
6255,31.25
6256,32.22
6257,42.09
6258,50.92
6259,51.22
6260,98.73
6261,69.31
6262,51.02
6263,48.88
6264,37.45
6265,35.11
6266,33.43
6267,33.43
6268,33.43
6269,33.43
6270,35.92
6271,39.30
6272,31.76
6273,29.82
6274,29.39
6275,29.39
6276,28.49
6277,29.39
6278,31.19
6279,31.76
6280,39.30
6281,45.90
6282,60.84
6283,50.68
6284,115.62
6285,51.96
6286,48.01
6287,42.34
6288,37.47
6289,35.92
6290,33.63
6291,33.63
6292,33.63
6293,33.63
6294,35.92
6295,39.06
6296,33.35
6297,33.35
6298,33.35
6299,33.35
6300,33.35
6301,33.35
6302,33.35
6303,33.63
6304,41.07
6305,49.59
6306,62.68
6307,52.46
6308,107.34
6309,55.62
6310,44.06
6311,43.70
6312,38.76
6313,35.11
6314,35.11
6315,35.11
6316,35.11
6317,35.92
6318,39.66
6319,45.20
6320,37.81
6321,31.74
6322,25.59
6323,24.45
6324,0.00
6325,14.21
6326,25.59
6327,30.45
6328,35.61
6329,53.28
6330,88.53
6331,53.28
6332,54.54
6333,51.96
6334,49.59
6335,49.59
6336,40.64
6337,38.74
6338,34.53
6339,34.53
6340,33.52
6341,34.53
6342,35.11
6343,39.41
6344,31.68
6345,0.00
6346,0.00
6347,0.00
6348,0.00
6349,0.00
6350,0.00
6351,21.80
6352,32.11
6353,43.60
6354,49.59
6355,51.05
6356,95.36
6357,60.07
6358,49.59
6359,54.83
6360,40.57
6361,40.17
6362,35.92
6363,35.11
6364,35.11
6365,35.11
6366,36.69
6367,40.73
6368,32.36
6369,25.24
6370,0.00
6371,0.00
6372,0.00
6373,0.00
6374,0.00
6375,20.20
6376,37.28
6377,47.67
6378,53.38
6379,52.85
6380,55.47
6381,61.39
6382,52.16
6383,42.93
6384,40.73
6385,35.11
6386,33.63
6387,33.52
6388,34.10
6389,33.63
6390,35.11
6391,39.59
6392,36.76
6393,32.93
6394,30.62
6395,30.62
6396,30.62
6397,30.62
6398,31.25
6399,33.90
6400,39.67
6401,47.92
6402,50.72
6403,51.29
6404,114.77
6405,51.29
6406,44.61
6407,42.59
6408,39.25
6409,36.94
6410,36.94
6411,36.94
6412,36.64
6413,36.64
6414,37.53
6415,42.91
6416,37.40
6417,36.10
6418,35.78
6419,35.93
6420,35.87
6421,35.87
6422,35.87
6423,41.36
6424,42.57
6425,47.51
6426,50.41
6427,50.41
6428,115.70
6429,51.67
6430,44.94
6431,42.34
6432,44.80
6433,35.12
6434,35.12
6435,35.27
6436,35.12
6437,37.53
6438,40.44
6439,44.11
6440,42.04
6441,34.98
6442,35.06
6443,34.98
6444,34.98
6445,34.98
6446,35.02
6447,39.58
6448,46.26
6449,60.86
6450,79.96
6451,53.91
6452,99.07
6453,56.35
6454,58.42
6455,43.10
6456,39.18
6457,34.53
6458,33.63
6459,33.52
6460,33.52
6461,33.63
6462,35.11
6463,42.67
6464,36.03
6465,33.39
6466,31.25
6467,31.25
6468,31.25
6469,31.25
6470,33.46
6471,41.32
6472,50.26
6473,58.86
6474,102.81
6475,53.71
6476,102.10
6477,56.57
6478,50.89
6479,54.89
6480,41.33
6481,37.53
6482,36.44
6483,35.11
6484,36.58
6485,35.58
6486,37.53
6487,43.74
6488,36.58
6489,32.49
6490,31.25
6491,31.19
6492,31.19
6493,31.25
6494,33.39
6495,36.58
6496,47.42
6497,62.40
6498,631.62
6499,62.40
6500,772.74
6501,62.40
6502,62.40
6503,51.98
6504,41.75
6505,40.61
6506,35.92
6507,35.11
6508,34.90
6509,34.90
6510,35.92
6511,38.74
6512,34.90
6513,24.94
6514,0.00
6515,0.00
6516,0.00
6517,24.94
6518,25.45
6519,33.52
6520,40.08
6521,54.54
6522,70.58
6523,69.24
6524,70.58
6525,52.71
6526,43.46
6527,79.83
6528,37.78
6529,35.11
6530,33.65
6531,33.43
6532,32.86
6533,33.43
6534,34.42
6535,36.92
6536,34.42
6537,0.00
6538,0.00
6539,0.00
6540,0.00
6541,0.00
6542,0.00
6543,25.29
6544,33.79
6545,48.96
6546,49.58
6547,48.96
6548,60.18
6549,60.18
6550,48.96
6551,41.79
6552,35.92
6553,33.71
6554,33.63
6555,33.63
6556,33.63
6557,33.63
6558,35.11
6559,40.46
6560,32.66
6561,32.66
6562,31.19
6563,31.19
6564,29.07
6565,29.10
6566,31.78
6567,34.75
6568,42.78
6569,49.87
6570,52.17
6571,52.17
6572,115.76
6573,52.17
6574,52.17
6575,45.26
6576,38.37
6577,36.16
6578,35.64
6579,34.45
6580,34.44
6581,33.92
6582,36.16
6583,37.03
6584,33.92
6585,31.46
6586,25.93
6587,25.24
6588,25.93
6589,26.37
6590,27.80
6591,31.95
6592,33.92
6593,50.32
6594,52.53
6595,54.23
6596,74.71
6597,52.53
6598,48.89
6599,46.58
6600,37.03
6601,34.44
6602,34.44
6603,34.58
6604,35.64
6605,37.03
6606,37.03
6607,46.64
6608,41.34
6609,32.39
6610,1.48
6611,0.00
6612,0.00
6613,1.48
6614,28.57
6615,34.21
6616,38.72
6617,55.12
6618,62.57
6619,60.10
6620,116.58
6621,61.66
6622,55.12
6623,50.07
6624,41.15
6625,36.12
6626,35.05
6627,35.76
6628,35.64
6629,35.64
6630,35.64
6631,38.79
6632,36.05
6633,30.03
6634,27.73
6635,27.73
6636,27.73
6637,27.73
6638,33.92
6639,36.05
6640,48.37
6641,57.79
6642,59.94
6643,57.95
6644,59.94
6645,56.79
6646,52.69
6647,51.08
6648,43.62
6649,46.04
6650,38.71
6651,38.71
6652,42.37
6653,38.71
6654,46.47
6655,47.05
6656,35.11
6657,26.69
6658,25.24
6659,26.01
6660,22.99
6661,26.59
6662,31.95
6663,33.84
6664,51.28
6665,60.63
6666,68.06
6667,57.09
6668,79.79
6669,57.09
6670,50.94
6671,44.29
6672,38.71
6673,50.32
6674,42.77
6675,41.60
6676,38.71
6677,38.71
6678,42.77
6679,42.56
6680,34.22
6681,0.00
6682,0.00
6683,0.00
6684,0.00
6685,0.00
6686,0.00
6687,0.00
6688,20.84
6689,48.92
6690,51.34
6691,51.34
6692,88.61
6693,54.63
6694,46.58
6695,46.58
6696,37.03
6697,36.12
6698,34.53
6699,34.53
6700,34.53
6701,34.53
6702,36.16
6703,49.13
6704,31.46
6705,0.00
6706,0.00
6707,0.00
6708,0.00
6709,0.00
6710,0.00
6711,0.00
6712,26.42
6713,51.34
6714,51.34
6715,51.34
6716,82.17
6717,51.34
6718,54.35
6719,48.47
6720,42.35
6721,34.96
6722,34.96
6723,34.96
6724,34.96
6725,36.81
6726,41.96
6727,54.52
6728,36.12
6729,26.42
6730,0.00
6731,0.00
6732,0.00
6733,0.00
6734,0.00
6735,28.39
6736,33.46
6737,59.64
6738,59.64
6739,59.64
6740,110.64
6741,59.64
6742,50.94
6743,48.19
6744,38.55
6745,34.58
6746,34.58
6747,34.58
6748,34.58
6749,34.58
6750,34.58
6751,41.52
6752,41.52
6753,25.99
6754,16.11
6755,14.74
6756,14.21
6757,14.74
6758,26.02
6759,33.77
6760,35.88
6761,55.12
6762,59.75
6763,61.78
6764,100.29
6765,61.78
6766,60.40
6767,50.32
6768,38.71
6769,35.68
6770,37.03
6771,35.64
6772,34.96
6773,34.96
6774,39.98
6775,43.25
6776,41.96
6777,27.19
6778,6.44
6779,5.97
6780,0.00
6781,8.53
6782,28.03
6783,34.62
6784,36.50
6785,53.26
6786,59.40
6787,60.58
6788,60.58
6789,60.58
6790,50.94
6791,50.46
6792,42.96
6793,34.70
6794,34.45
6795,34.70
6796,34.58
6797,34.45
6798,34.70
6799,41.36
6800,36.55
6801,33.54
6802,22.84
6803,22.84
6804,14.21
6805,27.99
6806,30.73
6807,33.92
6808,37.59
6809,55.72
6810,58.63
6811,58.63
6812,111.50
6813,56.31
6814,51.07
6815,47.67
6816,38.71
6817,39.57
6818,37.03
6819,37.03
6820,37.03
6821,37.03
6822,39.57
6823,41.49
6824,39.72
6825,31.10
6826,26.74
6827,26.96
6828,27.25
6829,27.98
6830,29.79
6831,35.69
6832,46.64
6833,69.44
6834,73.69
6835,67.31
6836,73.69
6837,61.74
6838,50.48
6839,50.83
6840,38.73
6841,44.83
6842,37.64
6843,37.03
6844,36.16
6845,36.16
6846,36.16
6847,35.64
6848,34.05
6849,0.00
6850,0.00
6851,0.00
6852,0.00
6853,0.00
6854,0.00
6855,0.00
6856,22.47
6857,41.81
6858,44.77
6859,52.04
6860,68.51
6861,52.04
6862,50.94
6863,51.34
6864,43.35
6865,37.03
6866,37.03
6867,37.03
6868,37.03
6869,37.03
6870,40.43
6871,53.69
6872,44.45
6873,0.00
6874,0.00
6875,0.00
6876,0.00
6877,0.00
6878,0.00
6879,0.00
6880,3.54
6881,44.77
6882,50.38
6883,53.92
6884,85.02
6885,51.34
6886,50.38
6887,50.38
6888,40.43
6889,34.70
6890,33.92
6891,33.92
6892,31.95
6893,32.35
6894,34.53
6895,42.91
6896,42.91
6897,27.07
6898,22.47
6899,22.47
6900,16.94
6901,22.47
6902,23.25
6903,26.53
6904,32.43
6905,55.54
6906,55.54
6907,57.05
6908,97.67
6909,55.54
6910,47.50
6911,42.35
6912,41.60
6913,37.03
6914,37.03
6915,37.03
6916,37.03
6917,40.43
6918,44.45
6919,63.84
6920,59.21
6921,31.95
6922,29.38
6923,28.22
6924,26.37
6925,26.37
6926,31.88
6927,31.95
6928,32.43
6929,50.94
6930,53.37
6931,72.22
6932,111.37
6933,68.06
6934,68.00
6935,56.64
6936,43.62
6937,37.47
6938,37.03
6939,36.90
6940,36.90
6941,36.90
6942,38.73
6943,43.04
6944,45.57
6945,33.92
6946,31.60
6947,29.16
6948,29.45
6949,29.45
6950,32.55
6951,33.85
6952,37.74
6953,52.28
6954,52.28
6955,52.28
6956,119.93
6957,52.28
6958,52.28
6959,47.98
6960,43.16
6961,37.03
6962,36.05
6963,34.92
6964,34.92
6965,34.92
6966,38.73
6967,41.92
6968,41.04
6969,32.23
6970,32.17
6971,32.23
6972,32.23
6973,32.23
6974,32.23
6975,34.44
6976,34.49
6977,50.94
6978,53.80
6979,56.67
6980,109.41
6981,53.80
6982,50.40
6983,44.54
6984,38.71
6985,38.73
6986,38.73
6987,38.73
6988,38.73
6989,38.73
6990,46.10
6991,55.16
6992,46.10
6993,29.84
6994,21.07
6995,21.07
6996,0.00
6997,0.00
6998,21.56
6999,31.41
7000,35.32
7001,61.77
7002,54.73
7003,113.96
7004,72.73
7005,61.77
7006,67.25
7007,67.25
7008,46.64
7009,41.49
7010,37.47
7011,37.03
7012,37.03
7013,37.47
7014,41.49
7015,41.49
7016,30.73
7017,23.26
7018,0.00
7019,0.00
7020,0.00
7021,0.00
7022,0.00
7023,0.00
7024,31.95
7025,47.06
7026,50.94
7027,50.94
7028,59.35
7029,50.94
7030,50.94
7031,45.23
7032,40.43
7033,35.64
7034,34.58
7035,34.58
7036,34.58
7037,34.58
7038,35.64
7039,41.52
7040,33.00
7041,32.92
7042,31.23
7043,25.35
7044,22.96
7045,0.00
7046,23.71
7047,32.38
7048,35.22
7049,47.02
7050,52.73
7051,58.76
7052,69.34
7053,58.76
7054,54.29
7055,45.23
7056,42.23
7057,37.06
7058,37.03
7059,37.03
7060,37.03
7061,37.03
7062,37.16
7063,41.49
7064,44.45
7065,37.03
7066,37.03
7067,37.08
7068,37.03
7069,37.03
7070,37.03
7071,37.03
7072,44.20
7073,92.39
7074,50.94
7075,64.39
7076,92.39
7077,66.92
7078,50.94
7079,41.96
7080,37.47
7081,37.03
7082,37.03
7083,37.03
7084,37.03
7085,37.03
7086,41.96
7087,44.77
7088,50.44
7089,37.34
7090,34.53
7091,34.53
7092,34.53
7093,34.53
7094,34.53
7095,34.53
7096,34.53
7097,46.04
7098,49.12
7099,50.94
7100,109.65
7101,50.94
7102,46.34
7103,45.23
7104,41.49
7105,37.60
7106,37.03
7107,34.58
7108,34.58
7109,34.58
7110,37.03
7111,43.81
7112,50.56
7113,34.07
7114,32.24
7115,32.40
7116,33.92
7117,32.24
7118,32.24
7119,32.24
7120,37.52
7121,56.78
7122,56.78
7123,62.44
7124,84.46
7125,62.44
7126,56.78
7127,56.95
7128,48.74
7129,41.61
7130,38.71
7131,38.71
7132,38.71
7133,38.71
7134,42.89
7135,47.67
7136,74.27
7137,33.35
7138,30.97
7139,31.78
7140,28.35
7141,26.42
7142,31.79
7143,33.85
7144,35.19
7145,50.94
7146,56.46
7147,63.11
7148,111.45
7149,61.40
7150,50.46
7151,47.03
7152,39.81
7153,37.06
7154,37.06
7155,37.06
7156,37.06
7157,37.06
7158,37.47
7159,51.82
7160,56.62
7161,34.70
7162,33.50
7163,32.16
7164,33.46
7165,32.22
7166,33.46
7167,33.46
7168,36.42
7169,54.06
7170,54.83
7171,59.79
7172,67.89
7173,57.81
7174,50.94
7175,50.94
7176,51.82
7177,45.72
7178,40.43
7179,40.43
7180,40.43
7181,40.43
7182,45.72
7183,41.54
7184,34.35
7185,32.40
7186,27.98
7187,26.37
7188,0.00
7189,0.00
7190,0.00
7191,26.37
7192,34.08
7193,43.62
7194,44.77
7195,55.41
7196,80.68
7197,55.41
7198,50.94
7199,51.34
7200,49.16
7201,40.43
7202,38.73
7203,38.73
7204,37.47
7205,37.47
7206,37.47
7207,42.95
7208,39.40
7209,26.05
7210,12.09
7211,12.09
7212,0.00
7213,0.00
7214,0.00
7215,26.37
7216,34.38
7217,54.39
7218,59.00
7219,77.76
7220,60.79
7221,57.86
7222,53.29
7223,43.62
7224,40.43
7225,37.34
7226,36.16
7227,36.16
7228,36.16
7229,36.16
7230,36.16
7231,42.91
7232,53.48
7233,34.45
7234,34.45
7235,34.45
7236,34.45
7237,34.45
7238,34.45
7239,34.45
7240,42.68
7241,67.72
7242,64.89
7243,96.09
7244,64.89
7245,64.89
7246,64.65
7247,48.39
7248,40.43
7249,36.12
7250,36.12
7251,36.12
7252,37.06
7253,37.47
7254,37.89
7255,41.92
7256,59.20
7257,32.40
7258,25.68
7259,0.00
7260,0.00
7261,2.62
7262,26.37
7263,33.92
7264,36.18
7265,54.81
7266,59.25
7267,77.17
7268,59.25
7269,50.46
7270,43.62
7271,42.23
7272,38.71
7273,34.51
7274,34.44
7275,34.44
7276,34.44
7277,34.44
7278,34.70
7279,37.27
7280,48.89
7281,31.93
7282,26.32
7283,26.37
7284,26.37
7285,26.37
7286,28.19
7287,31.95
7288,34.20
7289,57.61
7290,58.59
7291,88.53
7292,73.17
7293,57.76
7294,50.72
7295,48.61
7296,38.55
7297,35.64
7298,34.58
7299,34.58
7300,34.58
7301,34.58
7302,36.16
7303,42.61
7304,53.84
7305,34.53
7306,33.90
7307,32.24
7308,29.44
7309,29.57
7310,31.95
7311,31.95
7312,36.12
7313,50.46
7314,55.62
7315,88.41
7316,51.18
7317,46.42
7318,42.35
7319,41.58
7320,36.12
7321,32.58
7322,31.37
7323,30.34
7324,35.01
7325,29.94
7326,32.00
7327,32.58
7328,33.04
7329,23.60
7330,0.00
7331,0.00
7332,0.00
7333,0.00
7334,0.00
7335,14.21
7336,30.34
7337,49.63
7338,52.02
7339,53.56
7340,67.36
7341,60.68
7342,52.02
7343,49.63
7344,44.62
7345,38.19
7346,38.19
7347,38.19
7348,38.19
7349,38.19
7350,38.19
7351,38.19
7352,38.19
7353,21.19
7354,0.00
7355,0.00
7356,0.00
7357,0.00
7358,0.00
7359,0.00
7360,31.36
7361,50.20
7362,52.35
7363,77.27
7364,52.35
7365,50.20
7366,48.67
7367,44.49
7368,39.98
7369,39.11
7370,38.19
7371,38.19
7372,38.19
7373,38.19
7374,38.19
7375,45.40
7376,45.85
7377,28.43
7378,12.22
7379,12.22
7380,12.22
7381,0.00
7382,15.00
7383,26.25
7384,32.74
7385,58.77
7386,100.54
7387,100.54
7388,61.68
7389,52.35
7390,46.93
7391,40.05
7392,37.28
7393,35.50
7394,34.63
7395,34.61
7396,34.63
7397,34.63
7398,35.84
7399,48.30
7400,84.72
7401,23.97
7402,0.00
7403,0.00
7404,0.00
7405,0.00
7406,14.21
7407,24.88
7408,31.93
7409,75.76
7410,123.93
7411,123.93
7412,82.00
7413,74.18
7414,73.92
7415,59.92
7416,43.30
7417,37.28
7418,36.81
7419,36.81
7420,36.81
7421,36.81
7422,42.58
7423,43.22
7424,61.18
7425,34.26
7426,32.46
7427,29.38
7428,25.50
7429,22.03
7430,27.97
7431,31.99
7432,43.76
7433,53.74
7434,61.19
7435,113.86
7436,53.74
7437,55.86
7438,52.33
7439,51.23
7440,42.94
7441,44.42
7442,39.98
7443,36.81
7444,36.81
7445,36.81
7446,44.53
7447,44.53
7448,91.53
7449,34.43
7450,33.29
7451,33.29
7452,33.00
7453,33.00
7454,33.29
7455,33.00
7456,42.27
7457,60.69
7458,62.82
7459,99.36
7460,60.69
7461,53.70
7462,60.69
7463,47.78
7464,39.98
7465,40.07
7466,38.28
7467,36.81
7468,36.75
7469,36.75
7470,38.22
7471,44.12
7472,66.14
7473,35.06
7474,27.56
7475,26.69
7476,0.00
7477,0.00
7478,0.00
7479,18.10
7480,30.90
7481,51.10
7482,71.07
7483,68.84
7484,51.10
7485,51.10
7486,44.37
7487,42.56
7488,35.72
7489,33.29
7490,30.24
7491,28.73
7492,28.85
7493,30.35
7494,35.50
7495,36.21
7496,43.85
7497,28.99
7498,23.45
7499,21.90
7500,20.95
7501,21.90
7502,22.51
7503,27.56
7504,31.56
7505,52.35
7506,98.01
7507,57.95
7508,52.35
7509,51.17
7510,47.88
7511,47.88
7512,40.05
7513,39.98
7514,39.98
7515,39.98
7516,39.98
7517,35.58
7518,42.00
7519,42.71
7520,48.13
7521,23.81
7522,0.00
7523,0.00
7524,0.00
7525,0.00
7526,0.00
7527,23.81
7528,31.42
7529,52.35
7530,89.86
7531,56.55
7532,53.95
7533,51.85
7534,44.12
7535,46.64
7536,44.12
7537,35.72
7538,35.50
7539,35.50
7540,35.50
7541,35.50
7542,35.72
7543,43.88
7544,58.39
7545,29.36
7546,27.56
7547,27.56
7548,27.56
7549,27.56
7550,24.03
7551,30.98
7552,37.57
7553,52.64
7554,74.59
7555,52.64
7556,52.64
7557,52.64
7558,48.16
7559,47.76
7560,38.19
7561,35.50
7562,35.23
7563,35.23
7564,35.23
7565,35.23
7566,36.81
7567,42.29
7568,53.32
7569,33.51
7570,31.56
7571,31.56
7572,29.40
7573,27.56
7574,31.56
7575,31.56
7576,36.46
7577,60.85
7578,97.34
7579,77.64
7580,62.68
7581,60.85
7582,45.06
7583,48.08
7584,44.00
7585,37.28
7586,36.81
7587,36.81
7588,36.81
7589,36.81
7590,40.23
7591,44.57
7592,62.29
7593,34.25
7594,30.76
7595,30.76
7596,30.90
7597,30.61
7598,30.76
7599,34.52
7600,52.33
7601,57.46
7602,62.13
7603,113.20
7604,53.92
7605,53.92
7606,48.70
7607,51.47
7608,40.00
7609,36.81
7610,35.84
7611,35.84
7612,35.72
7613,35.72
7614,37.33
7615,42.00
7616,54.12
7617,35.84
7618,34.63
7619,35.50
7620,30.96
7621,31.20
7622,33.29
7623,36.28
7624,50.01
7625,61.40
7626,79.14
7627,113.13
7628,61.40
7629,52.64
7630,49.35
7631,46.18
7632,37.28
7633,36.81
7634,35.72
7635,35.72
7636,35.72
7637,35.72
7638,36.81
7639,42.88
7640,54.29
7641,33.46
7642,28.96
7643,28.95
7644,28.96
7645,28.96
7646,33.10
7647,33.10
7648,45.31
7649,53.63
7650,85.76
7651,52.59
7652,52.59
7653,52.59
7654,50.59
7655,47.88
7656,38.28
7657,35.72
7658,35.72
7659,35.72
7660,35.72
7661,37.28
7662,42.88
7663,42.88
7664,54.23
7665,27.79
7666,21.30
7667,0.00
7668,0.00
7669,0.00
7670,0.00
7671,14.21
7672,31.74
7673,51.34
7674,117.31
7675,52.35
7676,46.37
7677,46.37
7678,43.06
7679,43.64
7680,38.19
7681,38.19
7682,38.19
7683,38.19
7684,35.84
7685,35.84
7686,38.19
7687,38.25
7688,33.37
7689,19.93
7690,0.00
7691,0.00
7692,0.00
7693,0.00
7694,0.00
7695,18.94
7696,29.91
7697,58.56
7698,132.80
7699,63.28
7700,59.07
7701,54.27
7702,48.78
7703,57.60
7704,46.02
7705,44.64
7706,38.28
7707,38.28
7708,38.28
7709,38.28
7710,38.28
7711,45.95
7712,54.37
7713,29.26
7714,20.86
7715,0.00
7716,0.00
7717,0.00
7718,0.00
7719,20.65
7720,28.73
7721,61.78
7722,108.98
7723,66.79
7724,66.31
7725,60.72
7726,51.85
7727,45.58
7728,40.95
7729,37.28
7730,37.28
7731,37.28
7732,37.28
7733,38.92
7734,44.75
7735,44.75
7736,74.00
7737,31.00
7738,26.69
7739,23.68
7740,19.72
7741,19.72
7742,23.82
7743,27.56
7744,32.17
7745,60.73
7746,70.12
7747,99.47
7748,58.85
7749,55.33
7750,48.08
7751,44.97
7752,38.92
7753,35.84
7754,35.72
7755,35.72
7756,35.72
7757,35.72
7758,46.60
7759,49.55
7760,145.61
7761,30.20
7762,0.00
7763,0.00
7764,0.00
7765,0.00
7766,0.00
7767,22.12
7768,29.41
7769,59.07
7770,97.85
7771,97.85
7772,59.07
7773,52.35
7774,49.83
7775,49.55
7776,38.19
7777,35.84
7778,35.84
7779,35.84
7780,35.84
7781,35.84
7782,43.02
7783,43.02
7784,69.36
7785,29.40
7786,14.21
7787,0.00
7788,0.00
7789,0.00
7790,0.00
7791,23.10
7792,29.94
7793,50.06
7794,113.30
7795,56.33
7796,52.92
7797,49.59
7798,49.35
7799,49.59
7800,42.17
7801,47.88
7802,52.70
7803,45.97
7804,44.97
7805,45.29
7806,52.70
7807,45.65
7808,49.64
7809,29.41
7810,0.00
7811,0.00
7812,0.00
7813,0.00
7814,0.00
7815,0.00
7816,24.23
7817,46.55
7818,72.21
7819,72.21
7820,47.88
7821,47.88
7822,47.88
7823,47.88
7824,47.88
7825,42.94
7826,39.98
7827,39.98
7828,39.98
7829,39.98
7830,42.94
7831,43.50
7832,72.49
7833,32.42
7834,0.00
7835,0.00
7836,0.00
7837,0.00
7838,0.00
7839,0.00
7840,26.27
7841,47.83
7842,85.71
7843,59.46
7844,56.14
7845,48.08
7846,44.12
7847,52.96
7848,44.02
7849,44.12
7850,38.28
7851,38.19
7852,38.19
7853,38.19
7854,40.05
7855,39.35
7856,44.12
7857,27.21
7858,0.00
7859,0.00
7860,0.00
7861,0.00
7862,0.00
7863,0.00
7864,30.61
7865,52.35
7866,81.07
7867,66.84
7868,56.28
7869,65.33
7870,54.42
7871,65.33
7872,40.05
7873,35.72
7874,35.72
7875,35.72
7876,35.72
7877,35.72
7878,36.81
7879,43.90
7880,73.43
7881,32.35
7882,22.55
7883,22.55
7884,14.21
7885,0.00
7886,0.00
7887,20.51
7888,30.61
7889,53.36
7890,150.12
7891,87.13
7892,150.12
7893,61.61
7894,61.61
7895,47.88
7896,42.00
7897,46.14
7898,37.28
7899,37.59
7900,37.23
7901,38.78
7902,42.94
7903,50.36
7904,63.82
7905,38.78
7906,32.42
7907,28.22
7908,24.34
7909,23.30
7910,31.76
7911,30.75
7912,40.18
7913,63.82
7914,99.74
7915,99.74
7916,63.82
7917,63.82
7918,63.66
7919,51.85
7920,44.97
7921,37.28
7922,37.18
7923,37.18
7924,37.18
7925,37.23
7926,40.00
7927,44.63
7928,65.15
7929,37.23
7930,32.48
7931,32.12
7932,27.56
7933,27.27
7934,27.56
7935,32.22
7936,35.30
7937,77.97
7938,94.78
7939,94.78
7940,77.97
7941,77.97
7942,77.97
7943,47.88
7944,39.98
7945,40.79
7946,38.19
7947,37.59
7948,37.59
7949,38.19
7950,37.59
7951,40.63
7952,49.64
7953,35.84
7954,34.93
7955,35.06
7956,34.81
7957,34.90
7958,34.90
7959,34.90
7960,44.49
7961,52.35
7962,79.66
7963,79.14
7964,79.66
7965,78.82
7966,52.35
7967,51.85
7968,44.97
7969,37.28
7970,35.84
7971,37.28
7972,35.50
7973,35.84
7974,38.19
7975,42.61
7976,46.11
7977,35.28
7978,34.65
7979,34.04
7980,34.71
7981,34.71
7982,34.65
7983,35.28
7984,39.07
7985,52.64
7986,60.47
7987,61.04
7988,58.36
7989,54.79
7990,52.64
7991,52.64
7992,47.01
7993,38.28
7994,37.28
7995,37.23
7996,37.23
7997,37.23
7998,40.00
7999,40.67
8000,48.08
8001,32.10
8002,32.10
8003,29.40
8004,22.14
8005,22.14
8006,0.00
8007,22.14
8008,32.10
8009,51.36
8010,114.58
8011,51.36
8012,51.36
8013,48.36
8014,44.97
8015,49.35
8016,38.19
8017,38.28
8018,38.19
8019,38.19
8020,37.23
8021,37.28
8022,40.97
8023,39.30
8024,38.75
8025,35.97
8026,0.17
8027,0.00
8028,0.00
8029,0.00
8030,0.00
8031,18.66
8032,28.90
8033,48.08
8034,115.16
8035,68.40
8036,66.68
8037,63.35
8038,41.30
8039,45.59
8040,37.28
8041,40.05
8042,38.67
8043,37.50
8044,37.50
8045,37.50
8046,40.74
8047,45.74
8048,50.24
8049,38.83
8050,20.51
8051,0.00
8052,0.00
8053,0.00
8054,0.00
8055,20.51
8056,35.28
8057,54.87
8058,82.16
8059,83.33
8060,82.16
8061,61.03
8062,54.05
8063,50.83
8064,44.63
8065,40.20
8066,40.20
8067,40.20
8068,40.20
8069,40.20
8070,45.10
8071,54.05
8072,135.91
8073,38.70
8074,31.24
8075,20.78
8076,0.00
8077,0.00
8078,8.49
8079,22.65
8080,36.39
8081,82.11
8082,93.82
8083,88.50
8084,82.11
8085,82.11
8086,59.49
8087,75.39
8088,45.09
8089,41.99
8090,39.05
8091,39.05
8092,39.05
8093,39.05
8094,47.82
8095,77.49
8096,138.14
8097,34.22
8098,25.97
8099,0.00
8100,0.00
8101,0.00
8102,0.00
8103,24.28
8104,33.28
8105,54.60
8106,134.57
8107,85.16
8108,84.88
8109,85.16
8110,81.19
8111,54.36
8112,45.10
8113,41.16
8114,37.63
8115,37.63
8116,37.63
8117,37.63
8118,44.71
8119,45.31
8120,56.76
8121,37.00
8122,25.25
8123,14.21
8124,14.21
8125,13.89
8126,20.43
8127,23.45
8128,39.73
8129,58.58
8130,62.44
8131,111.69
8132,62.44
8133,57.33
8134,51.64
8135,51.64
8136,41.99
8137,37.63
8138,36.27
8139,35.97
8140,36.27
8141,37.18
8142,43.18
8143,49.82
8144,86.61
8145,32.77
8146,27.86
8147,25.65
8148,20.11
8149,10.66
8150,21.71
8151,27.86
8152,32.92
8153,56.88
8154,103.97
8155,63.35
8156,58.69
8157,58.69
8158,56.58
8159,50.38
8160,42.12
8161,38.67
8162,37.36
8163,37.50
8164,37.18
8165,37.18
8166,38.67
8167,42.01
8168,45.23
8169,37.50
8170,33.21
8171,33.21
8172,33.21
8173,33.21
8174,33.21
8175,33.21
8176,36.22
8177,54.05
8178,62.50
8179,96.83
8180,59.29
8181,54.82
8182,50.38
8183,47.12
8184,39.05
8185,41.99
8186,41.99
8187,43.18
8188,42.90
8189,39.05
8190,45.18
8191,45.18
8192,45.18
8193,29.45
8194,0.00
8195,0.00
8196,0.00
8197,0.00
8198,0.00
8199,22.81
8200,32.03
8201,55.55
8202,84.43
8203,94.40
8204,61.26
8205,52.53
8206,55.95
8207,61.26
8208,45.10
8209,39.05
8210,39.00
8211,39.00
8212,39.00
8213,39.00
8214,41.99
8215,49.48
8216,62.11
8217,36.22
8218,0.00
8219,0.00
8220,0.00
8221,0.00
8222,0.00
8223,0.00
8224,31.64
8225,69.41
8226,78.00
8227,75.12
8228,78.00
8229,74.72
8230,59.65
8231,47.12
8232,42.12
8233,39.05
8234,38.67
8235,38.67
8236,38.67
8237,38.67
8238,39.98
8239,44.20
8240,67.39
8241,35.39
8242,30.64
8243,30.39
8244,29.45
8245,23.10
8246,30.74
8247,32.30
8248,37.36
8249,60.58
8250,60.58
8251,115.60
8252,60.58
8253,60.58
8254,60.58
8255,55.67
8256,45.72
8257,40.05
8258,39.05
8259,38.67
8260,38.67
8261,38.67
8262,41.99
8263,46.42
8264,111.88
8265,45.74
8266,32.91
8267,30.05
8268,23.50
8269,23.70
8270,27.77
8271,32.91
8272,38.77
8273,59.43
8274,62.44
8275,117.46
8276,62.44
8277,62.44
8278,62.44
8279,56.17
8280,47.12
8281,40.05
8282,40.05
8283,40.05
8284,40.05
8285,40.05
8286,47.12
8287,52.37
8288,81.19
8289,38.67
8290,31.92
8291,31.92
8292,29.45
8293,31.92
8294,31.92
8295,31.92
8296,42.83
8297,54.60
8298,67.31
8299,113.13
8300,62.78
8301,62.78
8302,54.98
8303,54.60
8304,45.69
8305,38.67
8306,37.18
8307,37.18
8308,37.18
8309,37.18
8310,40.05
8311,44.64
8312,77.57
8313,39.05
8314,33.94
8315,33.04
8316,33.04
8317,33.04
8318,33.04
8319,33.04
8320,41.32
8321,54.05
8322,56.36
8323,112.21
8324,62.44
8325,56.56
8326,56.36
8327,56.36
8328,47.12
8329,40.05
8330,39.05
8331,39.05
8332,39.05
8333,40.00
8334,45.02
8335,46.88
8336,89.86
8337,40.00
8338,36.41
8339,32.22
8340,27.37
8341,23.75
8342,25.62
8343,32.22
8344,32.22
8345,54.87
8346,78.60
8347,83.05
8348,59.86
8349,59.86
8350,59.05
8351,59.05
8352,47.12
8353,45.26
8354,44.71
8355,41.99
8356,40.05
8357,40.05
8358,44.71
8359,44.71
8360,50.41
8361,36.24
8362,30.16
8363,14.21
8364,0.00
8365,0.00
8366,0.00
8367,22.26
8368,32.22
8369,54.60
8370,60.62
8371,103.36
8372,60.62
8373,60.32
8374,54.60
8375,54.60
8376,47.12
8377,42.43
8378,41.99
8379,39.05
8380,39.05
8381,39.05
8382,41.99
8383,45.23
8384,46.88
8385,37.99
8386,36.69
8387,26.73
8388,15.62
8389,0.00
8390,0.00
8391,23.58
8392,34.22
8393,48.34
8394,57.64
8395,61.75
8396,59.31
8397,57.64
8398,54.13
8399,48.53
8400,40.05
8401,37.63
8402,37.02
8403,37.02
8404,37.02
8405,37.18
8406,39.05
8407,43.76
8408,51.68
8409,37.58
8410,36.95
8411,36.43
8412,36.43
8413,36.43
8414,36.43
8415,36.43
8416,39.59
8417,52.95
8418,60.72
8419,120.18
8420,65.45
8421,65.45
8422,65.45
8423,54.52
8424,47.33
8425,39.24
8426,38.67
8427,38.67
8428,38.67
8429,39.05
8430,42.01
8431,46.42
8432,93.16
8433,39.05
8434,36.38
8435,36.38
8436,36.22
8437,36.22
8438,35.49
8439,35.81
8440,43.74
8441,81.85
8442,87.15
8443,83.49
8444,82.18
8445,82.18
8446,82.18
8447,57.53
8448,44.26
8449,40.05
8450,38.67
8451,38.67
8452,38.67
8453,38.67
8454,40.05
8455,45.17
8456,77.17
8457,38.67
8458,36.22
8459,36.95
8460,36.22
8461,35.33
8462,36.22
8463,37.18
8464,37.51
8465,57.23
8466,69.82
8467,74.28
8468,65.89
8469,57.45
8470,54.05
8471,50.82
8472,42.01
8473,41.99
8474,38.67
8475,38.67
8476,38.67
8477,38.67
8478,40.20
8479,42.01
8480,64.29
8481,40.61
8482,39.59
8483,39.59
8484,39.05
8485,38.67
8486,38.07
8487,37.18
8488,38.67
8489,69.50
8490,96.59
8491,98.16
8492,72.29
8493,71.83
8494,69.50
8495,72.29
8496,42.01
8497,38.67
8498,37.63
8499,37.63
8500,37.63
8501,37.63
8502,40.01
8503,45.09
8504,92.29
8505,38.54
8506,36.22
8507,35.21
8508,30.05
8509,25.62
8510,30.05
8511,33.14
8512,36.03
8513,50.51
8514,60.69
8515,108.62
8516,62.20
8517,60.34
8518,54.59
8519,51.60
8520,45.12
8521,43.48
8522,38.67
8523,37.36
8524,37.36
8525,37.36
8526,37.36
8527,37.36
8528,41.41
8529,37.44
8530,37.18
8531,36.53
8532,36.53
8533,36.53
8534,36.53
8535,36.22
8536,36.22
8537,45.05
8538,113.90
8539,59.88
8540,54.25
8541,51.04
8542,46.33
8543,48.84
8544,45.12
8545,39.05
8546,37.18
8547,36.10
8548,36.10
8549,36.10
8550,36.10
8551,36.10
8552,37.53
8553,37.38
8554,33.27
8555,32.76
8556,32.76
8557,32.76
8558,29.36
8559,26.27
8560,30.53
8561,45.46
8562,61.84
8563,63.42
8564,63.42
8565,59.91
8566,50.87
8567,49.94
8568,43.22
8569,37.18
8570,36.76
8571,36.76
8572,36.76
8573,36.76
8574,39.05
8575,38.67
8576,51.53
8577,39.05
8578,32.77
8579,32.53
8580,29.45
8581,26.45
8582,26.45
8583,26.45
8584,32.22
8585,50.25
8586,62.08
8587,111.53
8588,60.58
8589,57.31
8590,46.20
8591,47.69
8592,40.05
8593,37.50
8594,36.76
8595,37.18
8596,36.76
8597,36.76
8598,37.18
8599,40.05
8600,44.13
8601,36.02
8602,33.27
8603,29.45
8604,27.63
8605,29.45
8606,30.50
8607,33.01
8608,62.42
8609,54.05
8610,65.84
8611,87.88
8612,54.82
8613,54.82
8614,52.93
8615,49.32
8616,41.99
8617,39.05
8618,37.18
8619,36.76
8620,36.76
8621,37.63
8622,40.20
8623,40.58
8624,60.26
8625,45.41
8626,38.67
8627,35.21
8628,32.53
8629,32.53
8630,32.20
8631,32.66
8632,34.64
8633,54.60
8634,107.65
8635,64.68
8636,66.07
8637,54.60
8638,54.05
8639,51.05
8640,40.05
8641,40.05
8642,37.79
8643,37.36
8644,37.36
8645,37.36
8646,40.20
8647,44.85
8648,48.82
8649,40.47
8650,32.66
8651,27.77
8652,27.63
8653,27.63
8654,27.63
8655,29.78
8656,125.82
8657,46.83
8658,74.56
8659,74.56
8660,63.04
8661,57.94
8662,57.94
8663,60.91
8664,49.94
8665,40.05
8666,39.11
8667,37.18
8668,37.18
8669,37.18
8670,41.76
8671,44.71
8672,46.95
8673,42.72
8674,34.88
8675,34.96
8676,34.96
8677,33.89
8678,27.15
8679,24.31
8680,34.11
8681,65.35
8682,65.35
8683,86.14
8684,65.35
8685,59.52
8686,54.44
8687,54.44
8688,43.15
8689,42.01
8690,38.67
8691,37.50
8692,37.50
8693,38.67
8694,45.02
8695,43.09
8696,45.26
8697,34.90
8698,29.17
8699,22.81
8700,22.78
8701,21.72
8702,21.72
8703,21.72
8704,29.69
8705,51.00
8706,122.08
8707,64.16
8708,51.00
8709,51.00
8710,49.94
8711,48.75
8712,42.66
8713,48.84
8714,42.05
8715,40.05
8716,40.05
8717,39.05
8718,39.05
8719,42.05
8720,43.18
8721,44.19
8722,20.38
8723,18.60
8724,0.00
8725,0.00
8726,0.00
8727,15.35
8728,15.55
8729,47.12
8730,92.56
8731,57.73
8732,61.89
8733,61.75
8734,53.95
8735,48.09
8736,37.33
8737,48.84
8738,42.05
8739,40.05
8740,40.05
8741,39.05
8742,39.05
8743,42.05
8744,43.18
8745,44.19
8746,20.38
8747,18.60
8748,0.00
8749,0.00
8750,0.00
8751,15.35
8752,15.55
8753,47.12
8754,92.56
8755,57.73
8756,61.89
8757,61.75
8758,53.95
8759,48.09
8760,37.33
