DATETIME, VALUE
04/01/2024 12:00 AM, 0
04/01/2024  1:00 AM, 0
04/01/2024  2:00 AM, 0
04/01/2024  3:00 AM, 0
04/01/2024  4:00 AM, 0
04/01/2024  5:00 AM, 0
04/01/2024  6:00 AM, 0
04/01/2024  7:00 AM, 0
04/01/2024  8:00 AM, 0
04/01/2024  9:00 AM, 0
04/01/2024 10:00 AM, 0
04/01/2024 11:00 AM, 0
04/01/2024 12:00 PM, 0
04/01/2024  1:00 PM, 0
04/01/2024  2:00 PM, 0
04/01/2024  3:00 PM, 0
04/01/2024  4:00 PM, 0
04/01/2024  5:00 PM, 14
04/01/2024  6:00 PM, 0
04/01/2024  7:00 PM, 0
04/01/2024  8:00 PM, 14
04/01/2024  9:00 PM, 14
04/01/2024 10:00 PM, 14
04/01/2024 11:00 PM, 0
04/02/2024 12:00 AM, 0
04/02/2024  1:00 AM, 0
04/02/2024  2:00 AM, 0
04/02/2024  3:00 AM, 0
04/02/2024  4:00 AM, 0
04/02/2024  5:00 AM, 0
04/02/2024  6:00 AM, 0
04/02/2024  7:00 AM, 0
04/02/2024  8:00 AM, 0
04/02/2024  9:00 AM, 0
04/02/2024 10:00 AM, 0
04/02/2024 11:00 AM, 0
04/02/2024 12:00 PM, 0
04/02/2024  1:00 PM, 0
04/02/2024  2:00 PM, 0
04/02/2024  3:00 PM, 14
04/02/2024  4:00 PM, 14
04/02/2024  5:00 PM, 14
04/02/2024  6:00 PM, 0
04/02/2024  7:00 PM, 0
04/02/2024  8:00 PM, 14
04/02/2024  9:00 PM, 14
04/02/2024 10:00 PM, 14
04/02/2024 11:00 PM, 0
04/03/2024 12:00 AM, 0
04/03/2024  1:00 AM, 0
04/03/2024  2:00 AM, 0
04/03/2024  3:00 AM, 0
04/03/2024  4:00 AM, 0
04/03/2024  5:00 AM, 0
04/03/2024  6:00 AM, 0
04/03/2024  7:00 AM, 0
04/03/2024  8:00 AM, 0
04/03/2024  9:00 AM, 0
04/03/2024 10:00 AM, 0
04/03/2024 11:00 AM, 0
04/03/2024 12:00 PM, 0
04/03/2024  1:00 PM, 0
04/03/2024  2:00 PM, 0
04/03/2024  3:00 PM, 14
04/03/2024  4:00 PM, 0
04/03/2024  5:00 PM, 0
04/03/2024  6:00 PM, 14
04/03/2024  7:00 PM, 14
04/03/2024  8:00 PM, 14
04/03/2024  9:00 PM, 0
04/03/2024 10:00 PM, 14
04/03/2024 11:00 PM, 0
04/04/2024 12:00 AM, 0
04/04/2024  1:00 AM, 0
04/04/2024  2:00 AM, 0
04/04/2024  3:00 AM, 0
04/04/2024  4:00 AM, 0
04/04/2024  5:00 AM, 0
04/04/2024  6:00 AM, 0
04/04/2024  7:00 AM, 0
04/04/2024  8:00 AM, 0
04/04/2024  9:00 AM, 0
04/04/2024 10:00 AM, 0
04/04/2024 11:00 AM, 0
04/04/2024 12:00 PM, 0
04/04/2024  1:00 PM, 0
04/04/2024  2:00 PM, 0
04/04/2024  3:00 PM, 0
04/04/2024  4:00 PM, 0
04/04/2024  5:00 PM, 14
04/04/2024  6:00 PM, 14
04/04/2024  7:00 PM, 14
04/04/2024  8:00 PM, 14
04/04/2024  9:00 PM, 14
04/04/2024 10:00 PM, 14
04/04/2024 11:00 PM, 0
04/05/2024 12:00 AM, 0
04/05/2024  1:00 AM, 0
04/05/2024  2:00 AM, 0
04/05/2024  3:00 AM, 0
04/05/2024  4:00 AM, 0
04/05/2024  5:00 AM, 0
04/05/2024  6:00 AM, 0
04/05/2024  7:00 AM, 0
04/05/2024  8:00 AM, 0
04/05/2024  9:00 AM, 0
04/05/2024 10:00 AM, 0
04/05/2024 11:00 AM, 0
04/05/2024 12:00 PM, 0
04/05/2024  1:00 PM, 0
04/05/2024  2:00 PM, 0
04/05/2024  3:00 PM, 0
04/05/2024  4:00 PM, 14
04/05/2024  5:00 PM, 14
04/05/2024  6:00 PM, 0
04/05/2024  7:00 PM, 14
04/05/2024  8:00 PM, 0
04/05/2024  9:00 PM, 14
04/05/2024 10:00 PM, 0
04/05/2024 11:00 PM, 0
04/06/2024 12:00 AM, 0
04/06/2024  1:00 AM, 0
04/06/2024  2:00 AM, 0
04/06/2024  3:00 AM, 0
04/06/2024  4:00 AM, 0
04/06/2024  5:00 AM, 0
04/06/2024  6:00 AM, 0
04/06/2024  7:00 AM, 0
04/06/2024  8:00 AM, 0
04/06/2024  9:00 AM, 0
04/06/2024 10:00 AM, 0
04/06/2024 11:00 AM, 0
04/06/2024 12:00 PM, 0
04/06/2024  1:00 PM, 0
04/06/2024  2:00 PM, 0
04/06/2024  3:00 PM, 0
04/06/2024  4:00 PM, 14
04/06/2024  5:00 PM, 14
04/06/2024  6:00 PM, 0
04/06/2024  7:00 PM, 14
04/06/2024  8:00 PM, 14
04/06/2024  9:00 PM, 0
04/06/2024 10:00 PM, 0
04/06/2024 11:00 PM, 0
04/07/2024 12:00 AM, 0
04/07/2024  1:00 AM, 0
04/07/2024  2:00 AM, 0
04/07/2024  3:00 AM, 0
04/07/2024  4:00 AM, 0
04/07/2024  5:00 AM, 0
04/07/2024  6:00 AM, 0
04/07/2024  7:00 AM, 0
04/07/2024  8:00 AM, 0
04/07/2024  9:00 AM, 0
04/07/2024 10:00 AM, 0
04/07/2024 11:00 AM, 0
04/07/2024 12:00 PM, 0
04/07/2024  1:00 PM, 0
04/07/2024  2:00 PM, 14
04/07/2024  3:00 PM, 0
04/07/2024  4:00 PM, 14
04/07/2024  5:00 PM, 14
04/07/2024  6:00 PM, 14
04/07/2024  7:00 PM, 14
04/07/2024  8:00 PM, 14
04/07/2024  9:00 PM, 0
04/07/2024 10:00 PM, 0
04/07/2024 11:00 PM, 0
04/08/2024 12:00 AM, 0
04/08/2024  1:00 AM, 0
04/08/2024  2:00 AM, 0
04/08/2024  3:00 AM, 0
04/08/2024  4:00 AM, 0
04/08/2024  5:00 AM, 0
04/08/2024  6:00 AM, 0
04/08/2024  7:00 AM, 0
04/08/2024  8:00 AM, 0
04/08/2024  9:00 AM, 0
04/08/2024 10:00 AM, 0
04/08/2024 11:00 AM, 0
04/08/2024 12:00 PM, 0
04/08/2024  1:00 PM, 0
04/08/2024  2:00 PM, 0
04/08/2024  3:00 PM, 0
04/08/2024  4:00 PM, 0
04/08/2024  5:00 PM, 0
04/08/2024  6:00 PM, 0
04/08/2024  7:00 PM, 14
04/08/2024  8:00 PM, 14
04/08/2024  9:00 PM, 4.6648
04/08/2024 10:00 PM, 14
04/08/2024 11:00 PM, 0
04/09/2024 12:00 AM, 0
04/09/2024  1:00 AM, 0
04/09/2024  2:00 AM, 0
04/09/2024  3:00 AM, 0
04/09/2024  4:00 AM, 0
04/09/2024  5:00 AM, 0
04/09/2024  6:00 AM, 0
04/09/2024  7:00 AM, 0
04/09/2024  8:00 AM, 0
04/09/2024  9:00 AM, 0
04/09/2024 10:00 AM, 0
04/09/2024 11:00 AM, 0
04/09/2024 12:00 PM, 0
04/09/2024  1:00 PM, 0
04/09/2024  2:00 PM, 0
04/09/2024  3:00 PM, 0
04/09/2024  4:00 PM, 0
04/09/2024  5:00 PM, 0
04/09/2024  6:00 PM, 14
04/09/2024  7:00 PM, 14
04/09/2024  8:00 PM, 14
04/09/2024  9:00 PM, 14
04/09/2024 10:00 PM, 14
04/09/2024 11:00 PM, 0
04/10/2024 12:00 AM, 0
04/10/2024  1:00 AM, 0
04/10/2024  2:00 AM, 0
04/10/2024  3:00 AM, 0
04/10/2024  4:00 AM, 0
04/10/2024  5:00 AM, 0
04/10/2024  6:00 AM, 0
04/10/2024  7:00 AM, 0
04/10/2024  8:00 AM, 0
04/10/2024  9:00 AM, 0
04/10/2024 10:00 AM, 0
04/10/2024 11:00 AM, 0
04/10/2024 12:00 PM, 0
04/10/2024  1:00 PM, 0
04/10/2024  2:00 PM, 0
04/10/2024  3:00 PM, 0
04/10/2024  4:00 PM, 0
04/10/2024  5:00 PM, 0
04/10/2024  6:00 PM, 0
04/10/2024  7:00 PM, 0
04/10/2024  8:00 PM, 0
04/10/2024  9:00 PM, 0
04/10/2024 10:00 PM, 0
04/10/2024 11:00 PM, 0
04/11/2024 12:00 AM, 0
04/11/2024  1:00 AM, 11.6662
04/11/2024  2:00 AM, 0
04/11/2024  3:00 AM, 0
04/11/2024  4:00 AM, 0
04/11/2024  5:00 AM, 0
04/11/2024  6:00 AM, 0
04/11/2024  7:00 AM, 0
04/11/2024  8:00 AM, 0
04/11/2024  9:00 AM, 0
04/11/2024 10:00 AM, 0
04/11/2024 11:00 AM, 0
04/11/2024 12:00 PM, 0
04/11/2024  1:00 PM, 0
04/11/2024  2:00 PM, 0
04/11/2024  3:00 PM, 0
04/11/2024  4:00 PM, 0
04/11/2024  5:00 PM, 14
04/11/2024  6:00 PM, 14
04/11/2024  7:00 PM, 0
04/11/2024  8:00 PM, 14
04/11/2024  9:00 PM, 14
04/11/2024 10:00 PM, 13.9972
04/11/2024 11:00 PM, 0
04/12/2024 12:00 AM, 0
04/12/2024  1:00 AM, 11.6662
04/12/2024  2:00 AM, 0
04/12/2024  3:00 AM, 0
04/12/2024  4:00 AM, 14
04/12/2024  5:00 AM, 0
04/12/2024  6:00 AM, 0
04/12/2024  7:00 AM, 0
04/12/2024  8:00 AM, 0
04/12/2024  9:00 AM, 0
04/12/2024 10:00 AM, 0
04/12/2024 11:00 AM, 0
04/12/2024 12:00 PM, 0
04/12/2024  1:00 PM, 0
04/12/2024  2:00 PM, 0
04/12/2024  3:00 PM, 0
04/12/2024  4:00 PM, 0
04/12/2024  5:00 PM, 14
04/12/2024  6:00 PM, 0
04/12/2024  7:00 PM, 14
04/12/2024  8:00 PM, 14
04/12/2024  9:00 PM, 14
04/12/2024 10:00 PM, 0
04/12/2024 11:00 PM, 0
04/13/2024 12:00 AM, 0
04/13/2024  1:00 AM, 0
04/13/2024  2:00 AM, 0
04/13/2024  3:00 AM, 0
04/13/2024  4:00 AM, 0
04/13/2024  5:00 AM, 14
04/13/2024  6:00 AM, 0
04/13/2024  7:00 AM, 0
04/13/2024  8:00 AM, 0
04/13/2024  9:00 AM, 0
04/13/2024 10:00 AM, 0
04/13/2024 11:00 AM, 0
04/13/2024 12:00 PM, 0
04/13/2024  1:00 PM, 0
04/13/2024  2:00 PM, 0
04/13/2024  3:00 PM, 0
04/13/2024  4:00 PM, 0
04/13/2024  5:00 PM, 0
04/13/2024  6:00 PM, 0
04/13/2024  7:00 PM, 14
04/13/2024  8:00 PM, 14
04/13/2024  9:00 PM, 0
04/13/2024 10:00 PM, 0
04/13/2024 11:00 PM, 0
04/14/2024 12:00 AM, 0
04/14/2024  1:00 AM, 0
04/14/2024  2:00 AM, 0
04/14/2024  3:00 AM, 0
04/14/2024  4:00 AM, 0
04/14/2024  5:00 AM, 0
04/14/2024  6:00 AM, 0
04/14/2024  7:00 AM, 0
04/14/2024  8:00 AM, 0
04/14/2024  9:00 AM, 0
04/14/2024 10:00 AM, 0
04/14/2024 11:00 AM, 0
04/14/2024 12:00 PM, 0
04/14/2024  1:00 PM, 0
04/14/2024  2:00 PM, 0
04/14/2024  3:00 PM, 0
04/14/2024  4:00 PM, 0
04/14/2024  5:00 PM, 0
04/14/2024  6:00 PM, 0
04/14/2024  7:00 PM, 0
04/14/2024  8:00 PM, 14
04/14/2024  9:00 PM, 0
04/14/2024 10:00 PM, 0
04/14/2024 11:00 PM, 0
04/15/2024 12:00 AM, 0
04/15/2024  1:00 AM, 0
04/15/2024  2:00 AM, 0
04/15/2024  3:00 AM, 0
04/15/2024  4:00 AM, 0
04/15/2024  5:00 AM, 0
04/15/2024  6:00 AM, 0
04/15/2024  7:00 AM, 0
04/15/2024  8:00 AM, 0
04/15/2024  9:00 AM, 0
04/15/2024 10:00 AM, 0
04/15/2024 11:00 AM, 0
04/15/2024 12:00 PM, 0
04/15/2024  1:00 PM, 0
04/15/2024  2:00 PM, 0
04/15/2024  3:00 PM, 0
04/15/2024  4:00 PM, 0
04/15/2024  5:00 PM, 0
04/15/2024  6:00 PM, 14
04/15/2024  7:00 PM, 14
04/15/2024  8:00 PM, 14
04/15/2024  9:00 PM, 14
04/15/2024 10:00 PM, 0
04/15/2024 11:00 PM, 0
04/16/2024 12:00 AM, 0
04/16/2024  1:00 AM, 0
04/16/2024  2:00 AM, 0
04/16/2024  3:00 AM, 0
04/16/2024  4:00 AM, 0
04/16/2024  5:00 AM, 0
04/16/2024  6:00 AM, 0
04/16/2024  7:00 AM, 0
04/16/2024  8:00 AM, 0
04/16/2024  9:00 AM, 0
04/16/2024 10:00 AM, 0
04/16/2024 11:00 AM, 0
04/16/2024 12:00 PM, 0
04/16/2024  1:00 PM, 0
04/16/2024  2:00 PM, 0
04/16/2024  3:00 PM, 0
04/16/2024  4:00 PM, 0
04/16/2024  5:00 PM, 0
04/16/2024  6:00 PM, 14
04/16/2024  7:00 PM, 14
04/16/2024  8:00 PM, 14
04/16/2024  9:00 PM, 2.331
04/16/2024 10:00 PM, 14
04/16/2024 11:00 PM, 0
04/17/2024 12:00 AM, 0
04/17/2024  1:00 AM, 0
04/17/2024  2:00 AM, 0
04/17/2024  3:00 AM, 0
04/17/2024  4:00 AM, 0
04/17/2024  5:00 AM, 0
04/17/2024  6:00 AM, 14
04/17/2024  7:00 AM, 0
04/17/2024  8:00 AM, 0
04/17/2024  9:00 AM, 0
04/17/2024 10:00 AM, 0
04/17/2024 11:00 AM, 0
04/17/2024 12:00 PM, 0
04/17/2024  1:00 PM, 0
04/17/2024  2:00 PM, 0
04/17/2024  3:00 PM, 0
04/17/2024  4:00 PM, 0
04/17/2024  5:00 PM, 0
04/17/2024  6:00 PM, 0
04/17/2024  7:00 PM, 14
04/17/2024  8:00 PM, 0
04/17/2024  9:00 PM, 0
04/17/2024 10:00 PM, 0
04/17/2024 11:00 PM, 0
04/18/2024 12:00 AM, 0
04/18/2024  1:00 AM, 0
04/18/2024  2:00 AM, 0
04/18/2024  3:00 AM, 0
04/18/2024  4:00 AM, 0
04/18/2024  5:00 AM, 0
04/18/2024  6:00 AM, 0
04/18/2024  7:00 AM, 0
04/18/2024  8:00 AM, 0
04/18/2024  9:00 AM, 0
04/18/2024 10:00 AM, 0
04/18/2024 11:00 AM, 0
04/18/2024 12:00 PM, 0
04/18/2024  1:00 PM, 0
04/18/2024  2:00 PM, 0
04/18/2024  3:00 PM, 0
04/18/2024  4:00 PM, 0
04/18/2024  5:00 PM, 0
04/18/2024  6:00 PM, 0
04/18/2024  7:00 PM, 0
04/18/2024  8:00 PM, 14
04/18/2024  9:00 PM, 14
04/18/2024 10:00 PM, 14
04/18/2024 11:00 PM, 0
04/19/2024 12:00 AM, 0
04/19/2024  1:00 AM, 0
04/19/2024  2:00 AM, 0
04/19/2024  3:00 AM, 0
04/19/2024  4:00 AM, 0
04/19/2024  5:00 AM, 0
04/19/2024  6:00 AM, 0
04/19/2024  7:00 AM, 0
04/19/2024  8:00 AM, 0
04/19/2024  9:00 AM, 0
04/19/2024 10:00 AM, 0
04/19/2024 11:00 AM, 0
04/19/2024 12:00 PM, 0
04/19/2024  1:00 PM, 0
04/19/2024  2:00 PM, 0
04/19/2024  3:00 PM, 0
04/19/2024  4:00 PM, 0
04/19/2024  5:00 PM, 0
04/19/2024  6:00 PM, 0
04/19/2024  7:00 PM, 0
04/19/2024  8:00 PM, 14
04/19/2024  9:00 PM, 14
04/19/2024 10:00 PM, 0
04/19/2024 11:00 PM, 0
04/20/2024 12:00 AM, 0
04/20/2024  1:00 AM, 11.6662
04/20/2024  2:00 AM, 0
04/20/2024  3:00 AM, 0
04/20/2024  4:00 AM, 0
04/20/2024  5:00 AM, 0
04/20/2024  6:00 AM, 0
04/20/2024  7:00 AM, 0
04/20/2024  8:00 AM, 0
04/20/2024  9:00 AM, 0
04/20/2024 10:00 AM, 0
04/20/2024 11:00 AM, 0
04/20/2024 12:00 PM, 0
04/20/2024  1:00 PM, 0
04/20/2024  2:00 PM, 0
04/20/2024  3:00 PM, 0
04/20/2024  4:00 PM, 0
04/20/2024  5:00 PM, 14
04/20/2024  6:00 PM, 14
04/20/2024  7:00 PM, 14
04/20/2024  8:00 PM, 14
04/20/2024  9:00 PM, 14
04/20/2024 10:00 PM, 0
04/20/2024 11:00 PM, 0
04/21/2024 12:00 AM, 0
04/21/2024  1:00 AM, 11.6662
04/21/2024  2:00 AM, 0
04/21/2024  3:00 AM, 0
04/21/2024  4:00 AM, 0
04/21/2024  5:00 AM, 0
04/21/2024  6:00 AM, 0
04/21/2024  7:00 AM, 0
04/21/2024  8:00 AM, 0
04/21/2024  9:00 AM, 0
04/21/2024 10:00 AM, 0
04/21/2024 11:00 AM, 0
04/21/2024 12:00 PM, 0
04/21/2024  1:00 PM, 0
04/21/2024  2:00 PM, 0
04/21/2024  3:00 PM, 0
04/21/2024  4:00 PM, 0
04/21/2024  5:00 PM, 14
04/21/2024  6:00 PM, 14
04/21/2024  7:00 PM, 0
04/21/2024  8:00 PM, 14
04/21/2024  9:00 PM, 14
04/21/2024 10:00 PM, 2.331
04/21/2024 11:00 PM, 0
04/22/2024 12:00 AM, 0
04/22/2024  1:00 AM, 0
04/22/2024  2:00 AM, 0
04/22/2024  3:00 AM, 0
04/22/2024  4:00 AM, 0
04/22/2024  5:00 AM, 0
04/22/2024  6:00 AM, 0
04/22/2024  7:00 AM, 0
04/22/2024  8:00 AM, 0
04/22/2024  9:00 AM, 0
04/22/2024 10:00 AM, 0
04/22/2024 11:00 AM, 0
04/22/2024 12:00 PM, 0
04/22/2024  1:00 PM, 0
04/22/2024  2:00 PM, 0
04/22/2024  3:00 PM, 0
04/22/2024  4:00 PM, 0
04/22/2024  5:00 PM, 0
04/22/2024  6:00 PM, 14
04/22/2024  7:00 PM, 14
04/22/2024  8:00 PM, 14
04/22/2024  9:00 PM, 4.6648
04/22/2024 10:00 PM, 0
04/22/2024 11:00 PM, 0
04/23/2024 12:00 AM, 0
04/23/2024  1:00 AM, 0
04/23/2024  2:00 AM, 0
04/23/2024  3:00 AM, 0
04/23/2024  4:00 AM, 0
04/23/2024  5:00 AM, 0
04/23/2024  6:00 AM, 0
04/23/2024  7:00 AM, 0
04/23/2024  8:00 AM, 0
04/23/2024  9:00 AM, 0
04/23/2024 10:00 AM, 0
04/23/2024 11:00 AM, 0
04/23/2024 12:00 PM, 0
04/23/2024  1:00 PM, 0
04/23/2024  2:00 PM, 0
04/23/2024  3:00 PM, 0
04/23/2024  4:00 PM, 0
04/23/2024  5:00 PM, 6.9986
04/23/2024  6:00 PM, 0
04/23/2024  7:00 PM, 14
04/23/2024  8:00 PM, 14
04/23/2024  9:00 PM, 0
04/23/2024 10:00 PM, 0
04/23/2024 11:00 PM, 0
04/24/2024 12:00 AM, 0
04/24/2024  1:00 AM, 0
04/24/2024  2:00 AM, 0
04/24/2024  3:00 AM, 0
04/24/2024  4:00 AM, 0
04/24/2024  5:00 AM, 0
04/24/2024  6:00 AM, 0
04/24/2024  7:00 AM, 0
04/24/2024  8:00 AM, 0
04/24/2024  9:00 AM, 0
04/24/2024 10:00 AM, 0
04/24/2024 11:00 AM, 0
04/24/2024 12:00 PM, 0
04/24/2024  1:00 PM, 0
04/24/2024  2:00 PM, 0
04/24/2024  3:00 PM, 0
04/24/2024  4:00 PM, 0
04/24/2024  5:00 PM, 0
04/24/2024  6:00 PM, 0
04/24/2024  7:00 PM, 4.6648
04/24/2024  8:00 PM, 14
04/24/2024  9:00 PM, 14
04/24/2024 10:00 PM, 14
04/24/2024 11:00 PM, 0
04/25/2024 12:00 AM, 0
04/25/2024  1:00 AM, 0
04/25/2024  2:00 AM, 0
04/25/2024  3:00 AM, 0
04/25/2024  4:00 AM, 0
04/25/2024  5:00 AM, 0
04/25/2024  6:00 AM, 0
04/25/2024  7:00 AM, 0
04/25/2024  8:00 AM, 0
04/25/2024  9:00 AM, 0
04/25/2024 10:00 AM, 0
04/25/2024 11:00 AM, 0
04/25/2024 12:00 PM, 0
04/25/2024  1:00 PM, 0
04/25/2024  2:00 PM, 0
04/25/2024  3:00 PM, 0
04/25/2024  4:00 PM, 0
04/25/2024  5:00 PM, 14
04/25/2024  6:00 PM, 0
04/25/2024  7:00 PM, 0
04/25/2024  8:00 PM, 14
04/25/2024  9:00 PM, 14
04/25/2024 10:00 PM, 4.6648
04/25/2024 11:00 PM, 0
04/26/2024 12:00 AM, 0
04/26/2024  1:00 AM, 0
04/26/2024  2:00 AM, 0
04/26/2024  3:00 AM, 0
04/26/2024  4:00 AM, 0
04/26/2024  5:00 AM, 0
04/26/2024  6:00 AM, 0
04/26/2024  7:00 AM, 0
04/26/2024  8:00 AM, 0
04/26/2024  9:00 AM, 0
04/26/2024 10:00 AM, 0
04/26/2024 11:00 AM, 0
04/26/2024 12:00 PM, 0
04/26/2024  1:00 PM, 0
04/26/2024  2:00 PM, 0
04/26/2024  3:00 PM, 0
04/26/2024  4:00 PM, 0
04/26/2024  5:00 PM, 14
04/26/2024  6:00 PM, 0
04/26/2024  7:00 PM, 14
04/26/2024  8:00 PM, 14
04/26/2024  9:00 PM, 14
04/26/2024 10:00 PM, 0
04/26/2024 11:00 PM, 0
04/27/2024 12:00 AM, 0
04/27/2024  1:00 AM, 0
04/27/2024  2:00 AM, 0
04/27/2024  3:00 AM, 0
04/27/2024  4:00 AM, 0
04/27/2024  5:00 AM, 0
04/27/2024  6:00 AM, 0
04/27/2024  7:00 AM, 0
04/27/2024  8:00 AM, 0
04/27/2024  9:00 AM, 0
04/27/2024 10:00 AM, 0
04/27/2024 11:00 AM, 0
04/27/2024 12:00 PM, 14
04/27/2024  1:00 PM, 0
04/27/2024  2:00 PM, 0
04/27/2024  3:00 PM, 0
04/27/2024  4:00 PM, 0
04/27/2024  5:00 PM, 14
04/27/2024  6:00 PM, 0
04/27/2024  7:00 PM, 14
04/27/2024  8:00 PM, 0
04/27/2024  9:00 PM, 14
04/27/2024 10:00 PM, 0
04/27/2024 11:00 PM, 0
04/28/2024 12:00 AM, 0
04/28/2024  1:00 AM, 0
04/28/2024  2:00 AM, 0
04/28/2024  3:00 AM, 0
04/28/2024  4:00 AM, 0
04/28/2024  5:00 AM, 0
04/28/2024  6:00 AM, 0
04/28/2024  7:00 AM, 0
04/28/2024  8:00 AM, 0
04/28/2024  9:00 AM, 0
04/28/2024 10:00 AM, 0
04/28/2024 11:00 AM, 0
04/28/2024 12:00 PM, 0
04/28/2024  1:00 PM, 0
04/28/2024  2:00 PM, 0
04/28/2024  3:00 PM, 0
04/28/2024  4:00 PM, 0
04/28/2024  5:00 PM, 0
04/28/2024  6:00 PM, 0
04/28/2024  7:00 PM, 0
04/28/2024  8:00 PM, 14
04/28/2024  9:00 PM, 0
04/28/2024 10:00 PM, 0
04/28/2024 11:00 PM, 0
04/29/2024 12:00 AM, 0
04/29/2024  1:00 AM, 0
04/29/2024  2:00 AM, 0
04/29/2024  3:00 AM, 0
04/29/2024  4:00 AM, 0
04/29/2024  5:00 AM, 0
04/29/2024  6:00 AM, 0
04/29/2024  7:00 AM, 0
04/29/2024  8:00 AM, 0
04/29/2024  9:00 AM, 0
04/29/2024 10:00 AM, 0
04/29/2024 11:00 AM, 0
04/29/2024 12:00 PM, 0
04/29/2024  1:00 PM, 0
04/29/2024  2:00 PM, 0
04/29/2024  3:00 PM, 0
04/29/2024  4:00 PM, 0
04/29/2024  5:00 PM, 14
04/29/2024  6:00 PM, 14
04/29/2024  7:00 PM, 0
04/29/2024  8:00 PM, 0
04/29/2024  9:00 PM, 0
04/29/2024 10:00 PM, 0
04/29/2024 11:00 PM, 0
04/30/2024 12:00 AM, 0
04/30/2024  1:00 AM, 0
04/30/2024  2:00 AM, 0
04/30/2024  3:00 AM, 0
04/30/2024  4:00 AM, 0
04/30/2024  5:00 AM, 0
04/30/2024  6:00 AM, 0
04/30/2024  7:00 AM, 0
04/30/2024  8:00 AM, 0
04/30/2024  9:00 AM, 0
04/30/2024 10:00 AM, 0
04/30/2024 11:00 AM, 0
04/30/2024 12:00 PM, 0
04/30/2024  1:00 PM, 0
04/30/2024  2:00 PM, 0
04/30/2024  3:00 PM, 0
04/30/2024  4:00 PM, 0
04/30/2024  5:00 PM, 14
04/30/2024  6:00 PM, 0
04/30/2024  7:00 PM, 14
04/30/2024  8:00 PM, 14
04/30/2024  9:00 PM, 0
04/30/2024 10:00 PM, 0
04/30/2024 11:00 PM, 0
05/01/2024 12:00 AM, 0
05/01/2024  1:00 AM, 0
05/01/2024  2:00 AM, 0
05/01/2024  3:00 AM, 0
05/01/2024  4:00 AM, 0
05/01/2024  5:00 AM, 0
05/01/2024  6:00 AM, 0
05/01/2024  7:00 AM, 0
05/01/2024  8:00 AM, 0
05/01/2024  9:00 AM, 0
05/01/2024 10:00 AM, 0
05/01/2024 11:00 AM, 0
05/01/2024 12:00 PM, 0
05/01/2024  1:00 PM, 0
05/01/2024  2:00 PM, 0
05/01/2024  3:00 PM, 0
05/01/2024  4:00 PM, 0
05/01/2024  5:00 PM, 0
05/01/2024  6:00 PM, 14
05/01/2024  7:00 PM, 14
05/01/2024  8:00 PM, 14
05/01/2024  9:00 PM, 14
05/01/2024 10:00 PM, 0
05/01/2024 11:00 PM, 0
05/02/2024 12:00 AM, 0
05/02/2024  1:00 AM, 0
05/02/2024  2:00 AM, 0
05/02/2024  3:00 AM, 0
05/02/2024  4:00 AM, 0
05/02/2024  5:00 AM, 0
05/02/2024  6:00 AM, 0
05/02/2024  7:00 AM, 0
05/02/2024  8:00 AM, 0
05/02/2024  9:00 AM, 0
05/02/2024 10:00 AM, 0
05/02/2024 11:00 AM, 0
05/02/2024 12:00 PM, 0
05/02/2024  1:00 PM, 0
05/02/2024  2:00 PM, 0
05/02/2024  3:00 PM, 0
05/02/2024  4:00 PM, 0
05/02/2024  5:00 PM, 14
05/02/2024  6:00 PM, 14
05/02/2024  7:00 PM, 0
05/02/2024  8:00 PM, 0
05/02/2024  9:00 PM, 6.9986
05/02/2024 10:00 PM, 0
05/02/2024 11:00 PM, 0
05/03/2024 12:00 AM, 0
05/03/2024  1:00 AM, 0
05/03/2024  2:00 AM, 0
05/03/2024  3:00 AM, 0
05/03/2024  4:00 AM, 0
05/03/2024  5:00 AM, 0
05/03/2024  6:00 AM, 0
05/03/2024  7:00 AM, 0
05/03/2024  8:00 AM, 0
05/03/2024  9:00 AM, 0
05/03/2024 10:00 AM, 0
05/03/2024 11:00 AM, 0
05/03/2024 12:00 PM, 0
05/03/2024  1:00 PM, 0
05/03/2024  2:00 PM, 0
05/03/2024  3:00 PM, 0
05/03/2024  4:00 PM, 0
05/03/2024  5:00 PM, 14
05/03/2024  6:00 PM, 14
05/03/2024  7:00 PM, 14
05/03/2024  8:00 PM, 14
05/03/2024  9:00 PM, 14
05/03/2024 10:00 PM, 0
05/03/2024 11:00 PM, 14
05/04/2024 12:00 AM, 0
05/04/2024  1:00 AM, 0
05/04/2024  2:00 AM, 0
05/04/2024  3:00 AM, 0
05/04/2024  4:00 AM, 0
05/04/2024  5:00 AM, 0
05/04/2024  6:00 AM, 0
05/04/2024  7:00 AM, 0
05/04/2024  8:00 AM, 0
05/04/2024  9:00 AM, 0
05/04/2024 10:00 AM, 0
05/04/2024 11:00 AM, 0
05/04/2024 12:00 PM, 0
05/04/2024  1:00 PM, 0
05/04/2024  2:00 PM, 0
05/04/2024  3:00 PM, 0
05/04/2024  4:00 PM, 0
05/04/2024  5:00 PM, 14
05/04/2024  6:00 PM, 0
05/04/2024  7:00 PM, 0
05/04/2024  8:00 PM, 14
05/04/2024  9:00 PM, 14
05/04/2024 10:00 PM, 4.6648
05/04/2024 11:00 PM, 0
05/05/2024 12:00 AM, 0
05/05/2024  1:00 AM, 0
05/05/2024  2:00 AM, 0
05/05/2024  3:00 AM, 0
05/05/2024  4:00 AM, 0
05/05/2024  5:00 AM, 0
05/05/2024  6:00 AM, 0
05/05/2024  7:00 AM, 0
05/05/2024  8:00 AM, 0
05/05/2024  9:00 AM, 0
05/05/2024 10:00 AM, 0
05/05/2024 11:00 AM, 0
05/05/2024 12:00 PM, 0
05/05/2024  1:00 PM, 0
05/05/2024  2:00 PM, 0
05/05/2024  3:00 PM, 0
05/05/2024  4:00 PM, 0
05/05/2024  5:00 PM, 0
05/05/2024  6:00 PM, 4.6648
05/05/2024  7:00 PM, 14
05/05/2024  8:00 PM, 14
05/05/2024  9:00 PM, 14
05/05/2024 10:00 PM, 0
05/05/2024 11:00 PM, 0
05/06/2024 12:00 AM, 0
05/06/2024  1:00 AM, 0
05/06/2024  2:00 AM, 0
05/06/2024  3:00 AM, 0
05/06/2024  4:00 AM, 0
05/06/2024  5:00 AM, 0
05/06/2024  6:00 AM, 0
05/06/2024  7:00 AM, 0
05/06/2024  8:00 AM, 0
05/06/2024  9:00 AM, 0
05/06/2024 10:00 AM, 0
05/06/2024 11:00 AM, 0
05/06/2024 12:00 PM, 0
05/06/2024  1:00 PM, 0
05/06/2024  2:00 PM, 0
05/06/2024  3:00 PM, 0
05/06/2024  4:00 PM, 0
05/06/2024  5:00 PM, 0
05/06/2024  6:00 PM, 14
05/06/2024  7:00 PM, 14
05/06/2024  8:00 PM, 14
05/06/2024  9:00 PM, 0
05/06/2024 10:00 PM, 0
05/06/2024 11:00 PM, 0
05/07/2024 12:00 AM, 0
05/07/2024  1:00 AM, 0
05/07/2024  2:00 AM, 14
05/07/2024  3:00 AM, 0
05/07/2024  4:00 AM, 0
05/07/2024  5:00 AM, 0
05/07/2024  6:00 AM, 0
05/07/2024  7:00 AM, 0
05/07/2024  8:00 AM, 0
05/07/2024  9:00 AM, 0
05/07/2024 10:00 AM, 0
05/07/2024 11:00 AM, 0
05/07/2024 12:00 PM, 0
05/07/2024  1:00 PM, 0
05/07/2024  2:00 PM, 0
05/07/2024  3:00 PM, 0
05/07/2024  4:00 PM, 0
05/07/2024  5:00 PM, 14
05/07/2024  6:00 PM, 14
05/07/2024  7:00 PM, 14
05/07/2024  8:00 PM, 14
05/07/2024  9:00 PM, 0
05/07/2024 10:00 PM, 0
05/07/2024 11:00 PM, 0
05/08/2024 12:00 AM, 0
05/08/2024  1:00 AM, 0
05/08/2024  2:00 AM, 0
05/08/2024  3:00 AM, 0
05/08/2024  4:00 AM, 0
05/08/2024  5:00 AM, 0
05/08/2024  6:00 AM, 0
05/08/2024  7:00 AM, 0
05/08/2024  8:00 AM, 0
05/08/2024  9:00 AM, 0
05/08/2024 10:00 AM, 0
05/08/2024 11:00 AM, 0
05/08/2024 12:00 PM, 0
05/08/2024  1:00 PM, 0
05/08/2024  2:00 PM, 0
05/08/2024  3:00 PM, 0
05/08/2024  4:00 PM, 0
05/08/2024  5:00 PM, 0
05/08/2024  6:00 PM, 0
05/08/2024  7:00 PM, 14
05/08/2024  8:00 PM, 14
05/08/2024  9:00 PM, 14
05/08/2024 10:00 PM, 0
05/08/2024 11:00 PM, 0
05/09/2024 12:00 AM, 0
05/09/2024  1:00 AM, 0
05/09/2024  2:00 AM, 0
05/09/2024  3:00 AM, 0
05/09/2024  4:00 AM, 0
05/09/2024  5:00 AM, 0
05/09/2024  6:00 AM, 0
05/09/2024  7:00 AM, 0
05/09/2024  8:00 AM, 0
05/09/2024  9:00 AM, 0
05/09/2024 10:00 AM, 0
05/09/2024 11:00 AM, 0
05/09/2024 12:00 PM, 0
05/09/2024  1:00 PM, 0
05/09/2024  2:00 PM, 0
05/09/2024  3:00 PM, 0
05/09/2024  4:00 PM, 0
05/09/2024  5:00 PM, 11.6634
05/09/2024  6:00 PM, 14
05/09/2024  7:00 PM, 14
05/09/2024  8:00 PM, 14
05/09/2024  9:00 PM, 14
05/09/2024 10:00 PM, 14
05/09/2024 11:00 PM, 0
05/10/2024 12:00 AM, 0
05/10/2024  1:00 AM, 0
05/10/2024  2:00 AM, 0
05/10/2024  3:00 AM, 0
05/10/2024  4:00 AM, 0
05/10/2024  5:00 AM, 0
05/10/2024  6:00 AM, 0
05/10/2024  7:00 AM, 0
05/10/2024  8:00 AM, 0
05/10/2024  9:00 AM, 0
05/10/2024 10:00 AM, 0
05/10/2024 11:00 AM, 0
05/10/2024 12:00 PM, 0
05/10/2024  1:00 PM, 0
05/10/2024  2:00 PM, 0
05/10/2024  3:00 PM, 0
05/10/2024  4:00 PM, 0
05/10/2024  5:00 PM, 14
05/10/2024  6:00 PM, 14
05/10/2024  7:00 PM, 14
05/10/2024  8:00 PM, 14
05/10/2024  9:00 PM, 14
05/10/2024 10:00 PM, 14
05/10/2024 11:00 PM, 0
05/11/2024 12:00 AM, 0
05/11/2024  1:00 AM, 0
05/11/2024  2:00 AM, 0
05/11/2024  3:00 AM, 0
05/11/2024  4:00 AM, 0
05/11/2024  5:00 AM, 0
05/11/2024  6:00 AM, 0
05/11/2024  7:00 AM, 0
05/11/2024  8:00 AM, 0
05/11/2024  9:00 AM, 0
05/11/2024 10:00 AM, 0
05/11/2024 11:00 AM, 0
05/11/2024 12:00 PM, 0
05/11/2024  1:00 PM, 0
05/11/2024  2:00 PM, 0
05/11/2024  3:00 PM, 0
05/11/2024  4:00 PM, 0
05/11/2024  5:00 PM, 14
05/11/2024  6:00 PM, 14
05/11/2024  7:00 PM, 14
05/11/2024  8:00 PM, 14
05/11/2024  9:00 PM, 14
05/11/2024 10:00 PM, 0
05/11/2024 11:00 PM, 0
05/12/2024 12:00 AM, 0
05/12/2024  1:00 AM, 0
05/12/2024  2:00 AM, 0
05/12/2024  3:00 AM, 0
05/12/2024  4:00 AM, 0
05/12/2024  5:00 AM, 0
05/12/2024  6:00 AM, 0
05/12/2024  7:00 AM, 0
05/12/2024  8:00 AM, 0
05/12/2024  9:00 AM, 0
05/12/2024 10:00 AM, 0
05/12/2024 11:00 AM, 0
05/12/2024 12:00 PM, 0
05/12/2024  1:00 PM, 0
05/12/2024  2:00 PM, 0
05/12/2024  3:00 PM, 0
05/12/2024  4:00 PM, 0
05/12/2024  5:00 PM, 14
05/12/2024  6:00 PM, 14
05/12/2024  7:00 PM, 14
05/12/2024  8:00 PM, 14
05/12/2024  9:00 PM, 14
05/12/2024 10:00 PM, 0
05/12/2024 11:00 PM, 0
05/13/2024 12:00 AM, 0
05/13/2024  1:00 AM, 0
05/13/2024  2:00 AM, 0
05/13/2024  3:00 AM, 0
05/13/2024  4:00 AM, 0
05/13/2024  5:00 AM, 0
05/13/2024  6:00 AM, 0
05/13/2024  7:00 AM, 0
05/13/2024  8:00 AM, 0
05/13/2024  9:00 AM, 0
05/13/2024 10:00 AM, 0
05/13/2024 11:00 AM, 0
05/13/2024 12:00 PM, 0
05/13/2024  1:00 PM, 0
05/13/2024  2:00 PM, 0
05/13/2024  3:00 PM, 14
05/13/2024  4:00 PM, 0
05/13/2024  5:00 PM, 14
05/13/2024  6:00 PM, 14
05/13/2024  7:00 PM, 0
05/13/2024  8:00 PM, 14
05/13/2024  9:00 PM, 0
05/13/2024 10:00 PM, 0
05/13/2024 11:00 PM, 0
05/14/2024 12:00 AM, 0
05/14/2024  1:00 AM, 0
05/14/2024  2:00 AM, 0
05/14/2024  3:00 AM, 0
05/14/2024  4:00 AM, 0
05/14/2024  5:00 AM, 0
05/14/2024  6:00 AM, 0
05/14/2024  7:00 AM, 0
05/14/2024  8:00 AM, 0
05/14/2024  9:00 AM, 0
05/14/2024 10:00 AM, 0
05/14/2024 11:00 AM, 0
05/14/2024 12:00 PM, 0
05/14/2024  1:00 PM, 0
05/14/2024  2:00 PM, 0
05/14/2024  3:00 PM, 0
05/14/2024  4:00 PM, 0
05/14/2024  5:00 PM, 14
05/14/2024  6:00 PM, 14
05/14/2024  7:00 PM, 14
05/14/2024  8:00 PM, 14
05/14/2024  9:00 PM, 13.9972
05/14/2024 10:00 PM, 0
05/14/2024 11:00 PM, 0
05/15/2024 12:00 AM, 0
05/15/2024  1:00 AM, 0
05/15/2024  2:00 AM, 0
05/15/2024  3:00 AM, 0
05/15/2024  4:00 AM, 0
05/15/2024  5:00 AM, 0
05/15/2024  6:00 AM, 0
05/15/2024  7:00 AM, 0
05/15/2024  8:00 AM, 0
05/15/2024  9:00 AM, 0
05/15/2024 10:00 AM, 0
05/15/2024 11:00 AM, 0
05/15/2024 12:00 PM, 0
05/15/2024  1:00 PM, 0
05/15/2024  2:00 PM, 0
05/15/2024  3:00 PM, 0
05/15/2024  4:00 PM, 0
05/15/2024  5:00 PM, 14
05/15/2024  6:00 PM, 0
05/15/2024  7:00 PM, 0
05/15/2024  8:00 PM, 0
05/15/2024  9:00 PM, 14
05/15/2024 10:00 PM, 0
05/15/2024 11:00 PM, 0
05/16/2024 12:00 AM, 0
05/16/2024  1:00 AM, 0
05/16/2024  2:00 AM, 0
05/16/2024  3:00 AM, 0
05/16/2024  4:00 AM, 0
05/16/2024  5:00 AM, 0
05/16/2024  6:00 AM, 0
05/16/2024  7:00 AM, 0
05/16/2024  8:00 AM, 0
05/16/2024  9:00 AM, 0
05/16/2024 10:00 AM, 0
05/16/2024 11:00 AM, 0
05/16/2024 12:00 PM, 0
05/16/2024  1:00 PM, 0
05/16/2024  2:00 PM, 0
05/16/2024  3:00 PM, 0
05/16/2024  4:00 PM, 0
05/16/2024  5:00 PM, 14
05/16/2024  6:00 PM, 14
05/16/2024  7:00 PM, 14
05/16/2024  8:00 PM, 14
05/16/2024  9:00 PM, 14
05/16/2024 10:00 PM, 14
05/16/2024 11:00 PM, 0
05/17/2024 12:00 AM, 0
05/17/2024  1:00 AM, 0
05/17/2024  2:00 AM, 0
05/17/2024  3:00 AM, 0
05/17/2024  4:00 AM, 0
05/17/2024  5:00 AM, 0
05/17/2024  6:00 AM, 0
05/17/2024  7:00 AM, 0
05/17/2024  8:00 AM, 0
05/17/2024  9:00 AM, 0
05/17/2024 10:00 AM, 0
05/17/2024 11:00 AM, 0
05/17/2024 12:00 PM, 0
05/17/2024  1:00 PM, 0
05/17/2024  2:00 PM, 0
05/17/2024  3:00 PM, 0
05/17/2024  4:00 PM, 14
05/17/2024  5:00 PM, 14
05/17/2024  6:00 PM, 14
05/17/2024  7:00 PM, 14
05/17/2024  8:00 PM, 14
05/17/2024  9:00 PM, 14
05/17/2024 10:00 PM, 0
05/17/2024 11:00 PM, 0
05/18/2024 12:00 AM, 0
05/18/2024  1:00 AM, 0
05/18/2024  2:00 AM, 0
05/18/2024  3:00 AM, 0
05/18/2024  4:00 AM, 0
05/18/2024  5:00 AM, 0
05/18/2024  6:00 AM, 0
05/18/2024  7:00 AM, 0
05/18/2024  8:00 AM, 0
05/18/2024  9:00 AM, 0
05/18/2024 10:00 AM, 0
05/18/2024 11:00 AM, 0
05/18/2024 12:00 PM, 0
05/18/2024  1:00 PM, 0
05/18/2024  2:00 PM, 0
05/18/2024  3:00 PM, 0
05/18/2024  4:00 PM, 0
05/18/2024  5:00 PM, 14
05/18/2024  6:00 PM, 14
05/18/2024  7:00 PM, 14
05/18/2024  8:00 PM, 14
05/18/2024  9:00 PM, 14
05/18/2024 10:00 PM, 0
05/18/2024 11:00 PM, 0
05/19/2024 12:00 AM, 0
05/19/2024  1:00 AM, 0
05/19/2024  2:00 AM, 0
05/19/2024  3:00 AM, 0
05/19/2024  4:00 AM, 0
05/19/2024  5:00 AM, 0
05/19/2024  6:00 AM, 0
05/19/2024  7:00 AM, 0
05/19/2024  8:00 AM, 0
05/19/2024  9:00 AM, 0
05/19/2024 10:00 AM, 0
05/19/2024 11:00 AM, 0
05/19/2024 12:00 PM, 0
05/19/2024  1:00 PM, 0
05/19/2024  2:00 PM, 0
05/19/2024  3:00 PM, 0
05/19/2024  4:00 PM, 0
05/19/2024  5:00 PM, 14
05/19/2024  6:00 PM, 14
05/19/2024  7:00 PM, 14
05/19/2024  8:00 PM, 14
05/19/2024  9:00 PM, 14
05/19/2024 10:00 PM, 11.6634
05/19/2024 11:00 PM, 0
05/20/2024 12:00 AM, 0
05/20/2024  1:00 AM, 0
05/20/2024  2:00 AM, 0
05/20/2024  3:00 AM, 0
05/20/2024  4:00 AM, 0
05/20/2024  5:00 AM, 0
05/20/2024  6:00 AM, 0
05/20/2024  7:00 AM, 0
05/20/2024  8:00 AM, 0
05/20/2024  9:00 AM, 0
05/20/2024 10:00 AM, 0
05/20/2024 11:00 AM, 0
05/20/2024 12:00 PM, 0
05/20/2024  1:00 PM, 0
05/20/2024  2:00 PM, 0
05/20/2024  3:00 PM, 0
05/20/2024  4:00 PM, 0
05/20/2024  5:00 PM, 0
05/20/2024  6:00 PM, 14
05/20/2024  7:00 PM, 14
05/20/2024  8:00 PM, 14
05/20/2024  9:00 PM, 0
05/20/2024 10:00 PM, 0
05/20/2024 11:00 PM, 0
05/21/2024 12:00 AM, 0
05/21/2024  1:00 AM, 0
05/21/2024  2:00 AM, 0
05/21/2024  3:00 AM, 0
05/21/2024  4:00 AM, 0
05/21/2024  5:00 AM, 0
05/21/2024  6:00 AM, 0
05/21/2024  7:00 AM, 0
05/21/2024  8:00 AM, 0
05/21/2024  9:00 AM, 0
05/21/2024 10:00 AM, 0
05/21/2024 11:00 AM, 0
05/21/2024 12:00 PM, 0
05/21/2024  1:00 PM, 0
05/21/2024  2:00 PM, 0
05/21/2024  3:00 PM, 0
05/21/2024  4:00 PM, 0
05/21/2024  5:00 PM, 0
05/21/2024  6:00 PM, 0
05/21/2024  7:00 PM, 0
05/21/2024  8:00 PM, 14
05/21/2024  9:00 PM, 0
05/21/2024 10:00 PM, 0
05/21/2024 11:00 PM, 0
05/22/2024 12:00 AM, 0
05/22/2024  1:00 AM, 0
05/22/2024  2:00 AM, 0
05/22/2024  3:00 AM, 0
05/22/2024  4:00 AM, 0
05/22/2024  5:00 AM, 0
05/22/2024  6:00 AM, 0
05/22/2024  7:00 AM, 0
05/22/2024  8:00 AM, 0
05/22/2024  9:00 AM, 0
05/22/2024 10:00 AM, 0
05/22/2024 11:00 AM, 0
05/22/2024 12:00 PM, 0
05/22/2024  1:00 PM, 0
05/22/2024  2:00 PM, 0
05/22/2024  3:00 PM, 0
05/22/2024  4:00 PM, 14
05/22/2024  5:00 PM, 0
05/22/2024  6:00 PM, 0
05/22/2024  7:00 PM, 0
05/22/2024  8:00 PM, 0
05/22/2024  9:00 PM, 14
05/22/2024 10:00 PM, 0
05/22/2024 11:00 PM, 0
05/23/2024 12:00 AM, 0
05/23/2024  1:00 AM, 0
05/23/2024  2:00 AM, 0
05/23/2024  3:00 AM, 0
05/23/2024  4:00 AM, 0
05/23/2024  5:00 AM, 0
05/23/2024  6:00 AM, 0
05/23/2024  7:00 AM, 0
05/23/2024  8:00 AM, 0
05/23/2024  9:00 AM, 0
05/23/2024 10:00 AM, 0
05/23/2024 11:00 AM, 0
05/23/2024 12:00 PM, 0
05/23/2024  1:00 PM, 0
05/23/2024  2:00 PM, 0
05/23/2024  3:00 PM, 0
05/23/2024  4:00 PM, 0
05/23/2024  5:00 PM, 14
05/23/2024  6:00 PM, 14
05/23/2024  7:00 PM, 14
05/23/2024  8:00 PM, 14
05/23/2024  9:00 PM, 14
05/23/2024 10:00 PM, 14
05/23/2024 11:00 PM, 0
05/24/2024 12:00 AM, 0
05/24/2024  1:00 AM, 0
05/24/2024  2:00 AM, 0
05/24/2024  3:00 AM, 0
05/24/2024  4:00 AM, 0
05/24/2024  5:00 AM, 0
05/24/2024  6:00 AM, 0
05/24/2024  7:00 AM, 0
05/24/2024  8:00 AM, 0
05/24/2024  9:00 AM, 0
05/24/2024 10:00 AM, 0
05/24/2024 11:00 AM, 0
05/24/2024 12:00 PM, 0
05/24/2024  1:00 PM, 0
05/24/2024  2:00 PM, 0
05/24/2024  3:00 PM, 0
05/24/2024  4:00 PM, 0
05/24/2024  5:00 PM, 0
05/24/2024  6:00 PM, 14
05/24/2024  7:00 PM, 14
05/24/2024  8:00 PM, 14
05/24/2024  9:00 PM, 14
05/24/2024 10:00 PM, 0
05/24/2024 11:00 PM, 0
05/25/2024 12:00 AM, 0
05/25/2024  1:00 AM, 0
05/25/2024  2:00 AM, 0
05/25/2024  3:00 AM, 0
05/25/2024  4:00 AM, 0
05/25/2024  5:00 AM, 0
05/25/2024  6:00 AM, 0
05/25/2024  7:00 AM, 0
05/25/2024  8:00 AM, 0
05/25/2024  9:00 AM, 0
05/25/2024 10:00 AM, 0
05/25/2024 11:00 AM, 0
05/25/2024 12:00 PM, 0
05/25/2024  1:00 PM, 0
05/25/2024  2:00 PM, 0
05/25/2024  3:00 PM, 0
05/25/2024  4:00 PM, 0
05/25/2024  5:00 PM, 14
05/25/2024  6:00 PM, 14
05/25/2024  7:00 PM, 14
05/25/2024  8:00 PM, 14
05/25/2024  9:00 PM, 14
05/25/2024 10:00 PM, 11.6634
05/25/2024 11:00 PM, 0
05/26/2024 12:00 AM, 0
05/26/2024  1:00 AM, 0
05/26/2024  2:00 AM, 0
05/26/2024  3:00 AM, 0
05/26/2024  4:00 AM, 0
05/26/2024  5:00 AM, 0
05/26/2024  6:00 AM, 14
05/26/2024  7:00 AM, 0
05/26/2024  8:00 AM, 0
05/26/2024  9:00 AM, 0
05/26/2024 10:00 AM, 0
05/26/2024 11:00 AM, 0
05/26/2024 12:00 PM, 0
05/26/2024  1:00 PM, 0
05/26/2024  2:00 PM, 0
05/26/2024  3:00 PM, 0
05/26/2024  4:00 PM, 0
05/26/2024  5:00 PM, 14
05/26/2024  6:00 PM, 14
05/26/2024  7:00 PM, 14
05/26/2024  8:00 PM, 14
05/26/2024  9:00 PM, 14
05/26/2024 10:00 PM, 14
05/26/2024 11:00 PM, 0
05/27/2024 12:00 AM, 0
05/27/2024  1:00 AM, 0
05/27/2024  2:00 AM, 0
05/27/2024  3:00 AM, 0
05/27/2024  4:00 AM, 0
05/27/2024  5:00 AM, 0
05/27/2024  6:00 AM, 0
05/27/2024  7:00 AM, 0
05/27/2024  8:00 AM, 0
05/27/2024  9:00 AM, 0
05/27/2024 10:00 AM, 0
05/27/2024 11:00 AM, 0
05/27/2024 12:00 PM, 0
05/27/2024  1:00 PM, 0
05/27/2024  2:00 PM, 0
05/27/2024  3:00 PM, 0
05/27/2024  4:00 PM, 0
05/27/2024  5:00 PM, 0
05/27/2024  6:00 PM, 0
05/27/2024  7:00 PM, 0
05/27/2024  8:00 PM, 6.9986
05/27/2024  9:00 PM, 14
05/27/2024 10:00 PM, 14
05/27/2024 11:00 PM, 0
05/28/2024 12:00 AM, 0
05/28/2024  1:00 AM, 0
05/28/2024  2:00 AM, 0
05/28/2024  3:00 AM, 0
05/28/2024  4:00 AM, 0
05/28/2024  5:00 AM, 0
05/28/2024  6:00 AM, 0
05/28/2024  7:00 AM, 0
05/28/2024  8:00 AM, 0
05/28/2024  9:00 AM, 0
05/28/2024 10:00 AM, 0
05/28/2024 11:00 AM, 0
05/28/2024 12:00 PM, 0
05/28/2024  1:00 PM, 0
05/28/2024  2:00 PM, 0
05/28/2024  3:00 PM, 0
05/28/2024  4:00 PM, 0
05/28/2024  5:00 PM, 0
05/28/2024  6:00 PM, 14
05/28/2024  7:00 PM, 14
05/28/2024  8:00 PM, 14
05/28/2024  9:00 PM, 14
05/28/2024 10:00 PM, 14
05/28/2024 11:00 PM, 14
05/29/2024 12:00 AM, 0
05/29/2024  1:00 AM, 0
05/29/2024  2:00 AM, 0
05/29/2024  3:00 AM, 0
05/29/2024  4:00 AM, 0
05/29/2024  5:00 AM, 0
05/29/2024  6:00 AM, 0
05/29/2024  7:00 AM, 0
05/29/2024  8:00 AM, 0
05/29/2024  9:00 AM, 0
05/29/2024 10:00 AM, 0
05/29/2024 11:00 AM, 0
05/29/2024 12:00 PM, 0
05/29/2024  1:00 PM, 0
05/29/2024  2:00 PM, 0
05/29/2024  3:00 PM, 0
05/29/2024  4:00 PM, 0
05/29/2024  5:00 PM, 0
05/29/2024  6:00 PM, 14
05/29/2024  7:00 PM, 14
05/29/2024  8:00 PM, 14
05/29/2024  9:00 PM, 14
05/29/2024 10:00 PM, 14
05/29/2024 11:00 PM, 14
05/30/2024 12:00 AM, 0
05/30/2024  1:00 AM, 0
05/30/2024  2:00 AM, 0
05/30/2024  3:00 AM, 0
05/30/2024  4:00 AM, 0
05/30/2024  5:00 AM, 0
05/30/2024  6:00 AM, 0
05/30/2024  7:00 AM, 0
05/30/2024  8:00 AM, 0
05/30/2024  9:00 AM, 0
05/30/2024 10:00 AM, 0
05/30/2024 11:00 AM, 0
05/30/2024 12:00 PM, 0
05/30/2024  1:00 PM, 0
05/30/2024  2:00 PM, 0
05/30/2024  3:00 PM, 0
05/30/2024  4:00 PM, 0
05/30/2024  5:00 PM, 0
05/30/2024  6:00 PM, 14
05/30/2024  7:00 PM, 14
05/30/2024  8:00 PM, 14
05/30/2024  9:00 PM, 14
05/30/2024 10:00 PM, 14
05/30/2024 11:00 PM, 14
05/31/2024 12:00 AM, 0
05/31/2024  1:00 AM, 0
05/31/2024  2:00 AM, 0
05/31/2024  3:00 AM, 0
05/31/2024  4:00 AM, 0
05/31/2024  5:00 AM, 0
05/31/2024  6:00 AM, 0
05/31/2024  7:00 AM, 0
05/31/2024  8:00 AM, 0
05/31/2024  9:00 AM, 0
05/31/2024 10:00 AM, 0
05/31/2024 11:00 AM, 0
05/31/2024 12:00 PM, 0
05/31/2024  1:00 PM, 0
05/31/2024  2:00 PM, 0
05/31/2024  3:00 PM, 0
05/31/2024  4:00 PM, 0
05/31/2024  5:00 PM, 14
05/31/2024  6:00 PM, 0
05/31/2024  7:00 PM, 14
05/31/2024  8:00 PM, 14
05/31/2024  9:00 PM, 14
05/31/2024 10:00 PM, 14
05/31/2024 11:00 PM, 14
06/01/2024 12:00 AM, 0
06/01/2024  1:00 AM, 0
06/01/2024  2:00 AM, 0
06/01/2024  3:00 AM, 0
06/01/2024  4:00 AM, 0
06/01/2024  5:00 AM, 0
06/01/2024  6:00 AM, 0
06/01/2024  7:00 AM, 0
06/01/2024  8:00 AM, 0
06/01/2024  9:00 AM, 0
06/01/2024 10:00 AM, 0
06/01/2024 11:00 AM, 0
06/01/2024 12:00 PM, 0
06/01/2024  1:00 PM, 0
06/01/2024  2:00 PM, 0
06/01/2024  3:00 PM, 0
06/01/2024  4:00 PM, 0
06/01/2024  5:00 PM, 0
06/01/2024  6:00 PM, 14
06/01/2024  7:00 PM, 14
06/01/2024  8:00 PM, 14
06/01/2024  9:00 PM, 14
06/01/2024 10:00 PM, 14
06/01/2024 11:00 PM, 14
06/02/2024 12:00 AM, 0
06/02/2024  1:00 AM, 0
06/02/2024  2:00 AM, 0
06/02/2024  3:00 AM, 0
06/02/2024  4:00 AM, 14
06/02/2024  5:00 AM, 0
06/02/2024  6:00 AM, 0
06/02/2024  7:00 AM, 0
06/02/2024  8:00 AM, 0
06/02/2024  9:00 AM, 0
06/02/2024 10:00 AM, 0
06/02/2024 11:00 AM, 0
06/02/2024 12:00 PM, 0
06/02/2024  1:00 PM, 0
06/02/2024  2:00 PM, 0
06/02/2024  3:00 PM, 0
06/02/2024  4:00 PM, 0
06/02/2024  5:00 PM, 0
06/02/2024  6:00 PM, 14
06/02/2024  7:00 PM, 4.6648
06/02/2024  8:00 PM, 14
06/02/2024  9:00 PM, 14
06/02/2024 10:00 PM, 0
06/02/2024 11:00 PM, 0
06/03/2024 12:00 AM, 0
06/03/2024  1:00 AM, 0
06/03/2024  2:00 AM, 0
06/03/2024  3:00 AM, 0
06/03/2024  4:00 AM, 0
06/03/2024  5:00 AM, 0
06/03/2024  6:00 AM, 0
06/03/2024  7:00 AM, 0
06/03/2024  8:00 AM, 0
06/03/2024  9:00 AM, 0
06/03/2024 10:00 AM, 0
06/03/2024 11:00 AM, 0
06/03/2024 12:00 PM, 0
06/03/2024  1:00 PM, 0
06/03/2024  2:00 PM, 0
06/03/2024  3:00 PM, 0
06/03/2024  4:00 PM, 0
06/03/2024  5:00 PM, 14
06/03/2024  6:00 PM, 14
06/03/2024  7:00 PM, 0
06/03/2024  8:00 PM, 14
06/03/2024  9:00 PM, 14
06/03/2024 10:00 PM, 14
06/03/2024 11:00 PM, 14
06/04/2024 12:00 AM, 0
06/04/2024  1:00 AM, 0
06/04/2024  2:00 AM, 0
06/04/2024  3:00 AM, 0
06/04/2024  4:00 AM, 0
06/04/2024  5:00 AM, 0
06/04/2024  6:00 AM, 0
06/04/2024  7:00 AM, 0
06/04/2024  8:00 AM, 0
06/04/2024  9:00 AM, 0
06/04/2024 10:00 AM, 0
06/04/2024 11:00 AM, 0
06/04/2024 12:00 PM, 0
06/04/2024  1:00 PM, 0
06/04/2024  2:00 PM, 14
06/04/2024  3:00 PM, 0
06/04/2024  4:00 PM, 0
06/04/2024  5:00 PM, 0
06/04/2024  6:00 PM, 0
06/04/2024  7:00 PM, 0
06/04/2024  8:00 PM, 0
06/04/2024  9:00 PM, 14
06/04/2024 10:00 PM, 0
06/04/2024 11:00 PM, 0
06/05/2024 12:00 AM, 0
06/05/2024  1:00 AM, 0
06/05/2024  2:00 AM, 0
06/05/2024  3:00 AM, 0
06/05/2024  4:00 AM, 0
06/05/2024  5:00 AM, 0
06/05/2024  6:00 AM, 0
06/05/2024  7:00 AM, 0
06/05/2024  8:00 AM, 0
06/05/2024  9:00 AM, 0
06/05/2024 10:00 AM, 0
06/05/2024 11:00 AM, 0
06/05/2024 12:00 PM, 0
06/05/2024  1:00 PM, 0
06/05/2024  2:00 PM, 0
06/05/2024  3:00 PM, 0
06/05/2024  4:00 PM, 0
06/05/2024  5:00 PM, 0
06/05/2024  6:00 PM, 14
06/05/2024  7:00 PM, 0
06/05/2024  8:00 PM, 0
06/05/2024  9:00 PM, 14
06/05/2024 10:00 PM, 14
06/05/2024 11:00 PM, 0
06/06/2024 12:00 AM, 0
06/06/2024  1:00 AM, 0
06/06/2024  2:00 AM, 0
06/06/2024  3:00 AM, 0
06/06/2024  4:00 AM, 0
06/06/2024  5:00 AM, 0
06/06/2024  6:00 AM, 0
06/06/2024  7:00 AM, 0
06/06/2024  8:00 AM, 0
06/06/2024  9:00 AM, 0
06/06/2024 10:00 AM, 0
06/06/2024 11:00 AM, 0
06/06/2024 12:00 PM, 0
06/06/2024  1:00 PM, 0
06/06/2024  2:00 PM, 0
06/06/2024  3:00 PM, 0
06/06/2024  4:00 PM, 0
06/06/2024  5:00 PM, 14
06/06/2024  6:00 PM, 14
06/06/2024  7:00 PM, 14
06/06/2024  8:00 PM, 14
06/06/2024  9:00 PM, 14
06/06/2024 10:00 PM, 14
06/06/2024 11:00 PM, 0
06/07/2024 12:00 AM, 0
06/07/2024  1:00 AM, 0
06/07/2024  2:00 AM, 0
06/07/2024  3:00 AM, 0
06/07/2024  4:00 AM, 0
06/07/2024  5:00 AM, 0
06/07/2024  6:00 AM, 0
06/07/2024  7:00 AM, 0
06/07/2024  8:00 AM, 0
06/07/2024  9:00 AM, 0
06/07/2024 10:00 AM, 0
06/07/2024 11:00 AM, 0
06/07/2024 12:00 PM, 0
06/07/2024  1:00 PM, 0
06/07/2024  2:00 PM, 0
06/07/2024  3:00 PM, 0
06/07/2024  4:00 PM, 0
06/07/2024  5:00 PM, 14
06/07/2024  6:00 PM, 14
06/07/2024  7:00 PM, 14
06/07/2024  8:00 PM, 14
06/07/2024  9:00 PM, 14
06/07/2024 10:00 PM, 14
06/07/2024 11:00 PM, 0
06/08/2024 12:00 AM, 0
06/08/2024  1:00 AM, 0
06/08/2024  2:00 AM, 0
06/08/2024  3:00 AM, 0
06/08/2024  4:00 AM, 0
06/08/2024  5:00 AM, 0
06/08/2024  6:00 AM, 14
06/08/2024  7:00 AM, 0
06/08/2024  8:00 AM, 0
06/08/2024  9:00 AM, 0
06/08/2024 10:00 AM, 0
06/08/2024 11:00 AM, 0
06/08/2024 12:00 PM, 0
06/08/2024  1:00 PM, 0
06/08/2024  2:00 PM, 0
06/08/2024  3:00 PM, 0
06/08/2024  4:00 PM, 0
06/08/2024  5:00 PM, 0
06/08/2024  6:00 PM, 14
06/08/2024  7:00 PM, 0
06/08/2024  8:00 PM, 14
06/08/2024  9:00 PM, 0
06/08/2024 10:00 PM, 0
06/08/2024 11:00 PM, 0
06/09/2024 12:00 AM, 0
06/09/2024  1:00 AM, 0
06/09/2024  2:00 AM, 0
06/09/2024  3:00 AM, 0
06/09/2024  4:00 AM, 0
06/09/2024  5:00 AM, 0
06/09/2024  6:00 AM, 0
06/09/2024  7:00 AM, 0
06/09/2024  8:00 AM, 0
06/09/2024  9:00 AM, 0
06/09/2024 10:00 AM, 0
06/09/2024 11:00 AM, 0
06/09/2024 12:00 PM, 0
06/09/2024  1:00 PM, 0
06/09/2024  2:00 PM, 0
06/09/2024  3:00 PM, 0
06/09/2024  4:00 PM, 0
06/09/2024  5:00 PM, 0
06/09/2024  6:00 PM, 0
06/09/2024  7:00 PM, 0
06/09/2024  8:00 PM, 0
06/09/2024  9:00 PM, 14
06/09/2024 10:00 PM, 0
06/09/2024 11:00 PM, 0
06/10/2024 12:00 AM, 0
06/10/2024  1:00 AM, 0
06/10/2024  2:00 AM, 0
06/10/2024  3:00 AM, 0
06/10/2024  4:00 AM, 0
06/10/2024  5:00 AM, 0
06/10/2024  6:00 AM, 0
06/10/2024  7:00 AM, 0
06/10/2024  8:00 AM, 0
06/10/2024  9:00 AM, 0
06/10/2024 10:00 AM, 0
06/10/2024 11:00 AM, 0
06/10/2024 12:00 PM, 0
06/10/2024  1:00 PM, 0
06/10/2024  2:00 PM, 0
06/10/2024  3:00 PM, 0
06/10/2024  4:00 PM, 0
06/10/2024  5:00 PM, 14
06/10/2024  6:00 PM, 14
06/10/2024  7:00 PM, 14
06/10/2024  8:00 PM, 0
06/10/2024  9:00 PM, 14
06/10/2024 10:00 PM, 0
06/10/2024 11:00 PM, 0
06/11/2024 12:00 AM, 0
06/11/2024  1:00 AM, 0
06/11/2024  2:00 AM, 0
06/11/2024  3:00 AM, 0
06/11/2024  4:00 AM, 0
06/11/2024  5:00 AM, 0
06/11/2024  6:00 AM, 0
06/11/2024  7:00 AM, 0
06/11/2024  8:00 AM, 0
06/11/2024  9:00 AM, 0
06/11/2024 10:00 AM, 0
06/11/2024 11:00 AM, 0
06/11/2024 12:00 PM, 0
06/11/2024  1:00 PM, 0
06/11/2024  2:00 PM, 0
06/11/2024  3:00 PM, 0
06/11/2024  4:00 PM, 0
06/11/2024  5:00 PM, 0
06/11/2024  6:00 PM, 14
06/11/2024  7:00 PM, 13.9972
06/11/2024  8:00 PM, 14
06/11/2024  9:00 PM, 14
06/11/2024 10:00 PM, 14
06/11/2024 11:00 PM, 0
06/12/2024 12:00 AM, 0
06/12/2024  1:00 AM, 0
06/12/2024  2:00 AM, 0
06/12/2024  3:00 AM, 0
06/12/2024  4:00 AM, 0
06/12/2024  5:00 AM, 0
06/12/2024  6:00 AM, 0
06/12/2024  7:00 AM, 0
06/12/2024  8:00 AM, 0
06/12/2024  9:00 AM, 0
06/12/2024 10:00 AM, 0
06/12/2024 11:00 AM, 0
06/12/2024 12:00 PM, 0
06/12/2024  1:00 PM, 0
06/12/2024  2:00 PM, 0
06/12/2024  3:00 PM, 0
06/12/2024  4:00 PM, 0
06/12/2024  5:00 PM, 0
06/12/2024  6:00 PM, 0
06/12/2024  7:00 PM, 0
06/12/2024  8:00 PM, 14
06/12/2024  9:00 PM, 0
06/12/2024 10:00 PM, 0
06/12/2024 11:00 PM, 0
06/13/2024 12:00 AM, 0
06/13/2024  1:00 AM, 0
06/13/2024  2:00 AM, 0
06/13/2024  3:00 AM, 0
06/13/2024  4:00 AM, 0
06/13/2024  5:00 AM, 0
06/13/2024  6:00 AM, 0
06/13/2024  7:00 AM, 0
06/13/2024  8:00 AM, 0
06/13/2024  9:00 AM, 0
06/13/2024 10:00 AM, 0
06/13/2024 11:00 AM, 0
06/13/2024 12:00 PM, 0
06/13/2024  1:00 PM, 0
06/13/2024  2:00 PM, 0
06/13/2024  3:00 PM, 0
06/13/2024  4:00 PM, 0
06/13/2024  5:00 PM, 0
06/13/2024  6:00 PM, 14
06/13/2024  7:00 PM, 14
06/13/2024  8:00 PM, 14
06/13/2024  9:00 PM, 14
06/13/2024 10:00 PM, 14
06/13/2024 11:00 PM, 14
06/14/2024 12:00 AM, 0
06/14/2024  1:00 AM, 0
06/14/2024  2:00 AM, 0
06/14/2024  3:00 AM, 0
06/14/2024  4:00 AM, 0
06/14/2024  5:00 AM, 0
06/14/2024  6:00 AM, 0
06/14/2024  7:00 AM, 0
06/14/2024  8:00 AM, 0
06/14/2024  9:00 AM, 0
06/14/2024 10:00 AM, 0
06/14/2024 11:00 AM, 0
06/14/2024 12:00 PM, 0
06/14/2024  1:00 PM, 0
06/14/2024  2:00 PM, 0
06/14/2024  3:00 PM, 0
06/14/2024  4:00 PM, 0
06/14/2024  5:00 PM, 0
06/14/2024  6:00 PM, 14
06/14/2024  7:00 PM, 14
06/14/2024  8:00 PM, 13.9972
06/14/2024  9:00 PM, 14
06/14/2024 10:00 PM, 14
06/14/2024 11:00 PM, 0
06/15/2024 12:00 AM, 0
06/15/2024  1:00 AM, 0
06/15/2024  2:00 AM, 0
06/15/2024  3:00 AM, 0
06/15/2024  4:00 AM, 0
06/15/2024  5:00 AM, 0
06/15/2024  6:00 AM, 0
06/15/2024  7:00 AM, 0
06/15/2024  8:00 AM, 0
06/15/2024  9:00 AM, 0
06/15/2024 10:00 AM, 0
06/15/2024 11:00 AM, 0
06/15/2024 12:00 PM, 0
06/15/2024  1:00 PM, 0
06/15/2024  2:00 PM, 0
06/15/2024  3:00 PM, 0
06/15/2024  4:00 PM, 0
06/15/2024  5:00 PM, 0
06/15/2024  6:00 PM, 0
06/15/2024  7:00 PM, 0
06/15/2024  8:00 PM, 0
06/15/2024  9:00 PM, 14
06/15/2024 10:00 PM, 14
06/15/2024 11:00 PM, 0
06/16/2024 12:00 AM, 0
06/16/2024  1:00 AM, 0
06/16/2024  2:00 AM, 0
06/16/2024  3:00 AM, 0
06/16/2024  4:00 AM, 0
06/16/2024  5:00 AM, 0
06/16/2024  6:00 AM, 0
06/16/2024  7:00 AM, 0
06/16/2024  8:00 AM, 0
06/16/2024  9:00 AM, 0
06/16/2024 10:00 AM, 0
06/16/2024 11:00 AM, 0
06/16/2024 12:00 PM, 0
06/16/2024  1:00 PM, 0
06/16/2024  2:00 PM, 0
06/16/2024  3:00 PM, 0
06/16/2024  4:00 PM, 0
06/16/2024  5:00 PM, 0
06/16/2024  6:00 PM, 0
06/16/2024  7:00 PM, 0
06/16/2024  8:00 PM, 11.6662
06/16/2024  9:00 PM, 0
06/16/2024 10:00 PM, 0
06/16/2024 11:00 PM, 0
06/17/2024 12:00 AM, 0
06/17/2024  1:00 AM, 0
06/17/2024  2:00 AM, 0
06/17/2024  3:00 AM, 0
06/17/2024  4:00 AM, 0
06/17/2024  5:00 AM, 0
06/17/2024  6:00 AM, 0
06/17/2024  7:00 AM, 0
06/17/2024  8:00 AM, 0
06/17/2024  9:00 AM, 0
06/17/2024 10:00 AM, 0
06/17/2024 11:00 AM, 0
06/17/2024 12:00 PM, 0
06/17/2024  1:00 PM, 0
06/17/2024  2:00 PM, 14
06/17/2024  3:00 PM, 0
06/17/2024  4:00 PM, 0
06/17/2024  5:00 PM, 0
06/17/2024  6:00 PM, 0
06/17/2024  7:00 PM, 0
06/17/2024  8:00 PM, 14
06/17/2024  9:00 PM, 14
06/17/2024 10:00 PM, 14
06/17/2024 11:00 PM, 0
06/18/2024 12:00 AM, 0
06/18/2024  1:00 AM, 0
06/18/2024  2:00 AM, 0
06/18/2024  3:00 AM, 0
06/18/2024  4:00 AM, 0
06/18/2024  5:00 AM, 0
06/18/2024  6:00 AM, 0
06/18/2024  7:00 AM, 0
06/18/2024  8:00 AM, 0
06/18/2024  9:00 AM, 0
06/18/2024 10:00 AM, 0
06/18/2024 11:00 AM, 0
06/18/2024 12:00 PM, 0
06/18/2024  1:00 PM, 0
06/18/2024  2:00 PM, 0
06/18/2024  3:00 PM, 0
06/18/2024  4:00 PM, 0
06/18/2024  5:00 PM, 0
06/18/2024  6:00 PM, 14
06/18/2024  7:00 PM, 14
06/18/2024  8:00 PM, 14
06/18/2024  9:00 PM, 14
06/18/2024 10:00 PM, 13.9972
06/18/2024 11:00 PM, 0
06/19/2024 12:00 AM, 0
06/19/2024  1:00 AM, 0
06/19/2024  2:00 AM, 0
06/19/2024  3:00 AM, 0
06/19/2024  4:00 AM, 0
06/19/2024  5:00 AM, 0
06/19/2024  6:00 AM, 0
06/19/2024  7:00 AM, 0
06/19/2024  8:00 AM, 0
06/19/2024  9:00 AM, 0
06/19/2024 10:00 AM, 0
06/19/2024 11:00 AM, 0
06/19/2024 12:00 PM, 0
06/19/2024  1:00 PM, 0
06/19/2024  2:00 PM, 0
06/19/2024  3:00 PM, 0
06/19/2024  4:00 PM, 0
06/19/2024  5:00 PM, 14
06/19/2024  6:00 PM, 14
06/19/2024  7:00 PM, 14
06/19/2024  8:00 PM, 14
06/19/2024  9:00 PM, 14
06/19/2024 10:00 PM, 14
06/19/2024 11:00 PM, 0
06/20/2024 12:00 AM, 0
06/20/2024  1:00 AM, 0
06/20/2024  2:00 AM, 0
06/20/2024  3:00 AM, 0
06/20/2024  4:00 AM, 0
06/20/2024  5:00 AM, 0
06/20/2024  6:00 AM, 0
06/20/2024  7:00 AM, 0
06/20/2024  8:00 AM, 0
06/20/2024  9:00 AM, 0
06/20/2024 10:00 AM, 0
06/20/2024 11:00 AM, 0
06/20/2024 12:00 PM, 0
06/20/2024  1:00 PM, 0
06/20/2024  2:00 PM, 0
06/20/2024  3:00 PM, 0
06/20/2024  4:00 PM, 0
06/20/2024  5:00 PM, 14
06/20/2024  6:00 PM, 14
06/20/2024  7:00 PM, 14
06/20/2024  8:00 PM, 14
06/20/2024  9:00 PM, 14
06/20/2024 10:00 PM, 14
06/20/2024 11:00 PM, 0
06/21/2024 12:00 AM, 0
06/21/2024  1:00 AM, 0
06/21/2024  2:00 AM, 0
06/21/2024  3:00 AM, 0
06/21/2024  4:00 AM, 0
06/21/2024  5:00 AM, 0
06/21/2024  6:00 AM, 0
06/21/2024  7:00 AM, 0
06/21/2024  8:00 AM, 0
06/21/2024  9:00 AM, 0
06/21/2024 10:00 AM, 0
06/21/2024 11:00 AM, 0
06/21/2024 12:00 PM, 0
06/21/2024  1:00 PM, 0
06/21/2024  2:00 PM, 0
06/21/2024  3:00 PM, 0
06/21/2024  4:00 PM, 0
06/21/2024  5:00 PM, 14
06/21/2024  6:00 PM, 14
06/21/2024  7:00 PM, 0
06/21/2024  8:00 PM, 14
06/21/2024  9:00 PM, 14
06/21/2024 10:00 PM, 14
06/21/2024 11:00 PM, 14
06/22/2024 12:00 AM, 0
06/22/2024  1:00 AM, 0
06/22/2024  2:00 AM, 0
06/22/2024  3:00 AM, 0
06/22/2024  4:00 AM, 0
06/22/2024  5:00 AM, 0
06/22/2024  6:00 AM, 0
06/22/2024  7:00 AM, 0
06/22/2024  8:00 AM, 0
06/22/2024  9:00 AM, 0
06/22/2024 10:00 AM, 0
06/22/2024 11:00 AM, 0
06/22/2024 12:00 PM, 0
06/22/2024  1:00 PM, 0
06/22/2024  2:00 PM, 0
06/22/2024  3:00 PM, 0
06/22/2024  4:00 PM, 0
06/22/2024  5:00 PM, 0
06/22/2024  6:00 PM, 14
06/22/2024  7:00 PM, 14
06/22/2024  8:00 PM, 14
06/22/2024  9:00 PM, 0
06/22/2024 10:00 PM, 14
06/22/2024 11:00 PM, 13.9972
06/23/2024 12:00 AM, 0
06/23/2024  1:00 AM, 0
06/23/2024  2:00 AM, 0
06/23/2024  3:00 AM, 0
06/23/2024  4:00 AM, 0
06/23/2024  5:00 AM, 0
06/23/2024  6:00 AM, 0
06/23/2024  7:00 AM, 0
06/23/2024  8:00 AM, 0
06/23/2024  9:00 AM, 0
06/23/2024 10:00 AM, 0
06/23/2024 11:00 AM, 0
06/23/2024 12:00 PM, 0
06/23/2024  1:00 PM, 0
06/23/2024  2:00 PM, 0
06/23/2024  3:00 PM, 0
06/23/2024  4:00 PM, 0
06/23/2024  5:00 PM, 14
06/23/2024  6:00 PM, 14
06/23/2024  7:00 PM, 14
06/23/2024  8:00 PM, 14
06/23/2024  9:00 PM, 14
06/23/2024 10:00 PM, 14
06/23/2024 11:00 PM, 0
06/24/2024 12:00 AM, 0
06/24/2024  1:00 AM, 0
06/24/2024  2:00 AM, 0
06/24/2024  3:00 AM, 0
06/24/2024  4:00 AM, 0
06/24/2024  5:00 AM, 0
06/24/2024  6:00 AM, 0
06/24/2024  7:00 AM, 0
06/24/2024  8:00 AM, 0
06/24/2024  9:00 AM, 0
06/24/2024 10:00 AM, 0
06/24/2024 11:00 AM, 0
06/24/2024 12:00 PM, 0
06/24/2024  1:00 PM, 0
06/24/2024  2:00 PM, 0
06/24/2024  3:00 PM, 0
06/24/2024  4:00 PM, 0
06/24/2024  5:00 PM, 14
06/24/2024  6:00 PM, 14
06/24/2024  7:00 PM, 14
06/24/2024  8:00 PM, 14
06/24/2024  9:00 PM, 14
06/24/2024 10:00 PM, 0
06/24/2024 11:00 PM, 0
06/25/2024 12:00 AM, 0
06/25/2024  1:00 AM, 0
06/25/2024  2:00 AM, 0
06/25/2024  3:00 AM, 0
06/25/2024  4:00 AM, 0
06/25/2024  5:00 AM, 0
06/25/2024  6:00 AM, 0
06/25/2024  7:00 AM, 0
06/25/2024  8:00 AM, 0
06/25/2024  9:00 AM, 0
06/25/2024 10:00 AM, 0
06/25/2024 11:00 AM, 0
06/25/2024 12:00 PM, 0
06/25/2024  1:00 PM, 0
06/25/2024  2:00 PM, 0
06/25/2024  3:00 PM, 0
06/25/2024  4:00 PM, 0
06/25/2024  5:00 PM, 14
06/25/2024  6:00 PM, 14
06/25/2024  7:00 PM, 14
06/25/2024  8:00 PM, 14
06/25/2024  9:00 PM, 14
06/25/2024 10:00 PM, 0
06/25/2024 11:00 PM, 0
06/26/2024 12:00 AM, 0
06/26/2024  1:00 AM, 0
06/26/2024  2:00 AM, 0
06/26/2024  3:00 AM, 0
06/26/2024  4:00 AM, 0
06/26/2024  5:00 AM, 0
06/26/2024  6:00 AM, 0
06/26/2024  7:00 AM, 0
06/26/2024  8:00 AM, 0
06/26/2024  9:00 AM, 0
06/26/2024 10:00 AM, 0
06/26/2024 11:00 AM, 0
06/26/2024 12:00 PM, 0
06/26/2024  1:00 PM, 0
06/26/2024  2:00 PM, 0
06/26/2024  3:00 PM, 14
06/26/2024  4:00 PM, 14
06/26/2024  5:00 PM, 14
06/26/2024  6:00 PM, 14
06/26/2024  7:00 PM, 14
06/26/2024  8:00 PM, 14
06/26/2024  9:00 PM, 0
06/26/2024 10:00 PM, 0
06/26/2024 11:00 PM, 0
06/27/2024 12:00 AM, 0
06/27/2024  1:00 AM, 0
06/27/2024  2:00 AM, 0
06/27/2024  3:00 AM, 0
06/27/2024  4:00 AM, 0
06/27/2024  5:00 AM, 0
06/27/2024  6:00 AM, 0
06/27/2024  7:00 AM, 0
06/27/2024  8:00 AM, 0
06/27/2024  9:00 AM, 0
06/27/2024 10:00 AM, 0
06/27/2024 11:00 AM, 0
06/27/2024 12:00 PM, 0
06/27/2024  1:00 PM, 0
06/27/2024  2:00 PM, 0
06/27/2024  3:00 PM, 0
06/27/2024  4:00 PM, 14
06/27/2024  5:00 PM, 14
06/27/2024  6:00 PM, 14
06/27/2024  7:00 PM, 14
06/27/2024  8:00 PM, 14
06/27/2024  9:00 PM, 14
06/27/2024 10:00 PM, 0
06/27/2024 11:00 PM, 0
06/28/2024 12:00 AM, 0
06/28/2024  1:00 AM, 0
06/28/2024  2:00 AM, 0
06/28/2024  3:00 AM, 0
06/28/2024  4:00 AM, 0
06/28/2024  5:00 AM, 0
06/28/2024  6:00 AM, 0
06/28/2024  7:00 AM, 0
06/28/2024  8:00 AM, 0
06/28/2024  9:00 AM, 0
06/28/2024 10:00 AM, 0
06/28/2024 11:00 AM, 0
06/28/2024 12:00 PM, 0
06/28/2024  1:00 PM, 0
06/28/2024  2:00 PM, 0
06/28/2024  3:00 PM, 0
06/28/2024  4:00 PM, 0
06/28/2024  5:00 PM, 14
06/28/2024  6:00 PM, 14
06/28/2024  7:00 PM, 14
06/28/2024  8:00 PM, 14
06/28/2024  9:00 PM, 14
06/28/2024 10:00 PM, 14
06/28/2024 11:00 PM, 0
06/29/2024 12:00 AM, 0
06/29/2024  1:00 AM, 0
06/29/2024  2:00 AM, 0
06/29/2024  3:00 AM, 0
06/29/2024  4:00 AM, 0
06/29/2024  5:00 AM, 0
06/29/2024  6:00 AM, 0
06/29/2024  7:00 AM, 0
06/29/2024  8:00 AM, 0
06/29/2024  9:00 AM, 0
06/29/2024 10:00 AM, 0
06/29/2024 11:00 AM, 0
06/29/2024 12:00 PM, 0
06/29/2024  1:00 PM, 0
06/29/2024  2:00 PM, 14
06/29/2024  3:00 PM, 0
06/29/2024  4:00 PM, 0
06/29/2024  5:00 PM, 14
06/29/2024  6:00 PM, 14
06/29/2024  7:00 PM, 14
06/29/2024  8:00 PM, 14
06/29/2024  9:00 PM, 14
06/29/2024 10:00 PM, 0
06/29/2024 11:00 PM, 0
06/30/2024 12:00 AM, 0
06/30/2024  1:00 AM, 0
06/30/2024  2:00 AM, 0
06/30/2024  3:00 AM, 0
06/30/2024  4:00 AM, 0
06/30/2024  5:00 AM, 0
06/30/2024  6:00 AM, 0
06/30/2024  7:00 AM, 0
06/30/2024  8:00 AM, 0
06/30/2024  9:00 AM, 0
06/30/2024 10:00 AM, 0
06/30/2024 11:00 AM, 0
06/30/2024 12:00 PM, 0
06/30/2024  1:00 PM, 0
06/30/2024  2:00 PM, 14
06/30/2024  3:00 PM, 14
06/30/2024  4:00 PM, 14
06/30/2024  5:00 PM, 14
06/30/2024  6:00 PM, 14
06/30/2024  7:00 PM, 14
06/30/2024  8:00 PM, 0
06/30/2024  9:00 PM, 0
06/30/2024 10:00 PM, 0
06/30/2024 11:00 PM, 0
























