Interval,CentralLiq6,
1,0.015166
2,0
3,0
4,0
5,0
6,0
7,0.049538
8,0.023855
9,0.029614
10,0
11,0.035724
12,0.04934
13,0
14,0.033698
15,0.054082
16,0.0369
17,0.098052
18,0.047646
19,0.012918
20,0
21,0.035803
22,0
23,0.016052
24,0.0098987
25,0.015166
26,0
27,0
28,0
29,0
30,0
31,0.049538
32,0.023855
33,0.029614
34,0
35,0.035724
36,0.04934
37,0
38,0.033698
39,0.054082
40,0.0369
41,0.098052
42,0.047646
43,0.012918
44,0
45,0.035803
46,0
47,0.016052
48,0.0098987
49,0.015166
50,0
51,0
52,0
53,0
54,0
55,0.049538
56,0.023855
57,0.029614
58,0
59,0.035724
60,0.04934
61,0
62,0.033698
63,0.054082
64,0.0369
65,0.098052
66,0.047646
67,0.012918
68,0
69,0.035803
70,0
71,0.016052
72,0.0098987
73,0.015166
74,0
75,0
76,0
77,0
78,0
79,0.049538
80,0.023855
81,0.029614
82,0
83,0.035724
84,0.04934
85,0
86,0.033698
87,0.054082
88,0.0369
89,0.098052
90,0.047646
91,0.012918
92,0
93,0.035803
94,0
95,0.016052
96,0.0098987
97,0.015166
98,0
99,0
100,0
101,0
102,0
103,0.049538
104,0.023855
105,0.029614
106,0
107,0.035724
108,0.04934
109,0
110,0.033698
111,0.054082
112,0.0369
113,0.098052
114,0.047646
115,0.012918
116,0
117,0.035803
118,0
119,0.016052
120,0.0098987
121,0.015166
122,0
123,0
124,0
125,0
126,0
127,0.049538
128,0.023855
129,0.029614
130,0
131,0.035724
132,0.04934
133,0
134,0.033698
135,0.054082
136,0.0369
137,0.098052
138,0.047646
139,0.012918
140,0
141,0.035803
142,0
143,0.016052
144,0.0098987
145,0.015166
146,0
147,0
148,0
149,0
150,0
151,0.049538
152,0.023855
153,0.029614
154,0
155,0.035724
156,0.04934
157,0
158,0.033698
159,0.054082
160,0.0369
161,0.098052
162,0.047646
163,0.012918
164,0
165,0.035803
166,0
167,0.016052
168,0.0098987
169,0.015166
170,0
171,0
172,0
173,0
174,0
175,0.049538
176,0.023855
177,0.029614
178,0
179,0.035724
180,0.04934
181,0
182,0.033698
183,0.054082
184,0.0369
185,0.098052
186,0.047646
187,0.012918
188,0
189,0.035803
190,0
191,0.016052
192,0.0098987
193,0.015166
194,0
195,0
196,0
197,0
198,0
199,0.049538
200,0.023855
201,0.029614
202,0
203,0.035724
204,0.04934
205,0
206,0.033698
207,0.054082
208,0.0369
209,0.098052
210,0.047646
211,0.012918
212,0
213,0.035803
214,0
215,0.016052
216,0.0098987
217,0.015166
218,0
219,0
220,0
221,0
222,0
223,0.049538
224,0.023855
225,0.029614
226,0
227,0.035724
228,0.04934
229,0
230,0.033698
231,0.054082
232,0.0369
233,0.098052
234,0.047646
235,0.012918
236,0
237,0.035803
238,0
239,0.016052
240,0.0098987
241,0.015166
242,0
243,0
244,0
245,0
246,0
247,0.049538
248,0.023855
249,0.029614
250,0
251,0.035724
252,0.04934
253,0
254,0.033698
255,0.054082
256,0.0369
257,0.098052
258,0.047646
259,0.012918
260,0
261,0.035803
262,0
263,0.016052
264,0.0098987
265,0.015166
266,0
267,0
268,0
269,0
270,0
271,0.049538
272,0.023855
273,0.029614
274,0
275,0.035724
276,0.04934
277,0
278,0.033698
279,0.054082
280,0.0369
281,0.098052
282,0.047646
283,0.012918
284,0
285,0.035803
286,0
287,0.016052
288,0.0098987
289,0.015166
290,0
291,0
292,0
293,0
294,0
295,0.049538
296,0.023855
297,0.029614
298,0
299,0.035724
300,0.04934
301,0
302,0.033698
303,0.054082
304,0.0369
305,0.098052
306,0.047646
307,0.012918
308,0
309,0.035803
310,0
311,0.016052
312,0.0098987
313,0.015166
314,0
315,0
316,0
317,0
318,0
319,0.049538
320,0.023855
321,0.029614
322,0
323,0.035724
324,0.04934
325,0
326,0.033698
327,0.054082
328,0.0369
329,0.098052
330,0.047646
331,0.012918
332,0
333,0.035803
334,0
335,0.016052
336,0.0098987
337,0.015166
338,0
339,0
340,0
341,0
342,0
343,0.049538
344,0.023855
345,0.029614
346,0
347,0.035724
348,0.04934
349,0
350,0.033698
351,0.054082
352,0.0369
353,0.098052
354,0.047646
355,0.012918
356,0
357,0.035803
358,0
359,0.016052
360,0.0098987
361,0.015166
362,0
363,0
364,0
365,0
366,0
367,0.049538
368,0.023855
369,0.029614
370,0
371,0.035724
372,0.04934
373,0
374,0.033698
375,0.054082
376,0.0369
377,0.098052
378,0.047646
379,0.012918
380,0
381,0.035803
382,0
383,0.016052
384,0.0098987
385,0.015166
386,0
387,0
388,0
389,0
390,0
391,0.049538
392,0.023855
393,0.029614
394,0
395,0.035724
396,0.04934
397,0
398,0.033698
399,0.054082
400,0.0369
401,0.098052
402,0.047646
403,0.012918
404,0
405,0.035803
406,0
407,0.016052
408,0.0098987
409,0.015166
410,0
411,0
412,0
413,0
414,0
415,0.049538
416,0.023855
417,0.029614
418,0
419,0.035724
420,0.04934
421,0
422,0.033698
423,0.054082
424,0.0369
425,0.098052
426,0.047646
427,0.012918
428,0
429,0.035803
430,0
431,0.016052
432,0.0098987
433,0.015166
434,0
435,0
436,0
437,0
438,0
439,0.049538
440,0.023855
441,0.029614
442,0
443,0.035724
444,0.04934
445,0
446,0.033698
447,0.054082
448,0.0369
449,0.098052
450,0.047646
451,0.012918
452,0
453,0.035803
454,0
455,0.016052
456,0.0098987
457,0.015166
458,0
459,0
460,0
461,0
462,0
463,0.049538
464,0.023855
465,0.029614
466,0
467,0.035724
468,0.04934
469,0
470,0.033698
471,0.054082
472,0.0369
473,0.098052
474,0.047646
475,0.012918
476,0
477,0.035803
478,0
479,0.016052
480,0.0098987
481,0.015166
482,0
483,0
484,0
485,0
486,0
487,0.049538
488,0.023855
489,0.029614
490,0
491,0.035724
492,0.04934
493,0
494,0.033698
495,0.054082
496,0.0369
497,0.098052
498,0.047646
499,0.012918
500,0
501,0.035803
502,0
503,0.016052
504,0.0098987
505,0.015166
506,0
507,0
508,0
509,0
510,0
511,0.049538
512,0.023855
513,0.029614
514,0
515,0.035724
516,0.04934
517,0
518,0.033698
519,0.054082
520,0.0369
521,0.098052
522,0.047646
523,0.012918
524,0
525,0.035803
526,0
527,0.016052
528,0.0098987
529,0.015166
530,0
531,0
532,0
533,0
534,0
535,0.049538
536,0.023855
537,0.029614
538,0
539,0.035724
540,0.04934
541,0
542,0.033698
543,0.054082
544,0.0369
545,0.098052
546,0.047646
547,0.012918
548,0
549,0.035803
550,0
551,0.016052
552,0.0098987
553,0.015166
554,0
555,0
556,0
557,0
558,0
559,0.049538
560,0.023855
561,0.029614
562,0
563,0.035724
564,0.04934
565,0
566,0.033698
567,0.054082
568,0.0369
569,0.098052
570,0.047646
571,0.012918
572,0
573,0.035803
574,0
575,0.016052
576,0.0098987
577,0.015166
578,0
579,0
580,0
581,0
582,0
583,0.049538
584,0.023855
585,0.029614
586,0
587,0.035724
588,0.04934
589,0
590,0.033698
591,0.054082
592,0.0369
593,0.098052
594,0.047646
595,0.012918
596,0
597,0.035803
598,0
599,0.016052
600,0.0098987
601,0.015166
602,0
603,0
604,0
605,0
606,0
607,0.049538
608,0.023855
609,0.029614
610,0
611,0.035724
612,0.04934
613,0
614,0.033698
615,0.054082
616,0.0369
617,0.098052
618,0.047646
619,0.012918
620,0
621,0.035803
622,0
623,0.016052
624,0.0098987
625,0.015166
626,0
627,0
628,0
629,0
630,0
631,0.049538
632,0.023855
633,0.029614
634,0
635,0.035724
636,0.04934
637,0
638,0.033698
639,0.054082
640,0.0369
641,0.098052
642,0.047646
643,0.012918
644,0
645,0.035803
646,0
647,0.016052
648,0.0098987
649,0.015166
650,0
651,0
652,0
653,0
654,0
655,0.049538
656,0.023855
657,0.029614
658,0
659,0.035724
660,0.04934
661,0
662,0.033698
663,0.054082
664,0.0369
665,0.098052
666,0.047646
667,0.012918
668,0
669,0.035803
670,0
671,0.016052
672,0.0098987
673,0.015166
674,0
675,0
676,0
677,0
678,0
679,0.049538
680,0.023855
681,0.029614
682,0
683,0.035724
684,0.04934
685,0
686,0.033698
687,0.054082
688,0.0369
689,0.098052
690,0.047646
691,0.012918
692,0
693,0.035803
694,0
695,0.016052
696,0.0098987
697,0.015166
698,0
699,0
700,0
701,0
702,0
703,0.049538
704,0.023855
705,0.029614
706,0
707,0.035724
708,0.04934
709,0
710,0.033698
711,0.054082
712,0.0369
713,0.098052
714,0.047646
715,0.012918
716,0
717,0.035803
718,0
719,0.016052
720,0.0098987
721,0.015166
722,0
723,0
724,0
725,0
726,0
727,0.049538
728,0.023855
729,0.029614
730,0
731,0.035724
732,0.04934
733,0
734,0.033698
735,0.054082
736,0.0369
737,0.098052
738,0.047646
739,0.012918
740,0
741,0.035803
742,0
743,0.016052
744,0.0098987
745,0.015166
746,0
747,0
748,0
749,0
750,0
751,0.049538
752,0.023855
753,0.029614
754,0
755,0.035724
756,0.04934
757,0
758,0.033698
759,0.054082
760,0.0369
761,0.098052
762,0.047646
763,0.012918
764,0
765,0.035803
766,0
767,0.016052
768,0.0098987
769,0.015166
770,0
771,0
772,0
773,0
774,0
775,0.049538
776,0.023855
777,0.029614
778,0
779,0.035724
780,0.04934
781,0
782,0.033698
783,0.054082
784,0.0369
785,0.098052
786,0.047646
787,0.012918
788,0
789,0.035803
790,0
791,0.016052
792,0.0098987
793,0.015166
794,0
795,0
796,0
797,0
798,0
799,0.049538
800,0.023855
801,0.029614
802,0
803,0.035724
804,0.04934
805,0
806,0.033698
807,0.054082
808,0.0369
809,0.098052
810,0.047646
811,0.012918
812,0
813,0.035803
814,0
815,0.016052
816,0.0098987
817,0.015166
818,0
819,0
820,0
821,0
822,0
823,0.049538
824,0.023855
825,0.029614
826,0
827,0.035724
828,0.04934
829,0
830,0.033698
831,0.054082
832,0.0369
833,0.098052
834,0.047646
835,0.012918
836,0
837,0.035803
838,0
839,0.016052
840,0.0098987
841,0.015166
842,0
843,0
844,0
845,0
846,0
847,0.049538
848,0.023855
849,0.029614
850,0
851,0.035724
852,0.04934
853,0
854,0.033698
855,0.054082
856,0.0369
857,0.098052
858,0.047646
859,0.012918
860,0
861,0.035803
862,0
863,0.016052
864,0.0098987
865,0.015166
866,0
867,0
868,0
869,0
870,0
871,0.049538
872,0.023855
873,0.029614
874,0
875,0.035724
876,0.04934
877,0
878,0.033698
879,0.054082
880,0.0369
881,0.098052
882,0.047646
883,0.012918
884,0
885,0.035803
886,0
887,0.016052
888,0.0098987
889,0.015166
890,0
891,0
892,0
893,0
894,0
895,0.049538
896,0.023855
897,0.029614
898,0
899,0.035724
900,0.04934
901,0
902,0.033698
903,0.054082
904,0.0369
905,0.098052
906,0.047646
907,0.012918
908,0
909,0.035803
910,0
911,0.016052
912,0.0098987
913,0.015166
914,0
915,0
916,0
917,0
918,0
919,0.049538
920,0.023855
921,0.029614
922,0
923,0.035724
924,0.04934
925,0
926,0.033698
927,0.054082
928,0.0369
929,0.098052
930,0.047646
931,0.012918
932,0
933,0.035803
934,0
935,0.016052
936,0.0098987
937,0.015166
938,0
939,0
940,0
941,0
942,0
943,0.049538
944,0.023855
945,0.029614
946,0
947,0.035724
948,0.04934
949,0
950,0.033698
951,0.054082
952,0.0369
953,0.098052
954,0.047646
955,0.012918
956,0
957,0.035803
958,0
959,0.016052
960,0.0098987
961,0.015166
962,0
963,0
964,0
965,0
966,0
967,0.049538
968,0.023855
969,0.029614
970,0
971,0.035724
972,0.04934
973,0
974,0.033698
975,0.054082
976,0.0369
977,0.098052
978,0.047646
979,0.012918
980,0
981,0.035803
982,0
983,0.016052
984,0.0098987
985,0.015166
986,0
987,0
988,0
989,0
990,0
991,0.049538
992,0.023855
993,0.029614
994,0
995,0.035724
996,0.04934
997,0
998,0.033698
999,0.054082
1000,0.0369
1001,0.098052
1002,0.047646
1003,0.012918
1004,0
1005,0.035803
1006,0
1007,0.016052
1008,0.0098987
1009,0.015166
1010,0
1011,0
1012,0
1013,0
1014,0
1015,0.049538
1016,0.023855
1017,0.029614
1018,0
1019,0.035724
1020,0.04934
1021,0
1022,0.033698
1023,0.054082
1024,0.0369
1025,0.098052
1026,0.047646
1027,0.012918
1028,0
1029,0.035803
1030,0
1031,0.016052
1032,0.0098987
1033,0.015166
1034,0
1035,0
1036,0
1037,0
1038,0
1039,0.049538
1040,0.023855
1041,0.029614
1042,0
1043,0.035724
1044,0.04934
1045,0
1046,0.033698
1047,0.054082
1048,0.0369
1049,0.098052
1050,0.047646
1051,0.012918
1052,0
1053,0.035803
1054,0
1055,0.016052
1056,0.0098987
1057,0.015166
1058,0
1059,0
1060,0
1061,0
1062,0
1063,0.049538
1064,0.023855
1065,0.029614
1066,0
1067,0.035724
1068,0.04934
1069,0
1070,0.033698
1071,0.054082
1072,0.0369
1073,0.098052
1074,0.047646
1075,0.012918
1076,0
1077,0.035803
1078,0
1079,0.016052
1080,0.0098987
1081,0.015166
1082,0
1083,0
1084,0
1085,0
1086,0
1087,0.049538
1088,0.023855
1089,0.029614
1090,0
1091,0.035724
1092,0.04934
1093,0
1094,0.033698
1095,0.054082
1096,0.0369
1097,0.098052
1098,0.047646
1099,0.012918
1100,0
1101,0.035803
1102,0
1103,0.016052
1104,0.0098987
1105,0.015166
1106,0
1107,0
1108,0
1109,0
1110,0
1111,0.049538
1112,0.023855
1113,0.029614
1114,0
1115,0.035724
1116,0.04934
1117,0
1118,0.033698
1119,0.054082
1120,0.0369
1121,0.098052
1122,0.047646
1123,0.012918
1124,0
1125,0.035803
1126,0
1127,0.016052
1128,0.0098987
1129,0.015166
1130,0
1131,0
1132,0
1133,0
1134,0
1135,0.049538
1136,0.023855
1137,0.029614
1138,0
1139,0.035724
1140,0.04934
1141,0
1142,0.033698
1143,0.054082
1144,0.0369
1145,0.098052
1146,0.047646
1147,0.012918
1148,0
1149,0.035803
1150,0
1151,0.016052
1152,0.0098987
1153,0.015166
1154,0
1155,0
1156,0
1157,0
1158,0
1159,0.049538
1160,0.023855
1161,0.029614
1162,0
1163,0.035724
1164,0.04934
1165,0
1166,0.033698
1167,0.054082
1168,0.0369
1169,0.098052
1170,0.047646
1171,0.012918
1172,0
1173,0.035803
1174,0
1175,0.016052
1176,0.0098987
1177,0.015166
1178,0
1179,0
1180,0
1181,0
1182,0
1183,0.049538
1184,0.023855
1185,0.029614
1186,0
1187,0.035724
1188,0.04934
1189,0
1190,0.033698
1191,0.054082
1192,0.0369
1193,0.098052
1194,0.047646
1195,0.012918
1196,0
1197,0.035803
1198,0
1199,0.016052
1200,0.0098987
1201,0.015166
1202,0
1203,0
1204,0
1205,0
1206,0
1207,0.049538
1208,0.023855
1209,0.029614
1210,0
1211,0.035724
1212,0.04934
1213,0
1214,0.033698
1215,0.054082
1216,0.0369
1217,0.098052
1218,0.047646
1219,0.012918
1220,0
1221,0.035803
1222,0
1223,0.016052
1224,0.0098987
1225,0.015166
1226,0
1227,0
1228,0
1229,0
1230,0
1231,0.049538
1232,0.023855
1233,0.029614
1234,0
1235,0.035724
1236,0.04934
1237,0
1238,0.033698
1239,0.054082
1240,0.0369
1241,0.098052
1242,0.047646
1243,0.012918
1244,0
1245,0.035803
1246,0
1247,0.016052
1248,0.0098987
1249,0.015166
1250,0
1251,0
1252,0
1253,0
1254,0
1255,0.049538
1256,0.023855
1257,0.029614
1258,0
1259,0.035724
1260,0.04934
1261,0
1262,0.033698
1263,0.054082
1264,0.0369
1265,0.098052
1266,0.047646
1267,0.012918
1268,0
1269,0.035803
1270,0
1271,0.016052
1272,0.0098987
1273,0.015166
1274,0
1275,0
1276,0
1277,0
1278,0
1279,0.049538
1280,0.023855
1281,0.029614
1282,0
1283,0.035724
1284,0.04934
1285,0
1286,0.033698
1287,0.054082
1288,0.0369
1289,0.098052
1290,0.047646
1291,0.012918
1292,0
1293,0.035803
1294,0
1295,0.016052
1296,0.0098987
1297,0.015166
1298,0
1299,0
1300,0
1301,0
1302,0
1303,0.049538
1304,0.023855
1305,0.029614
1306,0
1307,0.035724
1308,0.04934
1309,0
1310,0.033698
1311,0.054082
1312,0.0369
1313,0.098052
1314,0.047646
1315,0.012918
1316,0
1317,0.035803
1318,0
1319,0.016052
1320,0.0098987
1321,0.015166
1322,0
1323,0
1324,0
1325,0
1326,0
1327,0.049538
1328,0.023855
1329,0.029614
1330,0
1331,0.035724
1332,0.04934
1333,0
1334,0.033698
1335,0.054082
1336,0.0369
1337,0.098052
1338,0.047646
1339,0.012918
1340,0
1341,0.035803
1342,0
1343,0.016052
1344,0.0098987
1345,0.015166
1346,0
1347,0
1348,0
1349,0
1350,0
1351,0.049538
1352,0.023855
1353,0.029614
1354,0
1355,0.035724
1356,0.04934
1357,0
1358,0.033698
1359,0.054082
1360,0.0369
1361,0.098052
1362,0.047646
1363,0.012918
1364,0
1365,0.035803
1366,0
1367,0.016052
1368,0.0098987
1369,0.015166
1370,0
1371,0
1372,0
1373,0
1374,0
1375,0.049538
1376,0.023855
1377,0.029614
1378,0
1379,0.035724
1380,0.04934
1381,0
1382,0.033698
1383,0.054082
1384,0.0369
1385,0.098052
1386,0.047646
1387,0.012918
1388,0
1389,0.035803
1390,0
1391,0.016052
1392,0.0098987
1393,0.015166
1394,0
1395,0
1396,0
1397,0
1398,0
1399,0.049538
1400,0.023855
1401,0.029614
1402,0
1403,0.035724
1404,0.04934
1405,0
1406,0.033698
1407,0.054082
1408,0.0369
1409,0.098052
1410,0.047646
1411,0.012918
1412,0
1413,0.035803
1414,0
1415,0.016052
1416,0.0098987
1417,0.015166
1418,0
1419,0
1420,0
1421,0
1422,0
1423,0.049538
1424,0.023855
1425,0.029614
1426,0
1427,0.035724
1428,0.04934
1429,0
1430,0.033698
1431,0.054082
1432,0.0369
1433,0.098052
1434,0.047646
1435,0.012918
1436,0
1437,0.035803
1438,0
1439,0.016052
1440,0.0098987
1441,0.015166
1442,0
1443,0
1444,0
1445,0
1446,0
1447,0.049538
1448,0.023855
1449,0.029614
1450,0
1451,0.035724
1452,0.04934
1453,0
1454,0.033698
1455,0.054082
1456,0.0369
1457,0.098052
1458,0.047646
1459,0.012918
1460,0
1461,0.035803
1462,0
1463,0.016052
1464,0.0098987
1465,0.015166
1466,0
1467,0
1468,0
1469,0
1470,0
1471,0.049538
1472,0.023855
1473,0.029614
1474,0
1475,0.035724
1476,0.04934
1477,0
1478,0.033698
1479,0.054082
1480,0.0369
1481,0.098052
1482,0.047646
1483,0.012918
1484,0
1485,0.035803
1486,0
1487,0.016052
1488,0.0098987
1489,0.015166
1490,0
1491,0
1492,0
1493,0
1494,0
1495,0.049538
1496,0.023855
1497,0.029614
1498,0
1499,0.035724
1500,0.04934
1501,0
1502,0.033698
1503,0.054082
1504,0.0369
1505,0.098052
1506,0.047646
1507,0.012918
1508,0
1509,0.035803
1510,0
1511,0.016052
1512,0.0098987
1513,0.015166
1514,0
1515,0
1516,0
1517,0
1518,0
1519,0.049538
1520,0.023855
1521,0.029614
1522,0
1523,0.035724
1524,0.04934
1525,0
1526,0.033698
1527,0.054082
1528,0.0369
1529,0.098052
1530,0.047646
1531,0.012918
1532,0
1533,0.035803
1534,0
1535,0.016052
1536,0.0098987
1537,0.015166
1538,0
1539,0
1540,0
1541,0
1542,0
1543,0.049538
1544,0.023855
1545,0.029614
1546,0
1547,0.035724
1548,0.04934
1549,0
1550,0.033698
1551,0.054082
1552,0.0369
1553,0.098052
1554,0.047646
1555,0.012918
1556,0
1557,0.035803
1558,0
1559,0.016052
1560,0.0098987
1561,0.015166
1562,0
1563,0
1564,0
1565,0
1566,0
1567,0.049538
1568,0.023855
1569,0.029614
1570,0
1571,0.035724
1572,0.04934
1573,0
1574,0.033698
1575,0.054082
1576,0.0369
1577,0.098052
1578,0.047646
1579,0.012918
1580,0
1581,0.035803
1582,0
1583,0.016052
1584,0.0098987
1585,0.015166
1586,0
1587,0
1588,0
1589,0
1590,0
1591,0.049538
1592,0.023855
1593,0.029614
1594,0
1595,0.035724
1596,0.04934
1597,0
1598,0.033698
1599,0.054082
1600,0.0369
1601,0.098052
1602,0.047646
1603,0.012918
1604,0
1605,0.035803
1606,0
1607,0.016052
1608,0.0098987
1609,0.015166
1610,0
1611,0
1612,0
1613,0
1614,0
1615,0.049538
1616,0.023855
1617,0.029614
1618,0
1619,0.035724
1620,0.04934
1621,0
1622,0.033698
1623,0.054082
1624,0.0369
1625,0.098052
1626,0.047646
1627,0.012918
1628,0
1629,0.035803
1630,0
1631,0.016052
1632,0.0098987
1633,0.015166
1634,0
1635,0
1636,0
1637,0
1638,0
1639,0.049538
1640,0.023855
1641,0.029614
1642,0
1643,0.035724
1644,0.04934
1645,0
1646,0.033698
1647,0.054082
1648,0.0369
1649,0.098052
1650,0.047646
1651,0.012918
1652,0
1653,0.035803
1654,0
1655,0.016052
1656,0.0098987
1657,0.015166
1658,0
1659,0
1660,0
1661,0
1662,0
1663,0.049538
1664,0.023855
1665,0.029614
1666,0
1667,0.035724
1668,0.04934
1669,0
1670,0.033698
1671,0.054082
1672,0.0369
1673,0.098052
1674,0.047646
1675,0.012918
1676,0
1677,0.035803
1678,0
1679,0.016052
1680,0.0098987
1681,0.015166
1682,0
1683,0
1684,0
1685,0
1686,0
1687,0.049538
1688,0.023855
1689,0.029614
1690,0
1691,0.035724
1692,0.04934
1693,0
1694,0.033698
1695,0.054082
1696,0.0369
1697,0.098052
1698,0.047646
1699,0.012918
1700,0
1701,0.035803
1702,0
1703,0.016052
1704,0.0098987
1705,0.015166
1706,0
1707,0
1708,0
1709,0
1710,0
1711,0.049538
1712,0.023855
1713,0.029614
1714,0
1715,0.035724
1716,0.04934
1717,0
1718,0.033698
1719,0.054082
1720,0.0369
1721,0.098052
1722,0.047646
1723,0.012918
1724,0
1725,0.035803
1726,0
1727,0.016052
1728,0.0098987
1729,0.015166
1730,0
1731,0
1732,0
1733,0
1734,0
1735,0.049538
1736,0.023855
1737,0.029614
1738,0
1739,0.035724
1740,0.04934
1741,0
1742,0.033698
1743,0.054082
1744,0.0369
1745,0.098052
1746,0.047646
1747,0.012918
1748,0
1749,0.035803
1750,0
1751,0.016052
1752,0.0098987
1753,0.015166
1754,0
1755,0
1756,0
1757,0
1758,0
1759,0.049538
1760,0.023855
1761,0.029614
1762,0
1763,0.035724
1764,0.04934
1765,0
1766,0.033698
1767,0.054082
1768,0.0369
1769,0.098052
1770,0.047646
1771,0.012918
1772,0
1773,0.035803
1774,0
1775,0.016052
1776,0.0098987
1777,0.015166
1778,0
1779,0
1780,0
1781,0
1782,0
1783,0.049538
1784,0.023855
1785,0.029614
1786,0
1787,0.035724
1788,0.04934
1789,0
1790,0.033698
1791,0.054082
1792,0.0369
1793,0.098052
1794,0.047646
1795,0.012918
1796,0
1797,0.035803
1798,0
1799,0.016052
1800,0.0098987
1801,0.015166
1802,0
1803,0
1804,0
1805,0
1806,0
1807,0.049538
1808,0.023855
1809,0.029614
1810,0
1811,0.035724
1812,0.04934
1813,0
1814,0.033698
1815,0.054082
1816,0.0369
1817,0.098052
1818,0.047646
1819,0.012918
1820,0
1821,0.035803
1822,0
1823,0.016052
1824,0.0098987
1825,0.015166
1826,0
1827,0
1828,0
1829,0
1830,0
1831,0.049538
1832,0.023855
1833,0.029614
1834,0
1835,0.035724
1836,0.04934
1837,0
1838,0.033698
1839,0.054082
1840,0.0369
1841,0.098052
1842,0.047646
1843,0.012918
1844,0
1845,0.035803
1846,0
1847,0.016052
1848,0.0098987
1849,0.015166
1850,0
1851,0
1852,0
1853,0
1854,0
1855,0.049538
1856,0.023855
1857,0.029614
1858,0
1859,0.035724
1860,0.04934
1861,0
1862,0.033698
1863,0.054082
1864,0.0369
1865,0.098052
1866,0.047646
1867,0.012918
1868,0
1869,0.035803
1870,0
1871,0.016052
1872,0.0098987
1873,0.015166
1874,0
1875,0
1876,0
1877,0
1878,0
1879,0.049538
1880,0.023855
1881,0.029614
1882,0
1883,0.035724
1884,0.04934
1885,0
1886,0.033698
1887,0.054082
1888,0.0369
1889,0.098052
1890,0.047646
1891,0.012918
1892,0
1893,0.035803
1894,0
1895,0.016052
1896,0.0098987
1897,0.015166
1898,0
1899,0
1900,0
1901,0
1902,0
1903,0.049538
1904,0.023855
1905,0.029614
1906,0
1907,0.035724
1908,0.04934
1909,0
1910,0.033698
1911,0.054082
1912,0.0369
1913,0.098052
1914,0.047646
1915,0.012918
1916,0
1917,0.035803
1918,0
1919,0.016052
1920,0.0098987
1921,0.015166
1922,0
1923,0
1924,0
1925,0
1926,0
1927,0.049538
1928,0.023855
1929,0.029614
1930,0
1931,0.035724
1932,0.04934
1933,0
1934,0.033698
1935,0.054082
1936,0.0369
1937,0.098052
1938,0.047646
1939,0.012918
1940,0
1941,0.035803
1942,0
1943,0.016052
1944,0.0098987
1945,0.015166
1946,0
1947,0
1948,0
1949,0
1950,0
1951,0.049538
1952,0.023855
1953,0.029614
1954,0
1955,0.035724
1956,0.04934
1957,0
1958,0.033698
1959,0.054082
1960,0.0369
1961,0.098052
1962,0.047646
1963,0.012918
1964,0
1965,0.035803
1966,0
1967,0.016052
1968,0.0098987
1969,0.015166
1970,0
1971,0
1972,0
1973,0
1974,0
1975,0.049538
1976,0.023855
1977,0.029614
1978,0
1979,0.035724
1980,0.04934
1981,0
1982,0.033698
1983,0.054082
1984,0.0369
1985,0.098052
1986,0.047646
1987,0.012918
1988,0
1989,0.035803
1990,0
1991,0.016052
1992,0.0098987
1993,0.015166
1994,0
1995,0
1996,0
1997,0
1998,0
1999,0.049538
2000,0.023855
2001,0.029614
2002,0
2003,0.035724
2004,0.04934
2005,0
2006,0.033698
2007,0.054082
2008,0.0369
2009,0.098052
2010,0.047646
2011,0.012918
2012,0
2013,0.035803
2014,0
2015,0.016052
2016,0.0098987
2017,0.015166
2018,0
2019,0
2020,0
2021,0
2022,0
2023,0.049538
2024,0.023855
2025,0.029614
2026,0
2027,0.035724
2028,0.04934
2029,0
2030,0.033698
2031,0.054082
2032,0.0369
2033,0.098052
2034,0.047646
2035,0.012918
2036,0
2037,0.035803
2038,0
2039,0.016052
2040,0.0098987
2041,0.015166
2042,0
2043,0
2044,0
2045,0
2046,0
2047,0.049538
2048,0.023855
2049,0.029614
2050,0
2051,0.035724
2052,0.04934
2053,0
2054,0.033698
2055,0.054082
2056,0.0369
2057,0.098052
2058,0.047646
2059,0.012918
2060,0
2061,0.035803
2062,0
2063,0.016052
2064,0.0098987
2065,0.015166
2066,0
2067,0
2068,0
2069,0
2070,0
2071,0.049538
2072,0.023855
2073,0.029614
2074,0
2075,0.035724
2076,0.04934
2077,0
2078,0.033698
2079,0.054082
2080,0.0369
2081,0.098052
2082,0.047646
2083,0.012918
2084,0
2085,0.035803
2086,0
2087,0.016052
2088,0.0098987
2089,0.015166
2090,0
2091,0
2092,0
2093,0
2094,0
2095,0.049538
2096,0.023855
2097,0.029614
2098,0
2099,0.035724
2100,0.04934
2101,0
2102,0.033698
2103,0.054082
2104,0.0369
2105,0.098052
2106,0.047646
2107,0.012918
2108,0
2109,0.035803
2110,0
2111,0.016052
2112,0.0098987
2113,0.015166
2114,0
2115,0
2116,0
2117,0
2118,0
2119,0.049538
2120,0.023855
2121,0.029614
2122,0
2123,0.035724
2124,0.04934
2125,0
2126,0.033698
2127,0.054082
2128,0.0369
2129,0.098052
2130,0.047646
2131,0.012918
2132,0
2133,0.035803
2134,0
2135,0.016052
2136,0.0098987
2137,0.015166
2138,0
2139,0
2140,0
2141,0
2142,0
2143,0.049538
2144,0.023855
2145,0.029614
2146,0
2147,0.035724
2148,0.04934
2149,0
2150,0.033698
2151,0.054082
2152,0.0369
2153,0.098052
2154,0.047646
2155,0.012918
2156,0
2157,0.035803
2158,0
2159,0.016052
2160,0.0098987
2161,0.015166
2162,0
2163,0
2164,0
2165,0
2166,0
2167,0.049538
2168,0.023855
2169,0.029614
2170,0
2171,0.035724
2172,0.04934
2173,0
2174,0.033698
2175,0.054082
2176,0.0369
2177,0.098052
2178,0.047646
2179,0.012918
2180,0
2181,0.035803
2182,0
2183,0.016052
2184,0.0098987
2185,0.015166
2186,0
2187,0
2188,0
2189,0
2190,0
2191,0.049538
2192,0.023855
2193,0.029614
2194,0
2195,0.035724
2196,0.04934
2197,0
2198,0.033698
2199,0.054082
2200,0.0369
2201,0.098052
2202,0.047646
2203,0.012918
2204,0
2205,0.035803
2206,0
2207,0.016052
2208,0.0098987
2209,0.015166
2210,0
2211,0
2212,0
2213,0
2214,0
2215,0.049538
2216,0.023855
2217,0.029614
2218,0
2219,0.035724
2220,0.04934
2221,0
2222,0.033698
2223,0.054082
2224,0.0369
2225,0.098052
2226,0.047646
2227,0.012918
2228,0
2229,0.035803
2230,0
2231,0.016052
2232,0.0098987
2233,0.015166
2234,0
2235,0
2236,0
2237,0
2238,0
2239,0.049538
2240,0.023855
2241,0.029614
2242,0
2243,0.035724
2244,0.04934
2245,0
2246,0.033698
2247,0.054082
2248,0.0369
2249,0.098052
2250,0.047646
2251,0.012918
2252,0
2253,0.035803
2254,0
2255,0.016052
2256,0.0098987
2257,0.015166
2258,0
2259,0
2260,0
2261,0
2262,0
2263,0.049538
2264,0.023855
2265,0.029614
2266,0
2267,0.035724
2268,0.04934
2269,0
2270,0.033698
2271,0.054082
2272,0.0369
2273,0.098052
2274,0.047646
2275,0.012918
2276,0
2277,0.035803
2278,0
2279,0.016052
2280,0.0098987
2281,0.015166
2282,0
2283,0
2284,0
2285,0
2286,0
2287,0.049538
2288,0.023855
2289,0.029614
2290,0
2291,0.035724
2292,0.04934
2293,0
2294,0.033698
2295,0.054082
2296,0.0369
2297,0.098052
2298,0.047646
2299,0.012918
2300,0
2301,0.035803
2302,0
2303,0.016052
2304,0.0098987
2305,0.015166
2306,0
2307,0
2308,0
2309,0
2310,0
2311,0.049538
2312,0.023855
2313,0.029614
2314,0
2315,0.035724
2316,0.04934
2317,0
2318,0.033698
2319,0.054082
2320,0.0369
2321,0.098052
2322,0.047646
2323,0.012918
2324,0
2325,0.035803
2326,0
2327,0.016052
2328,0.0098987
2329,0.015166
2330,0
2331,0
2332,0
2333,0
2334,0
2335,0.049538
2336,0.023855
2337,0.029614
2338,0
2339,0.035724
2340,0.04934
2341,0
2342,0.033698
2343,0.054082
2344,0.0369
2345,0.098052
2346,0.047646
2347,0.012918
2348,0
2349,0.035803
2350,0
2351,0.016052
2352,0.0098987
2353,0.015166
2354,0
2355,0
2356,0
2357,0
2358,0
2359,0.049538
2360,0.023855
2361,0.029614
2362,0
2363,0.035724
2364,0.04934
2365,0
2366,0.033698
2367,0.054082
2368,0.0369
2369,0.098052
2370,0.047646
2371,0.012918
2372,0
2373,0.035803
2374,0
2375,0.016052
2376,0.0098987
2377,0.015166
2378,0
2379,0
2380,0
2381,0
2382,0
2383,0.049538
2384,0.023855
2385,0.029614
2386,0
2387,0.035724
2388,0.04934
2389,0
2390,0.033698
2391,0.054082
2392,0.0369
2393,0.098052
2394,0.047646
2395,0.012918
2396,0
2397,0.035803
2398,0
2399,0.016052
2400,0.0098987
2401,0.015166
2402,0
2403,0
2404,0
2405,0
2406,0
2407,0.049538
2408,0.023855
2409,0.029614
2410,0
2411,0.035724
2412,0.04934
2413,0
2414,0.033698
2415,0.054082
2416,0.0369
2417,0.098052
2418,0.047646
2419,0.012918
2420,0
2421,0.035803
2422,0
2423,0.016052
2424,0.0098987
2425,0.015166
2426,0
2427,0
2428,0
2429,0
2430,0
2431,0.049538
2432,0.023855
2433,0.029614
2434,0
2435,0.035724
2436,0.04934
2437,0
2438,0.033698
2439,0.054082
2440,0.0369
2441,0.098052
2442,0.047646
2443,0.012918
2444,0
2445,0.035803
2446,0
2447,0.016052
2448,0.0098987
2449,0.015166
2450,0
2451,0
2452,0
2453,0
2454,0
2455,0.049538
2456,0.023855
2457,0.029614
2458,0
2459,0.035724
2460,0.04934
2461,0
2462,0.033698
2463,0.054082
2464,0.0369
2465,0.098052
2466,0.047646
2467,0.012918
2468,0
2469,0.035803
2470,0
2471,0.016052
2472,0.0098987
2473,0.015166
2474,0
2475,0
2476,0
2477,0
2478,0
2479,0.049538
2480,0.023855
2481,0.029614
2482,0
2483,0.035724
2484,0.04934
2485,0
2486,0.033698
2487,0.054082
2488,0.0369
2489,0.098052
2490,0.047646
2491,0.012918
2492,0
2493,0.035803
2494,0
2495,0.016052
2496,0.0098987
2497,0.015166
2498,0
2499,0
2500,0
2501,0
2502,0
2503,0.049538
2504,0.023855
2505,0.029614
2506,0
2507,0.035724
2508,0.04934
2509,0
2510,0.033698
2511,0.054082
2512,0.0369
2513,0.098052
2514,0.047646
2515,0.012918
2516,0
2517,0.035803
2518,0
2519,0.016052
2520,0.0098987
2521,0.015166
2522,0
2523,0
2524,0
2525,0
2526,0
2527,0.049538
2528,0.023855
2529,0.029614
2530,0
2531,0.035724
2532,0.04934
2533,0
2534,0.033698
2535,0.054082
2536,0.0369
2537,0.098052
2538,0.047646
2539,0.012918
2540,0
2541,0.035803
2542,0
2543,0.016052
2544,0.0098987
2545,0.015166
2546,0
2547,0
2548,0
2549,0
2550,0
2551,0.049538
2552,0.023855
2553,0.029614
2554,0
2555,0.035724
2556,0.04934
2557,0
2558,0.033698
2559,0.054082
2560,0.0369
2561,0.098052
2562,0.047646
2563,0.012918
2564,0
2565,0.035803
2566,0
2567,0.016052
2568,0.0098987
2569,0.015166
2570,0
2571,0
2572,0
2573,0
2574,0
2575,0.049538
2576,0.023855
2577,0.029614
2578,0
2579,0.035724
2580,0.04934
2581,0
2582,0.033698
2583,0.054082
2584,0.0369
2585,0.098052
2586,0.047646
2587,0.012918
2588,0
2589,0.035803
2590,0
2591,0.016052
2592,0.0098987
2593,0.015166
2594,0
2595,0
2596,0
2597,0
2598,0
2599,0.049538
2600,0.023855
2601,0.029614
2602,0
2603,0.035724
2604,0.04934
2605,0
2606,0.033698
2607,0.054082
2608,0.0369
2609,0.098052
2610,0.047646
2611,0.012918
2612,0
2613,0.035803
2614,0
2615,0.016052
2616,0.0098987
2617,0.015166
2618,0
2619,0
2620,0
2621,0
2622,0
2623,0.049538
2624,0.023855
2625,0.029614
2626,0
2627,0.035724
2628,0.04934
2629,0
2630,0.033698
2631,0.054082
2632,0.0369
2633,0.098052
2634,0.047646
2635,0.012918
2636,0
2637,0.035803
2638,0
2639,0.016052
2640,0.0098987
2641,0.015166
2642,0
2643,0
2644,0
2645,0
2646,0
2647,0.049538
2648,0.023855
2649,0.029614
2650,0
2651,0.035724
2652,0.04934
2653,0
2654,0.033698
2655,0.054082
2656,0.0369
2657,0.098052
2658,0.047646
2659,0.012918
2660,0
2661,0.035803
2662,0
2663,0.016052
2664,0.0098987
2665,0.015166
2666,0
2667,0
2668,0
2669,0
2670,0
2671,0.049538
2672,0.023855
2673,0.029614
2674,0
2675,0.035724
2676,0.04934
2677,0
2678,0.033698
2679,0.054082
2680,0.0369
2681,0.098052
2682,0.047646
2683,0.012918
2684,0
2685,0.035803
2686,0
2687,0.016052
2688,0.0098987
2689,0.015166
2690,0
2691,0
2692,0
2693,0
2694,0
2695,0.049538
2696,0.023855
2697,0.029614
2698,0
2699,0.035724
2700,0.04934
2701,0
2702,0.033698
2703,0.054082
2704,0.0369
2705,0.098052
2706,0.047646
2707,0.012918
2708,0
2709,0.035803
2710,0
2711,0.016052
2712,0.0098987
2713,0.015166
2714,0
2715,0
2716,0
2717,0
2718,0
2719,0.049538
2720,0.023855
2721,0.029614
2722,0
2723,0.035724
2724,0.04934
2725,0
2726,0.033698
2727,0.054082
2728,0.0369
2729,0.098052
2730,0.047646
2731,0.012918
2732,0
2733,0.035803
2734,0
2735,0.016052
2736,0.0098987
2737,0.015166
2738,0
2739,0
2740,0
2741,0
2742,0
2743,0.049538
2744,0.023855
2745,0.029614
2746,0
2747,0.035724
2748,0.04934
2749,0
2750,0.033698
2751,0.054082
2752,0.0369
2753,0.098052
2754,0.047646
2755,0.012918
2756,0
2757,0.035803
2758,0
2759,0.016052
2760,0.0098987
2761,0.015166
2762,0
2763,0
2764,0
2765,0
2766,0
2767,0.049538
2768,0.023855
2769,0.029614
2770,0
2771,0.035724
2772,0.04934
2773,0
2774,0.033698
2775,0.054082
2776,0.0369
2777,0.098052
2778,0.047646
2779,0.012918
2780,0
2781,0.035803
2782,0
2783,0.016052
2784,0.0098987
2785,0.015166
2786,0
2787,0
2788,0
2789,0
2790,0
2791,0.049538
2792,0.023855
2793,0.029614
2794,0
2795,0.035724
2796,0.04934
2797,0
2798,0.033698
2799,0.054082
2800,0.0369
2801,0.098052
2802,0.047646
2803,0.012918
2804,0
2805,0.035803
2806,0
2807,0.016052
2808,0.0098987
2809,0.015166
2810,0
2811,0
2812,0
2813,0
2814,0
2815,0.049538
2816,0.023855
2817,0.029614
2818,0
2819,0.035724
2820,0.04934
2821,0
2822,0.033698
2823,0.054082
2824,0.0369
2825,0.098052
2826,0.047646
2827,0.012918
2828,0
2829,0.035803
2830,0
2831,0.016052
2832,0.0098987
2833,0.015166
2834,0
2835,0
2836,0
2837,0
2838,0
2839,0.049538
2840,0.023855
2841,0.029614
2842,0
2843,0.035724
2844,0.04934
2845,0
2846,0.033698
2847,0.054082
2848,0.0369
2849,0.098052
2850,0.047646
2851,0.012918
2852,0
2853,0.035803
2854,0
2855,0.016052
2856,0.0098987
2857,0.015166
2858,0
2859,0
2860,0
2861,0
2862,0
2863,0.049538
2864,0.023855
2865,0.029614
2866,0
2867,0.035724
2868,0.04934
2869,0
2870,0.033698
2871,0.054082
2872,0.0369
2873,0.098052
2874,0.047646
2875,0.012918
2876,0
2877,0.035803
2878,0
2879,0.016052
2880,0.0098987
2881,0.015166
2882,0
2883,0
2884,0
2885,0
2886,0
2887,0.049538
2888,0.023855
2889,0.029614
2890,0
2891,0.035724
2892,0.04934
2893,0
2894,0.033698
2895,0.054082
2896,0.0369
2897,0.098052
2898,0.047646
2899,0.012918
2900,0
2901,0.035803
2902,0
2903,0.016052
2904,0.0098987
2905,0.015166
2906,0
2907,0
2908,0
2909,0
2910,0
2911,0.049538
2912,0.023855
2913,0.029614
2914,0
2915,0.035724
2916,0.04934
2917,0
2918,0.033698
2919,0.054082
2920,0.0369
2921,0.098052
2922,0.047646
2923,0.012918
2924,0
2925,0.035803
2926,0
2927,0.016052
2928,0.0098987
2929,0.015166
2930,0
2931,0
2932,0
2933,0
2934,0
2935,0.049538
2936,0.023855
2937,0.029614
2938,0
2939,0.035724
2940,0.04934
2941,0
2942,0.033698
2943,0.054082
2944,0.0369
2945,0.098052
2946,0.047646
2947,0.012918
2948,0
2949,0.035803
2950,0
2951,0.016052
2952,0.0098987
2953,0.015166
2954,0
2955,0
2956,0
2957,0
2958,0
2959,0.049538
2960,0.023855
2961,0.029614
2962,0
2963,0.035724
2964,0.04934
2965,0
2966,0.033698
2967,0.054082
2968,0.0369
2969,0.098052
2970,0.047646
2971,0.012918
2972,0
2973,0.035803
2974,0
2975,0.016052
2976,0.0098987
2977,0.015166
2978,0
2979,0
2980,0
2981,0
2982,0
2983,0.049538
2984,0.023855
2985,0.029614
2986,0
2987,0.035724
2988,0.04934
2989,0
2990,0.033698
2991,0.054082
2992,0.0369
2993,0.098052
2994,0.047646
2995,0.012918
2996,0
2997,0.035803
2998,0
2999,0.016052
3000,0.0098987
3001,0.015166
3002,0
3003,0
3004,0
3005,0
3006,0
3007,0.049538
3008,0.023855
3009,0.029614
3010,0
3011,0.035724
3012,0.04934
3013,0
3014,0.033698
3015,0.054082
3016,0.0369
3017,0.098052
3018,0.047646
3019,0.012918
3020,0
3021,0.035803
3022,0
3023,0.016052
3024,0.0098987
3025,0.015166
3026,0
3027,0
3028,0
3029,0
3030,0
3031,0.049538
3032,0.023855
3033,0.029614
3034,0
3035,0.035724
3036,0.04934
3037,0
3038,0.033698
3039,0.054082
3040,0.0369
3041,0.098052
3042,0.047646
3043,0.012918
3044,0
3045,0.035803
3046,0
3047,0.016052
3048,0.0098987
3049,0.015166
3050,0
3051,0
3052,0
3053,0
3054,0
3055,0.049538
3056,0.023855
3057,0.029614
3058,0
3059,0.035724
3060,0.04934
3061,0
3062,0.033698
3063,0.054082
3064,0.0369
3065,0.098052
3066,0.047646
3067,0.012918
3068,0
3069,0.035803
3070,0
3071,0.016052
3072,0.0098987
3073,0.015166
3074,0
3075,0
3076,0
3077,0
3078,0
3079,0.049538
3080,0.023855
3081,0.029614
3082,0
3083,0.035724
3084,0.04934
3085,0
3086,0.033698
3087,0.054082
3088,0.0369
3089,0.098052
3090,0.047646
3091,0.012918
3092,0
3093,0.035803
3094,0
3095,0.016052
3096,0.0098987
3097,0.015166
3098,0
3099,0
3100,0
3101,0
3102,0
3103,0.049538
3104,0.023855
3105,0.029614
3106,0
3107,0.035724
3108,0.04934
3109,0
3110,0.033698
3111,0.054082
3112,0.0369
3113,0.098052
3114,0.047646
3115,0.012918
3116,0
3117,0.035803
3118,0
3119,0.016052
3120,0.0098987
3121,0.015166
3122,0
3123,0
3124,0
3125,0
3126,0
3127,0.049538
3128,0.023855
3129,0.029614
3130,0
3131,0.035724
3132,0.04934
3133,0
3134,0.033698
3135,0.054082
3136,0.0369
3137,0.098052
3138,0.047646
3139,0.012918
3140,0
3141,0.035803
3142,0
3143,0.016052
3144,0.0098987
3145,0.015166
3146,0
3147,0
3148,0
3149,0
3150,0
3151,0.049538
3152,0.023855
3153,0.029614
3154,0
3155,0.035724
3156,0.04934
3157,0
3158,0.033698
3159,0.054082
3160,0.0369
3161,0.098052
3162,0.047646
3163,0.012918
3164,0
3165,0.035803
3166,0
3167,0.016052
3168,0.0098987
3169,0.015166
3170,0
3171,0
3172,0
3173,0
3174,0
3175,0.049538
3176,0.023855
3177,0.029614
3178,0
3179,0.035724
3180,0.04934
3181,0
3182,0.033698
3183,0.054082
3184,0.0369
3185,0.098052
3186,0.047646
3187,0.012918
3188,0
3189,0.035803
3190,0
3191,0.016052
3192,0.0098987
3193,0.015166
3194,0
3195,0
3196,0
3197,0
3198,0
3199,0.049538
3200,0.023855
3201,0.029614
3202,0
3203,0.035724
3204,0.04934
3205,0
3206,0.033698
3207,0.054082
3208,0.0369
3209,0.098052
3210,0.047646
3211,0.012918
3212,0
3213,0.035803
3214,0
3215,0.016052
3216,0.0098987
3217,0.015166
3218,0
3219,0
3220,0
3221,0
3222,0
3223,0.049538
3224,0.023855
3225,0.029614
3226,0
3227,0.035724
3228,0.04934
3229,0
3230,0.033698
3231,0.054082
3232,0.0369
3233,0.098052
3234,0.047646
3235,0.012918
3236,0
3237,0.035803
3238,0
3239,0.016052
3240,0.0098987
3241,0.015166
3242,0
3243,0
3244,0
3245,0
3246,0
3247,0.049538
3248,0.023855
3249,0.029614
3250,0
3251,0.035724
3252,0.04934
3253,0
3254,0.033698
3255,0.054082
3256,0.0369
3257,0.098052
3258,0.047646
3259,0.012918
3260,0
3261,0.035803
3262,0
3263,0.016052
3264,0.0098987
3265,0.015166
3266,0
3267,0
3268,0
3269,0
3270,0
3271,0.049538
3272,0.023855
3273,0.029614
3274,0
3275,0.035724
3276,0.04934
3277,0
3278,0.033698
3279,0.054082
3280,0.0369
3281,0.098052
3282,0.047646
3283,0.012918
3284,0
3285,0.035803
3286,0
3287,0.016052
3288,0.0098987
3289,0.015166
3290,0
3291,0
3292,0
3293,0
3294,0
3295,0.049538
3296,0.023855
3297,0.029614
3298,0
3299,0.035724
3300,0.04934
3301,0
3302,0.033698
3303,0.054082
3304,0.0369
3305,0.098052
3306,0.047646
3307,0.012918
3308,0
3309,0.035803
3310,0
3311,0.016052
3312,0.0098987
3313,0.015166
3314,0
3315,0
3316,0
3317,0
3318,0
3319,0.049538
3320,0.023855
3321,0.029614
3322,0
3323,0.035724
3324,0.04934
3325,0
3326,0.033698
3327,0.054082
3328,0.0369
3329,0.098052
3330,0.047646
3331,0.012918
3332,0
3333,0.035803
3334,0
3335,0.016052
3336,0.0098987
3337,0.015166
3338,0
3339,0
3340,0
3341,0
3342,0
3343,0.049538
3344,0.023855
3345,0.029614
3346,0
3347,0.035724
3348,0.04934
3349,0
3350,0.033698
3351,0.054082
3352,0.0369
3353,0.098052
3354,0.047646
3355,0.012918
3356,0
3357,0.035803
3358,0
3359,0.016052
3360,0.0098987
3361,0.015166
3362,0
3363,0
3364,0
3365,0
3366,0
3367,0.049538
3368,0.023855
3369,0.029614
3370,0
3371,0.035724
3372,0.04934
3373,0
3374,0.033698
3375,0.054082
3376,0.0369
3377,0.098052
3378,0.047646
3379,0.012918
3380,0
3381,0.035803
3382,0
3383,0.016052
3384,0.0098987
3385,0.015166
3386,0
3387,0
3388,0
3389,0
3390,0
3391,0.049538
3392,0.023855
3393,0.029614
3394,0
3395,0.035724
3396,0.04934
3397,0
3398,0.033698
3399,0.054082
3400,0.0369
3401,0.098052
3402,0.047646
3403,0.012918
3404,0
3405,0.035803
3406,0
3407,0.016052
3408,0.0098987
3409,0.015166
3410,0
3411,0
3412,0
3413,0
3414,0
3415,0.049538
3416,0.023855
3417,0.029614
3418,0
3419,0.035724
3420,0.04934
3421,0
3422,0.033698
3423,0.054082
3424,0.0369
3425,0.098052
3426,0.047646
3427,0.012918
3428,0
3429,0.035803
3430,0
3431,0.016052
3432,0.0098987
3433,0.015166
3434,0
3435,0
3436,0
3437,0
3438,0
3439,0.049538
3440,0.023855
3441,0.029614
3442,0
3443,0.035724
3444,0.04934
3445,0
3446,0.033698
3447,0.054082
3448,0.0369
3449,0.098052
3450,0.047646
3451,0.012918
3452,0
3453,0.035803
3454,0
3455,0.016052
3456,0.0098987
3457,0.015166
3458,0
3459,0
3460,0
3461,0
3462,0
3463,0.049538
3464,0.023855
3465,0.029614
3466,0
3467,0.035724
3468,0.04934
3469,0
3470,0.033698
3471,0.054082
3472,0.0369
3473,0.098052
3474,0.047646
3475,0.012918
3476,0
3477,0.035803
3478,0
3479,0.016052
3480,0.0098987
3481,0.015166
3482,0
3483,0
3484,0
3485,0
3486,0
3487,0.049538
3488,0.023855
3489,0.029614
3490,0
3491,0.035724
3492,0.04934
3493,0
3494,0.033698
3495,0.054082
3496,0.0369
3497,0.098052
3498,0.047646
3499,0.012918
3500,0
3501,0.035803
3502,0
3503,0.016052
3504,0.0098987
3505,0.015166
3506,0
3507,0
3508,0
3509,0
3510,0
3511,0.049538
3512,0.023855
3513,0.029614
3514,0
3515,0.035724
3516,0.04934
3517,0
3518,0.033698
3519,0.054082
3520,0.0369
3521,0.098052
3522,0.047646
3523,0.012918
3524,0
3525,0.035803
3526,0
3527,0.016052
3528,0.0098987
3529,0.015166
3530,0
3531,0
3532,0
3533,0
3534,0
3535,0.049538
3536,0.023855
3537,0.029614
3538,0
3539,0.035724
3540,0.04934
3541,0
3542,0.033698
3543,0.054082
3544,0.0369
3545,0.098052
3546,0.047646
3547,0.012918
3548,0
3549,0.035803
3550,0
3551,0.016052
3552,0.0098987
3553,0.015166
3554,0
3555,0
3556,0
3557,0
3558,0
3559,0.049538
3560,0.023855
3561,0.029614
3562,0
3563,0.035724
3564,0.04934
3565,0
3566,0.033698
3567,0.054082
3568,0.0369
3569,0.098052
3570,0.047646
3571,0.012918
3572,0
3573,0.035803
3574,0
3575,0.016052
3576,0.0098987
3577,0.015166
3578,0
3579,0
3580,0
3581,0
3582,0
3583,0.049538
3584,0.023855
3585,0.029614
3586,0
3587,0.035724
3588,0.04934
3589,0
3590,0.033698
3591,0.054082
3592,0.0369
3593,0.098052
3594,0.047646
3595,0.012918
3596,0
3597,0.035803
3598,0
3599,0.016052
3600,0.0098987
3601,0.015166
3602,0
3603,0
3604,0
3605,0
3606,0
3607,0.049538
3608,0.023855
3609,0.029614
3610,0
3611,0.035724
3612,0.04934
3613,0
3614,0.033698
3615,0.054082
3616,0.0369
3617,0.098052
3618,0.047646
3619,0.012918
3620,0
3621,0.035803
3622,0
3623,0.016052
3624,0.0098987
3625,0.015166
3626,0
3627,0
3628,0
3629,0
3630,0
3631,0.049538
3632,0.023855
3633,0.029614
3634,0
3635,0.035724
3636,0.04934
3637,0
3638,0.033698
3639,0.054082
3640,0.0369
3641,0.098052
3642,0.047646
3643,0.012918
3644,0
3645,0.035803
3646,0
3647,0.016052
3648,0.0098987
3649,0.015166
3650,0
3651,0
3652,0
3653,0
3654,0
3655,0.049538
3656,0.023855
3657,0.029614
3658,0
3659,0.035724
3660,0.04934
3661,0
3662,0.033698
3663,0.054082
3664,0.0369
3665,0.098052
3666,0.047646
3667,0.012918
3668,0
3669,0.035803
3670,0
3671,0.016052
3672,0.0098987
3673,0.015166
3674,0
3675,0
3676,0
3677,0
3678,0
3679,0.049538
3680,0.023855
3681,0.029614
3682,0
3683,0.035724
3684,0.04934
3685,0
3686,0.033698
3687,0.054082
3688,0.0369
3689,0.098052
3690,0.047646
3691,0.012918
3692,0
3693,0.035803
3694,0
3695,0.016052
3696,0.0098987
3697,0.015166
3698,0
3699,0
3700,0
3701,0
3702,0
3703,0.049538
3704,0.023855
3705,0.029614
3706,0
3707,0.035724
3708,0.04934
3709,0
3710,0.033698
3711,0.054082
3712,0.0369
3713,0.098052
3714,0.047646
3715,0.012918
3716,0
3717,0.035803
3718,0
3719,0.016052
3720,0.0098987
3721,0.015166
3722,0
3723,0
3724,0
3725,0
3726,0
3727,0.049538
3728,0.023855
3729,0.029614
3730,0
3731,0.035724
3732,0.04934
3733,0
3734,0.033698
3735,0.054082
3736,0.0369
3737,0.098052
3738,0.047646
3739,0.012918
3740,0
3741,0.035803
3742,0
3743,0.016052
3744,0.0098987
3745,0.015166
3746,0
3747,0
3748,0
3749,0
3750,0
3751,0.049538
3752,0.023855
3753,0.029614
3754,0
3755,0.035724
3756,0.04934
3757,0
3758,0.033698
3759,0.054082
3760,0.0369
3761,0.098052
3762,0.047646
3763,0.012918
3764,0
3765,0.035803
3766,0
3767,0.016052
3768,0.0098987
3769,0.015166
3770,0
3771,0
3772,0
3773,0
3774,0
3775,0.049538
3776,0.023855
3777,0.029614
3778,0
3779,0.035724
3780,0.04934
3781,0
3782,0.033698
3783,0.054082
3784,0.0369
3785,0.098052
3786,0.047646
3787,0.012918
3788,0
3789,0.035803
3790,0
3791,0.016052
3792,0.0098987
3793,0.015166
3794,0
3795,0
3796,0
3797,0
3798,0
3799,0.049538
3800,0.023855
3801,0.029614
3802,0
3803,0.035724
3804,0.04934
3805,0
3806,0.033698
3807,0.054082
3808,0.0369
3809,0.098052
3810,0.047646
3811,0.012918
3812,0
3813,0.035803
3814,0
3815,0.016052
3816,0.0098987
3817,0.015166
3818,0
3819,0
3820,0
3821,0
3822,0
3823,0.049538
3824,0.023855
3825,0.029614
3826,0
3827,0.035724
3828,0.04934
3829,0
3830,0.033698
3831,0.054082
3832,0.0369
3833,0.098052
3834,0.047646
3835,0.012918
3836,0
3837,0.035803
3838,0
3839,0.016052
3840,0.0098987
3841,0.015166
3842,0
3843,0
3844,0
3845,0
3846,0
3847,0.049538
3848,0.023855
3849,0.029614
3850,0
3851,0.035724
3852,0.04934
3853,0
3854,0.033698
3855,0.054082
3856,0.0369
3857,0.098052
3858,0.047646
3859,0.012918
3860,0
3861,0.035803
3862,0
3863,0.016052
3864,0.0098987
3865,0.015166
3866,0
3867,0
3868,0
3869,0
3870,0
3871,0.049538
3872,0.023855
3873,0.029614
3874,0
3875,0.035724
3876,0.04934
3877,0
3878,0.033698
3879,0.054082
3880,0.0369
3881,0.098052
3882,0.047646
3883,0.012918
3884,0
3885,0.035803
3886,0
3887,0.016052
3888,0.0098987
3889,0.015166
3890,0
3891,0
3892,0
3893,0
3894,0
3895,0.049538
3896,0.023855
3897,0.029614
3898,0
3899,0.035724
3900,0.04934
3901,0
3902,0.033698
3903,0.054082
3904,0.0369
3905,0.098052
3906,0.047646
3907,0.012918
3908,0
3909,0.035803
3910,0
3911,0.016052
3912,0.0098987
3913,0.015166
3914,0
3915,0
3916,0
3917,0
3918,0
3919,0.049538
3920,0.023855
3921,0.029614
3922,0
3923,0.035724
3924,0.04934
3925,0
3926,0.033698
3927,0.054082
3928,0.0369
3929,0.098052
3930,0.047646
3931,0.012918
3932,0
3933,0.035803
3934,0
3935,0.016052
3936,0.0098987
3937,0.015166
3938,0
3939,0
3940,0
3941,0
3942,0
3943,0.049538
3944,0.023855
3945,0.029614
3946,0
3947,0.035724
3948,0.04934
3949,0
3950,0.033698
3951,0.054082
3952,0.0369
3953,0.098052
3954,0.047646
3955,0.012918
3956,0
3957,0.035803
3958,0
3959,0.016052
3960,0.0098987
3961,0.015166
3962,0
3963,0
3964,0
3965,0
3966,0
3967,0.049538
3968,0.023855
3969,0.029614
3970,0
3971,0.035724
3972,0.04934
3973,0
3974,0.033698
3975,0.054082
3976,0.0369
3977,0.098052
3978,0.047646
3979,0.012918
3980,0
3981,0.035803
3982,0
3983,0.016052
3984,0.0098987
3985,0.015166
3986,0
3987,0
3988,0
3989,0
3990,0
3991,0.049538
3992,0.023855
3993,0.029614
3994,0
3995,0.035724
3996,0.04934
3997,0
3998,0.033698
3999,0.054082
4000,0.0369
4001,0.098052
4002,0.047646
4003,0.012918
4004,0
4005,0.035803
4006,0
4007,0.016052
4008,0.0098987
4009,0.015166
4010,0
4011,0
4012,0
4013,0
4014,0
4015,0.049538
4016,0.023855
4017,0.029614
4018,0
4019,0.035724
4020,0.04934
4021,0
4022,0.033698
4023,0.054082
4024,0.0369
4025,0.098052
4026,0.047646
4027,0.012918
4028,0
4029,0.035803
4030,0
4031,0.016052
4032,0.0098987
4033,0.015166
4034,0
4035,0
4036,0
4037,0
4038,0
4039,0.049538
4040,0.023855
4041,0.029614
4042,0
4043,0.035724
4044,0.04934
4045,0
4046,0.033698
4047,0.054082
4048,0.0369
4049,0.098052
4050,0.047646
4051,0.012918
4052,0
4053,0.035803
4054,0
4055,0.016052
4056,0.0098987
4057,0.015166
4058,0
4059,0
4060,0
4061,0
4062,0
4063,0.049538
4064,0.023855
4065,0.029614
4066,0
4067,0.035724
4068,0.04934
4069,0
4070,0.033698
4071,0.054082
4072,0.0369
4073,0.098052
4074,0.047646
4075,0.012918
4076,0
4077,0.035803
4078,0
4079,0.016052
4080,0.0098987
4081,0.015166
4082,0
4083,0
4084,0
4085,0
4086,0
4087,0.049538
4088,0.023855
4089,0.029614
4090,0
4091,0.035724
4092,0.04934
4093,0
4094,0.033698
4095,0.054082
4096,0.0369
4097,0.098052
4098,0.047646
4099,0.012918
4100,0
4101,0.035803
4102,0
4103,0.016052
4104,0.0098987
4105,0.015166
4106,0
4107,0
4108,0
4109,0
4110,0
4111,0.049538
4112,0.023855
4113,0.029614
4114,0
4115,0.035724
4116,0.04934
4117,0
4118,0.033698
4119,0.054082
4120,0.0369
4121,0.098052
4122,0.047646
4123,0.012918
4124,0
4125,0.035803
4126,0
4127,0.016052
4128,0.0098987
4129,0.015166
4130,0
4131,0
4132,0
4133,0
4134,0
4135,0.049538
4136,0.023855
4137,0.029614
4138,0
4139,0.035724
4140,0.04934
4141,0
4142,0.033698
4143,0.054082
4144,0.0369
4145,0.098052
4146,0.047646
4147,0.012918
4148,0
4149,0.035803
4150,0
4151,0.016052
4152,0.0098987
4153,0.015166
4154,0
4155,0
4156,0
4157,0
4158,0
4159,0.049538
4160,0.023855
4161,0.029614
4162,0
4163,0.035724
4164,0.04934
4165,0
4166,0.033698
4167,0.054082
4168,0.0369
4169,0.098052
4170,0.047646
4171,0.012918
4172,0
4173,0.035803
4174,0
4175,0.016052
4176,0.0098987
4177,0.015166
4178,0
4179,0
4180,0
4181,0
4182,0
4183,0.049538
4184,0.023855
4185,0.029614
4186,0
4187,0.035724
4188,0.04934
4189,0
4190,0.033698
4191,0.054082
4192,0.0369
4193,0.098052
4194,0.047646
4195,0.012918
4196,0
4197,0.035803
4198,0
4199,0.016052
4200,0.0098987
4201,0.015166
4202,0
4203,0
4204,0
4205,0
4206,0
4207,0.049538
4208,0.023855
4209,0.029614
4210,0
4211,0.035724
4212,0.04934
4213,0
4214,0.033698
4215,0.054082
4216,0.0369
4217,0.098052
4218,0.047646
4219,0.012918
4220,0
4221,0.035803
4222,0
4223,0.016052
4224,0.0098987
4225,0.015166
4226,0
4227,0
4228,0
4229,0
4230,0
4231,0.049538
4232,0.023855
4233,0.029614
4234,0
4235,0.035724
4236,0.04934
4237,0
4238,0.033698
4239,0.054082
4240,0.0369
4241,0.098052
4242,0.047646
4243,0.012918
4244,0
4245,0.035803
4246,0
4247,0.016052
4248,0.0098987
4249,0.015166
4250,0
4251,0
4252,0
4253,0
4254,0
4255,0.049538
4256,0.023855
4257,0.029614
4258,0
4259,0.035724
4260,0.04934
4261,0
4262,0.033698
4263,0.054082
4264,0.0369
4265,0.098052
4266,0.047646
4267,0.012918
4268,0
4269,0.035803
4270,0
4271,0.016052
4272,0.0098987
4273,0.015166
4274,0
4275,0
4276,0
4277,0
4278,0
4279,0.049538
4280,0.023855
4281,0.029614
4282,0
4283,0.035724
4284,0.04934
4285,0
4286,0.033698
4287,0.054082
4288,0.0369
4289,0.098052
4290,0.047646
4291,0.012918
4292,0
4293,0.035803
4294,0
4295,0.016052
4296,0.0098987
4297,0.015166
4298,0
4299,0
4300,0
4301,0
4302,0
4303,0.049538
4304,0.023855
4305,0.029614
4306,0
4307,0.035724
4308,0.04934
4309,0
4310,0.033698
4311,0.054082
4312,0.0369
4313,0.098052
4314,0.047646
4315,0.012918
4316,0
4317,0.035803
4318,0
4319,0.016052
4320,0.0098987
4321,0.015166
4322,0
4323,0
4324,0
4325,0
4326,0
4327,0.049538
4328,0.023855
4329,0.029614
4330,0
4331,0.035724
4332,0.04934
4333,0
4334,0.033698
4335,0.054082
4336,0.0369
4337,0.098052
4338,0.047646
4339,0.012918
4340,0
4341,0.035803
4342,0
4343,0.016052
4344,0.0098987
4345,0.015166
4346,0
4347,0
4348,0
4349,0
4350,0
4351,0.049538
4352,0.023855
4353,0.029614
4354,0
4355,0.035724
4356,0.04934
4357,0
4358,0.033698
4359,0.054082
4360,0.0369
4361,0.098052
4362,0.047646
4363,0.012918
4364,0
4365,0.035803
4366,0
4367,0.016052
4368,0.0098987
4369,0.015166
4370,0
4371,0
4372,0
4373,0
4374,0
4375,0.049538
4376,0.023855
4377,0.029614
4378,0
4379,0.035724
4380,0.04934
4381,0
4382,0.033698
4383,0.054082
4384,0.0369
4385,0.098052
4386,0.047646
4387,0.012918
4388,0
4389,0.035803
4390,0
4391,0.016052
4392,0.0098987
4393,0.015166
4394,0
4395,0
4396,0
4397,0
4398,0
4399,0.049538
4400,0.023855
4401,0.029614
4402,0
4403,0.035724
4404,0.04934
4405,0
4406,0.033698
4407,0.054082
4408,0.0369
4409,0.098052
4410,0.047646
4411,0.012918
4412,0
4413,0.035803
4414,0
4415,0.016052
4416,0.0098987
4417,0.015166
4418,0
4419,0
4420,0
4421,0
4422,0
4423,0.049538
4424,0.023855
4425,0.029614
4426,0
4427,0.035724
4428,0.04934
4429,0
4430,0.033698
4431,0.054082
4432,0.0369
4433,0.098052
4434,0.047646
4435,0.012918
4436,0
4437,0.035803
4438,0
4439,0.016052
4440,0.0098987
4441,0.015166
4442,0
4443,0
4444,0
4445,0
4446,0
4447,0.049538
4448,0.023855
4449,0.029614
4450,0
4451,0.035724
4452,0.04934
4453,0
4454,0.033698
4455,0.054082
4456,0.0369
4457,0.098052
4458,0.047646
4459,0.012918
4460,0
4461,0.035803
4462,0
4463,0.016052
4464,0.0098987
4465,0.015166
4466,0
4467,0
4468,0
4469,0
4470,0
4471,0.049538
4472,0.023855
4473,0.029614
4474,0
4475,0.035724
4476,0.04934
4477,0
4478,0.033698
4479,0.054082
4480,0.0369
4481,0.098052
4482,0.047646
4483,0.012918
4484,0
4485,0.035803
4486,0
4487,0.016052
4488,0.0098987
4489,0.015166
4490,0
4491,0
4492,0
4493,0
4494,0
4495,0.049538
4496,0.023855
4497,0.029614
4498,0
4499,0.035724
4500,0.04934
4501,0
4502,0.033698
4503,0.054082
4504,0.0369
4505,0.098052
4506,0.047646
4507,0.012918
4508,0
4509,0.035803
4510,0
4511,0.016052
4512,0.0098987
4513,0.015166
4514,0
4515,0
4516,0
4517,0
4518,0
4519,0.049538
4520,0.023855
4521,0.029614
4522,0
4523,0.035724
4524,0.04934
4525,0
4526,0.033698
4527,0.054082
4528,0.0369
4529,0.098052
4530,0.047646
4531,0.012918
4532,0
4533,0.035803
4534,0
4535,0.016052
4536,0.0098987
4537,0.015166
4538,0
4539,0
4540,0
4541,0
4542,0
4543,0.049538
4544,0.023855
4545,0.029614
4546,0
4547,0.035724
4548,0.04934
4549,0
4550,0.033698
4551,0.054082
4552,0.0369
4553,0.098052
4554,0.047646
4555,0.012918
4556,0
4557,0.035803
4558,0
4559,0.016052
4560,0.0098987
4561,0.015166
4562,0
4563,0
4564,0
4565,0
4566,0
4567,0.049538
4568,0.023855
4569,0.029614
4570,0
4571,0.035724
4572,0.04934
4573,0
4574,0.033698
4575,0.054082
4576,0.0369
4577,0.098052
4578,0.047646
4579,0.012918
4580,0
4581,0.035803
4582,0
4583,0.016052
4584,0.0098987
4585,0.015166
4586,0
4587,0
4588,0
4589,0
4590,0
4591,0.049538
4592,0.023855
4593,0.029614
4594,0
4595,0.035724
4596,0.04934
4597,0
4598,0.033698
4599,0.054082
4600,0.0369
4601,0.098052
4602,0.047646
4603,0.012918
4604,0
4605,0.035803
4606,0
4607,0.016052
4608,0.0098987
4609,0.015166
4610,0
4611,0
4612,0
4613,0
4614,0
4615,0.049538
4616,0.023855
4617,0.029614
4618,0
4619,0.035724
4620,0.04934
4621,0
4622,0.033698
4623,0.054082
4624,0.0369
4625,0.098052
4626,0.047646
4627,0.012918
4628,0
4629,0.035803
4630,0
4631,0.016052
4632,0.0098987
4633,0.015166
4634,0
4635,0
4636,0
4637,0
4638,0
4639,0.049538
4640,0.023855
4641,0.029614
4642,0
4643,0.035724
4644,0.04934
4645,0
4646,0.033698
4647,0.054082
4648,0.0369
4649,0.098052
4650,0.047646
4651,0.012918
4652,0
4653,0.035803
4654,0
4655,0.016052
4656,0.0098987
4657,0.015166
4658,0
4659,0
4660,0
4661,0
4662,0
4663,0.049538
4664,0.023855
4665,0.029614
4666,0
4667,0.035724
4668,0.04934
4669,0
4670,0.033698
4671,0.054082
4672,0.0369
4673,0.098052
4674,0.047646
4675,0.012918
4676,0
4677,0.035803
4678,0
4679,0.016052
4680,0.0098987
4681,0.015166
4682,0
4683,0
4684,0
4685,0
4686,0
4687,0.049538
4688,0.023855
4689,0.029614
4690,0
4691,0.035724
4692,0.04934
4693,0
4694,0.033698
4695,0.054082
4696,0.0369
4697,0.098052
4698,0.047646
4699,0.012918
4700,0
4701,0.035803
4702,0
4703,0.016052
4704,0.0098987
4705,0.015166
4706,0
4707,0
4708,0
4709,0
4710,0
4711,0.049538
4712,0.023855
4713,0.029614
4714,0
4715,0.035724
4716,0.04934
4717,0
4718,0.033698
4719,0.054082
4720,0.0369
4721,0.098052
4722,0.047646
4723,0.012918
4724,0
4725,0.035803
4726,0
4727,0.016052
4728,0.0098987
4729,0.015166
4730,0
4731,0
4732,0
4733,0
4734,0
4735,0.049538
4736,0.023855
4737,0.029614
4738,0
4739,0.035724
4740,0.04934
4741,0
4742,0.033698
4743,0.054082
4744,0.0369
4745,0.098052
4746,0.047646
4747,0.012918
4748,0
4749,0.035803
4750,0
4751,0.016052
4752,0.0098987
4753,0.015166
4754,0
4755,0
4756,0
4757,0
4758,0
4759,0.049538
4760,0.023855
4761,0.029614
4762,0
4763,0.035724
4764,0.04934
4765,0
4766,0.033698
4767,0.054082
4768,0.0369
4769,0.098052
4770,0.047646
4771,0.012918
4772,0
4773,0.035803
4774,0
4775,0.016052
4776,0.0098987
4777,0.015166
4778,0
4779,0
4780,0
4781,0
4782,0
4783,0.049538
4784,0.023855
4785,0.029614
4786,0
4787,0.035724
4788,0.04934
4789,0
4790,0.033698
4791,0.054082
4792,0.0369
4793,0.098052
4794,0.047646
4795,0.012918
4796,0
4797,0.035803
4798,0
4799,0.016052
4800,0.0098987
4801,0.015166
4802,0
4803,0
4804,0
4805,0
4806,0
4807,0.049538
4808,0.023855
4809,0.029614
4810,0
4811,0.035724
4812,0.04934
4813,0
4814,0.033698
4815,0.054082
4816,0.0369
4817,0.098052
4818,0.047646
4819,0.012918
4820,0
4821,0.035803
4822,0
4823,0.016052
4824,0.0098987
4825,0.015166
4826,0
4827,0
4828,0
4829,0
4830,0
4831,0.049538
4832,0.023855
4833,0.029614
4834,0
4835,0.035724
4836,0.04934
4837,0
4838,0.033698
4839,0.054082
4840,0.0369
4841,0.098052
4842,0.047646
4843,0.012918
4844,0
4845,0.035803
4846,0
4847,0.016052
4848,0.0098987
4849,0.015166
4850,0
4851,0
4852,0
4853,0
4854,0
4855,0.049538
4856,0.023855
4857,0.029614
4858,0
4859,0.035724
4860,0.04934
4861,0
4862,0.033698
4863,0.054082
4864,0.0369
4865,0.098052
4866,0.047646
4867,0.012918
4868,0
4869,0.035803
4870,0
4871,0.016052
4872,0.0098987
4873,0.015166
4874,0
4875,0
4876,0
4877,0
4878,0
4879,0.049538
4880,0.023855
4881,0.029614
4882,0
4883,0.035724
4884,0.04934
4885,0
4886,0.033698
4887,0.054082
4888,0.0369
4889,0.098052
4890,0.047646
4891,0.012918
4892,0
4893,0.035803
4894,0
4895,0.016052
4896,0.0098987
4897,0.015166
4898,0
4899,0
4900,0
4901,0
4902,0
4903,0.049538
4904,0.023855
4905,0.029614
4906,0
4907,0.035724
4908,0.04934
4909,0
4910,0.033698
4911,0.054082
4912,0.0369
4913,0.098052
4914,0.047646
4915,0.012918
4916,0
4917,0.035803
4918,0
4919,0.016052
4920,0.0098987
4921,0.015166
4922,0
4923,0
4924,0
4925,0
4926,0
4927,0.049538
4928,0.023855
4929,0.029614
4930,0
4931,0.035724
4932,0.04934
4933,0
4934,0.033698
4935,0.054082
4936,0.0369
4937,0.098052
4938,0.047646
4939,0.012918
4940,0
4941,0.035803
4942,0
4943,0.016052
4944,0.0098987
4945,0.015166
4946,0
4947,0
4948,0
4949,0
4950,0
4951,0.049538
4952,0.023855
4953,0.029614
4954,0
4955,0.035724
4956,0.04934
4957,0
4958,0.033698
4959,0.054082
4960,0.0369
4961,0.098052
4962,0.047646
4963,0.012918
4964,0
4965,0.035803
4966,0
4967,0.016052
4968,0.0098987
4969,0.015166
4970,0
4971,0
4972,0
4973,0
4974,0
4975,0.049538
4976,0.023855
4977,0.029614
4978,0
4979,0.035724
4980,0.04934
4981,0
4982,0.033698
4983,0.054082
4984,0.0369
4985,0.098052
4986,0.047646
4987,0.012918
4988,0
4989,0.035803
4990,0
4991,0.016052
4992,0.0098987
4993,0.015166
4994,0
4995,0
4996,0
4997,0
4998,0
4999,0.049538
5000,0.023855
5001,0.029614
5002,0
5003,0.035724
5004,0.04934
5005,0
5006,0.033698
5007,0.054082
5008,0.0369
5009,0.098052
5010,0.047646
5011,0.012918
5012,0
5013,0.035803
5014,0
5015,0.016052
5016,0.0098987
5017,0.015166
5018,0
5019,0
5020,0
5021,0
5022,0
5023,0.049538
5024,0.023855
5025,0.029614
5026,0
5027,0.035724
5028,0.04934
5029,0
5030,0.033698
5031,0.054082
5032,0.0369
5033,0.098052
5034,0.047646
5035,0.012918
5036,0
5037,0.035803
5038,0
5039,0.016052
5040,0.0098987
5041,0.015166
5042,0
5043,0
5044,0
5045,0
5046,0
5047,0.049538
5048,0.023855
5049,0.029614
5050,0
5051,0.035724
5052,0.04934
5053,0
5054,0.033698
5055,0.054082
5056,0.0369
5057,0.098052
5058,0.047646
5059,0.012918
5060,0
5061,0.035803
5062,0
5063,0.016052
5064,0.0098987
5065,0.015166
5066,0
5067,0
5068,0
5069,0
5070,0
5071,0.049538
5072,0.023855
5073,0.029614
5074,0
5075,0.035724
5076,0.04934
5077,0
5078,0.033698
5079,0.054082
5080,0.0369
5081,0.098052
5082,0.047646
5083,0.012918
5084,0
5085,0.035803
5086,0
5087,0.016052
5088,0.0098987
5089,0.015166
5090,0
5091,0
5092,0
5093,0
5094,0
5095,0.049538
5096,0.023855
5097,0.029614
5098,0
5099,0.035724
5100,0.04934
5101,0
5102,0.033698
5103,0.054082
5104,0.0369
5105,0.098052
5106,0.047646
5107,0.012918
5108,0
5109,0.035803
5110,0
5111,0.016052
5112,0.0098987
5113,0.015166
5114,0
5115,0
5116,0
5117,0
5118,0
5119,0.049538
5120,0.023855
5121,0.029614
5122,0
5123,0.035724
5124,0.04934
5125,0
5126,0.033698
5127,0.054082
5128,0.0369
5129,0.098052
5130,0.047646
5131,0.012918
5132,0
5133,0.035803
5134,0
5135,0.016052
5136,0.0098987
5137,0.015166
5138,0
5139,0
5140,0
5141,0
5142,0
5143,0.049538
5144,0.023855
5145,0.029614
5146,0
5147,0.035724
5148,0.04934
5149,0
5150,0.033698
5151,0.054082
5152,0.0369
5153,0.098052
5154,0.047646
5155,0.012918
5156,0
5157,0.035803
5158,0
5159,0.016052
5160,0.0098987
5161,0.015166
5162,0
5163,0
5164,0
5165,0
5166,0
5167,0.049538
5168,0.023855
5169,0.029614
5170,0
5171,0.035724
5172,0.04934
5173,0
5174,0.033698
5175,0.054082
5176,0.0369
5177,0.098052
5178,0.047646
5179,0.012918
5180,0
5181,0.035803
5182,0
5183,0.016052
5184,0.0098987
5185,0.015166
5186,0
5187,0
5188,0
5189,0
5190,0
5191,0.049538
5192,0.023855
5193,0.029614
5194,0
5195,0.035724
5196,0.04934
5197,0
5198,0.033698
5199,0.054082
5200,0.0369
5201,0.098052
5202,0.047646
5203,0.012918
5204,0
5205,0.035803
5206,0
5207,0.016052
5208,0.0098987
5209,0.015166
5210,0
5211,0
5212,0
5213,0
5214,0
5215,0.049538
5216,0.023855
5217,0.029614
5218,0
5219,0.035724
5220,0.04934
5221,0
5222,0.033698
5223,0.054082
5224,0.0369
5225,0.098052
5226,0.047646
5227,0.012918
5228,0
5229,0.035803
5230,0
5231,0.016052
5232,0.0098987
5233,0.015166
5234,0
5235,0
5236,0
5237,0
5238,0
5239,0.049538
5240,0.023855
5241,0.029614
5242,0
5243,0.035724
5244,0.04934
5245,0
5246,0.033698
5247,0.054082
5248,0.0369
5249,0.098052
5250,0.047646
5251,0.012918
5252,0
5253,0.035803
5254,0
5255,0.016052
5256,0.0098987
5257,0.015166
5258,0
5259,0
5260,0
5261,0
5262,0
5263,0.049538
5264,0.023855
5265,0.029614
5266,0
5267,0.035724
5268,0.04934
5269,0
5270,0.033698
5271,0.054082
5272,0.0369
5273,0.098052
5274,0.047646
5275,0.012918
5276,0
5277,0.035803
5278,0
5279,0.016052
5280,0.0098987
5281,0.015166
5282,0
5283,0
5284,0
5285,0
5286,0
5287,0.049538
5288,0.023855
5289,0.029614
5290,0
5291,0.035724
5292,0.04934
5293,0
5294,0.033698
5295,0.054082
5296,0.0369
5297,0.098052
5298,0.047646
5299,0.012918
5300,0
5301,0.035803
5302,0
5303,0.016052
5304,0.0098987
5305,0.015166
5306,0
5307,0
5308,0
5309,0
5310,0
5311,0.049538
5312,0.023855
5313,0.029614
5314,0
5315,0.035724
5316,0.04934
5317,0
5318,0.033698
5319,0.054082
5320,0.0369
5321,0.098052
5322,0.047646
5323,0.012918
5324,0
5325,0.035803
5326,0
5327,0.016052
5328,0.0098987
5329,0.015166
5330,0
5331,0
5332,0
5333,0
5334,0
5335,0.049538
5336,0.023855
5337,0.029614
5338,0
5339,0.035724
5340,0.04934
5341,0
5342,0.033698
5343,0.054082
5344,0.0369
5345,0.098052
5346,0.047646
5347,0.012918
5348,0
5349,0.035803
5350,0
5351,0.016052
5352,0.0098987
5353,0.015166
5354,0
5355,0
5356,0
5357,0
5358,0
5359,0.049538
5360,0.023855
5361,0.029614
5362,0
5363,0.035724
5364,0.04934
5365,0
5366,0.033698
5367,0.054082
5368,0.0369
5369,0.098052
5370,0.047646
5371,0.012918
5372,0
5373,0.035803
5374,0
5375,0.016052
5376,0.0098987
5377,0.015166
5378,0
5379,0
5380,0
5381,0
5382,0
5383,0.049538
5384,0.023855
5385,0.029614
5386,0
5387,0.035724
5388,0.04934
5389,0
5390,0.033698
5391,0.054082
5392,0.0369
5393,0.098052
5394,0.047646
5395,0.012918
5396,0
5397,0.035803
5398,0
5399,0.016052
5400,0.0098987
5401,0.015166
5402,0
5403,0
5404,0
5405,0
5406,0
5407,0.049538
5408,0.023855
5409,0.029614
5410,0
5411,0.035724
5412,0.04934
5413,0
5414,0.033698
5415,0.054082
5416,0.0369
5417,0.098052
5418,0.047646
5419,0.012918
5420,0
5421,0.035803
5422,0
5423,0.016052
5424,0.0098987
5425,0.015166
5426,0
5427,0
5428,0
5429,0
5430,0
5431,0.049538
5432,0.023855
5433,0.029614
5434,0
5435,0.035724
5436,0.04934
5437,0
5438,0.033698
5439,0.054082
5440,0.0369
5441,0.098052
5442,0.047646
5443,0.012918
5444,0
5445,0.035803
5446,0
5447,0.016052
5448,0.0098987
5449,0.015166
5450,0
5451,0
5452,0
5453,0
5454,0
5455,0.049538
5456,0.023855
5457,0.029614
5458,0
5459,0.035724
5460,0.04934
5461,0
5462,0.033698
5463,0.054082
5464,0.0369
5465,0.098052
5466,0.047646
5467,0.012918
5468,0
5469,0.035803
5470,0
5471,0.016052
5472,0.0098987
5473,0.015166
5474,0
5475,0
5476,0
5477,0
5478,0
5479,0.049538
5480,0.023855
5481,0.029614
5482,0
5483,0.035724
5484,0.04934
5485,0
5486,0.033698
5487,0.054082
5488,0.0369
5489,0.098052
5490,0.047646
5491,0.012918
5492,0
5493,0.035803
5494,0
5495,0.016052
5496,0.0098987
5497,0.015166
5498,0
5499,0
5500,0
5501,0
5502,0
5503,0.049538
5504,0.023855
5505,0.029614
5506,0
5507,0.035724
5508,0.04934
5509,0
5510,0.033698
5511,0.054082
5512,0.0369
5513,0.098052
5514,0.047646
5515,0.012918
5516,0
5517,0.035803
5518,0
5519,0.016052
5520,0.0098987
5521,0.015166
5522,0
5523,0
5524,0
5525,0
5526,0
5527,0.049538
5528,0.023855
5529,0.029614
5530,0
5531,0.035724
5532,0.04934
5533,0
5534,0.033698
5535,0.054082
5536,0.0369
5537,0.098052
5538,0.047646
5539,0.012918
5540,0
5541,0.035803
5542,0
5543,0.016052
5544,0.0098987
5545,0.015166
5546,0
5547,0
5548,0
5549,0
5550,0
5551,0.049538
5552,0.023855
5553,0.029614
5554,0
5555,0.035724
5556,0.04934
5557,0
5558,0.033698
5559,0.054082
5560,0.0369
5561,0.098052
5562,0.047646
5563,0.012918
5564,0
5565,0.035803
5566,0
5567,0.016052
5568,0.0098987
5569,0.015166
5570,0
5571,0
5572,0
5573,0
5574,0
5575,0.049538
5576,0.023855
5577,0.029614
5578,0
5579,0.035724
5580,0.04934
5581,0
5582,0.033698
5583,0.054082
5584,0.0369
5585,0.098052
5586,0.047646
5587,0.012918
5588,0
5589,0.035803
5590,0
5591,0.016052
5592,0.0098987
5593,0.015166
5594,0
5595,0
5596,0
5597,0
5598,0
5599,0.049538
5600,0.023855
5601,0.029614
5602,0
5603,0.035724
5604,0.04934
5605,0
5606,0.033698
5607,0.054082
5608,0.0369
5609,0.098052
5610,0.047646
5611,0.012918
5612,0
5613,0.035803
5614,0
5615,0.016052
5616,0.0098987
5617,0.015166
5618,0
5619,0
5620,0
5621,0
5622,0
5623,0.049538
5624,0.023855
5625,0.029614
5626,0
5627,0.035724
5628,0.04934
5629,0
5630,0.033698
5631,0.054082
5632,0.0369
5633,0.098052
5634,0.047646
5635,0.012918
5636,0
5637,0.035803
5638,0
5639,0.016052
5640,0.0098987
5641,0.015166
5642,0
5643,0
5644,0
5645,0
5646,0
5647,0.049538
5648,0.023855
5649,0.029614
5650,0
5651,0.035724
5652,0.04934
5653,0
5654,0.033698
5655,0.054082
5656,0.0369
5657,0.098052
5658,0.047646
5659,0.012918
5660,0
5661,0.035803
5662,0
5663,0.016052
5664,0.0098987
5665,0.015166
5666,0
5667,0
5668,0
5669,0
5670,0
5671,0.049538
5672,0.023855
5673,0.029614
5674,0
5675,0.035724
5676,0.04934
5677,0
5678,0.033698
5679,0.054082
5680,0.0369
5681,0.098052
5682,0.047646
5683,0.012918
5684,0
5685,0.035803
5686,0
5687,0.016052
5688,0.0098987
5689,0.015166
5690,0
5691,0
5692,0
5693,0
5694,0
5695,0.049538
5696,0.023855
5697,0.029614
5698,0
5699,0.035724
5700,0.04934
5701,0
5702,0.033698
5703,0.054082
5704,0.0369
5705,0.098052
5706,0.047646
5707,0.012918
5708,0
5709,0.035803
5710,0
5711,0.016052
5712,0.0098987
5713,0.015166
5714,0
5715,0
5716,0
5717,0
5718,0
5719,0.049538
5720,0.023855
5721,0.029614
5722,0
5723,0.035724
5724,0.04934
5725,0
5726,0.033698
5727,0.054082
5728,0.0369
5729,0.098052
5730,0.047646
5731,0.012918
5732,0
5733,0.035803
5734,0
5735,0.016052
5736,0.0098987
5737,0.015166
5738,0
5739,0
5740,0
5741,0
5742,0
5743,0.049538
5744,0.023855
5745,0.029614
5746,0
5747,0.035724
5748,0.04934
5749,0
5750,0.033698
5751,0.054082
5752,0.0369
5753,0.098052
5754,0.047646
5755,0.012918
5756,0
5757,0.035803
5758,0
5759,0.016052
5760,0.0098987
5761,0.015166
5762,0
5763,0
5764,0
5765,0
5766,0
5767,0.049538
5768,0.023855
5769,0.029614
5770,0
5771,0.035724
5772,0.04934
5773,0
5774,0.033698
5775,0.054082
5776,0.0369
5777,0.098052
5778,0.047646
5779,0.012918
5780,0
5781,0.035803
5782,0
5783,0.016052
5784,0.0098987
5785,0.015166
5786,0
5787,0
5788,0
5789,0
5790,0
5791,0.049538
5792,0.023855
5793,0.029614
5794,0
5795,0.035724
5796,0.04934
5797,0
5798,0.033698
5799,0.054082
5800,0.0369
5801,0.098052
5802,0.047646
5803,0.012918
5804,0
5805,0.035803
5806,0
5807,0.016052
5808,0.0098987
5809,0.015166
5810,0
5811,0
5812,0
5813,0
5814,0
5815,0.049538
5816,0.023855
5817,0.029614
5818,0
5819,0.035724
5820,0.04934
5821,0
5822,0.033698
5823,0.054082
5824,0.0369
5825,0.098052
5826,0.047646
5827,0.012918
5828,0
5829,0.035803
5830,0
5831,0.016052
5832,0.0098987
5833,0.015166
5834,0
5835,0
5836,0
5837,0
5838,0
5839,0.049538
5840,0.023855
5841,0.029614
5842,0
5843,0.035724
5844,0.04934
5845,0
5846,0.033698
5847,0.054082
5848,0.0369
5849,0.098052
5850,0.047646
5851,0.012918
5852,0
5853,0.035803
5854,0
5855,0.016052
5856,0.0098987
5857,0.015166
5858,0
5859,0
5860,0
5861,0
5862,0
5863,0.049538
5864,0.023855
5865,0.029614
5866,0
5867,0.035724
5868,0.04934
5869,0
5870,0.033698
5871,0.054082
5872,0.0369
5873,0.098052
5874,0.047646
5875,0.012918
5876,0
5877,0.035803
5878,0
5879,0.016052
5880,0.0098987
5881,0.015166
5882,0
5883,0
5884,0
5885,0
5886,0
5887,0.049538
5888,0.023855
5889,0.029614
5890,0
5891,0.035724
5892,0.04934
5893,0
5894,0.033698
5895,0.054082
5896,0.0369
5897,0.098052
5898,0.047646
5899,0.012918
5900,0
5901,0.035803
5902,0
5903,0.016052
5904,0.0098987
5905,0.015166
5906,0
5907,0
5908,0
5909,0
5910,0
5911,0.049538
5912,0.023855
5913,0.029614
5914,0
5915,0.035724
5916,0.04934
5917,0
5918,0.033698
5919,0.054082
5920,0.0369
5921,0.098052
5922,0.047646
5923,0.012918
5924,0
5925,0.035803
5926,0
5927,0.016052
5928,0.0098987
5929,0.015166
5930,0
5931,0
5932,0
5933,0
5934,0
5935,0.049538
5936,0.023855
5937,0.029614
5938,0
5939,0.035724
5940,0.04934
5941,0
5942,0.033698
5943,0.054082
5944,0.0369
5945,0.098052
5946,0.047646
5947,0.012918
5948,0
5949,0.035803
5950,0
5951,0.016052
5952,0.0098987
5953,0.015166
5954,0
5955,0
5956,0
5957,0
5958,0
5959,0.049538
5960,0.023855
5961,0.029614
5962,0
5963,0.035724
5964,0.04934
5965,0
5966,0.033698
5967,0.054082
5968,0.0369
5969,0.098052
5970,0.047646
5971,0.012918
5972,0
5973,0.035803
5974,0
5975,0.016052
5976,0.0098987
5977,0.015166
5978,0
5979,0
5980,0
5981,0
5982,0
5983,0.049538
5984,0.023855
5985,0.029614
5986,0
5987,0.035724
5988,0.04934
5989,0
5990,0.033698
5991,0.054082
5992,0.0369
5993,0.098052
5994,0.047646
5995,0.012918
5996,0
5997,0.035803
5998,0
5999,0.016052
6000,0.0098987
6001,0.015166
6002,0
6003,0
6004,0
6005,0
6006,0
6007,0.049538
6008,0.023855
6009,0.029614
6010,0
6011,0.035724
6012,0.04934
6013,0
6014,0.033698
6015,0.054082
6016,0.0369
6017,0.098052
6018,0.047646
6019,0.012918
6020,0
6021,0.035803
6022,0
6023,0.016052
6024,0.0098987
6025,0.015166
6026,0
6027,0
6028,0
6029,0
6030,0
6031,0.049538
6032,0.023855
6033,0.029614
6034,0
6035,0.035724
6036,0.04934
6037,0
6038,0.033698
6039,0.054082
6040,0.0369
6041,0.098052
6042,0.047646
6043,0.012918
6044,0
6045,0.035803
6046,0
6047,0.016052
6048,0.0098987
6049,0.015166
6050,0
6051,0
6052,0
6053,0
6054,0
6055,0.049538
6056,0.023855
6057,0.029614
6058,0
6059,0.035724
6060,0.04934
6061,0
6062,0.033698
6063,0.054082
6064,0.0369
6065,0.098052
6066,0.047646
6067,0.012918
6068,0
6069,0.035803
6070,0
6071,0.016052
6072,0.0098987
6073,0.015166
6074,0
6075,0
6076,0
6077,0
6078,0
6079,0.049538
6080,0.023855
6081,0.029614
6082,0
6083,0.035724
6084,0.04934
6085,0
6086,0.033698
6087,0.054082
6088,0.0369
6089,0.098052
6090,0.047646
6091,0.012918
6092,0
6093,0.035803
6094,0
6095,0.016052
6096,0.0098987
6097,0.015166
6098,0
6099,0
6100,0
6101,0
6102,0
6103,0.049538
6104,0.023855
6105,0.029614
6106,0
6107,0.035724
6108,0.04934
6109,0
6110,0.033698
6111,0.054082
6112,0.0369
6113,0.098052
6114,0.047646
6115,0.012918
6116,0
6117,0.035803
6118,0
6119,0.016052
6120,0.0098987
6121,0.015166
6122,0
6123,0
6124,0
6125,0
6126,0
6127,0.049538
6128,0.023855
6129,0.029614
6130,0
6131,0.035724
6132,0.04934
6133,0
6134,0.033698
6135,0.054082
6136,0.0369
6137,0.098052
6138,0.047646
6139,0.012918
6140,0
6141,0.035803
6142,0
6143,0.016052
6144,0.0098987
6145,0.015166
6146,0
6147,0
6148,0
6149,0
6150,0
6151,0.049538
6152,0.023855
6153,0.029614
6154,0
6155,0.035724
6156,0.04934
6157,0
6158,0.033698
6159,0.054082
6160,0.0369
6161,0.098052
6162,0.047646
6163,0.012918
6164,0
6165,0.035803
6166,0
6167,0.016052
6168,0.0098987
6169,0.015166
6170,0
6171,0
6172,0
6173,0
6174,0
6175,0.049538
6176,0.023855
6177,0.029614
6178,0
6179,0.035724
6180,0.04934
6181,0
6182,0.033698
6183,0.054082
6184,0.0369
6185,0.098052
6186,0.047646
6187,0.012918
6188,0
6189,0.035803
6190,0
6191,0.016052
6192,0.0098987
6193,0.015166
6194,0
6195,0
6196,0
6197,0
6198,0
6199,0.049538
6200,0.023855
6201,0.029614
6202,0
6203,0.035724
6204,0.04934
6205,0
6206,0.033698
6207,0.054082
6208,0.0369
6209,0.098052
6210,0.047646
6211,0.012918
6212,0
6213,0.035803
6214,0
6215,0.016052
6216,0.0098987
6217,0.015166
6218,0
6219,0
6220,0
6221,0
6222,0
6223,0.049538
6224,0.023855
6225,0.029614
6226,0
6227,0.035724
6228,0.04934
6229,0
6230,0.033698
6231,0.054082
6232,0.0369
6233,0.098052
6234,0.047646
6235,0.012918
6236,0
6237,0.035803
6238,0
6239,0.016052
6240,0.0098987
6241,0.015166
6242,0
6243,0
6244,0
6245,0
6246,0
6247,0.049538
6248,0.023855
6249,0.029614
6250,0
6251,0.035724
6252,0.04934
6253,0
6254,0.033698
6255,0.054082
6256,0.0369
6257,0.098052
6258,0.047646
6259,0.012918
6260,0
6261,0.035803
6262,0
6263,0.016052
6264,0.0098987
6265,0.015166
6266,0
6267,0
6268,0
6269,0
6270,0
6271,0.049538
6272,0.023855
6273,0.029614
6274,0
6275,0.035724
6276,0.04934
6277,0
6278,0.033698
6279,0.054082
6280,0.0369
6281,0.098052
6282,0.047646
6283,0.012918
6284,0
6285,0.035803
6286,0
6287,0.016052
6288,0.0098987
6289,0.015166
6290,0
6291,0
6292,0
6293,0
6294,0
6295,0.049538
6296,0.023855
6297,0.029614
6298,0
6299,0.035724
6300,0.04934
6301,0
6302,0.033698
6303,0.054082
6304,0.0369
6305,0.098052
6306,0.047646
6307,0.012918
6308,0
6309,0.035803
6310,0
6311,0.016052
6312,0.0098987
6313,0.015166
6314,0
6315,0
6316,0
6317,0
6318,0
6319,0.049538
6320,0.023855
6321,0.029614
6322,0
6323,0.035724
6324,0.04934
6325,0
6326,0.033698
6327,0.054082
6328,0.0369
6329,0.098052
6330,0.047646
6331,0.012918
6332,0
6333,0.035803
6334,0
6335,0.016052
6336,0.0098987
6337,0.015166
6338,0
6339,0
6340,0
6341,0
6342,0
6343,0.049538
6344,0.023855
6345,0.029614
6346,0
6347,0.035724
6348,0.04934
6349,0
6350,0.033698
6351,0.054082
6352,0.0369
6353,0.098052
6354,0.047646
6355,0.012918
6356,0
6357,0.035803
6358,0
6359,0.016052
6360,0.0098987
6361,0.015166
6362,0
6363,0
6364,0
6365,0
6366,0
6367,0.049538
6368,0.023855
6369,0.029614
6370,0
6371,0.035724
6372,0.04934
6373,0
6374,0.033698
6375,0.054082
6376,0.0369
6377,0.098052
6378,0.047646
6379,0.012918
6380,0
6381,0.035803
6382,0
6383,0.016052
6384,0.0098987
6385,0.015166
6386,0
6387,0
6388,0
6389,0
6390,0
6391,0.049538
6392,0.023855
6393,0.029614
6394,0
6395,0.035724
6396,0.04934
6397,0
6398,0.033698
6399,0.054082
6400,0.0369
6401,0.098052
6402,0.047646
6403,0.012918
6404,0
6405,0.035803
6406,0
6407,0.016052
6408,0.0098987
6409,0.015166
6410,0
6411,0
6412,0
6413,0
6414,0
6415,0.049538
6416,0.023855
6417,0.029614
6418,0
6419,0.035724
6420,0.04934
6421,0
6422,0.033698
6423,0.054082
6424,0.0369
6425,0.098052
6426,0.047646
6427,0.012918
6428,0
6429,0.035803
6430,0
6431,0.016052
6432,0.0098987
6433,0.015166
6434,0
6435,0
6436,0
6437,0
6438,0
6439,0.049538
6440,0.023855
6441,0.029614
6442,0
6443,0.035724
6444,0.04934
6445,0
6446,0.033698
6447,0.054082
6448,0.0369
6449,0.098052
6450,0.047646
6451,0.012918
6452,0
6453,0.035803
6454,0
6455,0.016052
6456,0.0098987
6457,0.015166
6458,0
6459,0
6460,0
6461,0
6462,0
6463,0.049538
6464,0.023855
6465,0.029614
6466,0
6467,0.035724
6468,0.04934
6469,0
6470,0.033698
6471,0.054082
6472,0.0369
6473,0.098052
6474,0.047646
6475,0.012918
6476,0
6477,0.035803
6478,0
6479,0.016052
6480,0.0098987
6481,0.015166
6482,0
6483,0
6484,0
6485,0
6486,0
6487,0.049538
6488,0.023855
6489,0.029614
6490,0
6491,0.035724
6492,0.04934
6493,0
6494,0.033698
6495,0.054082
6496,0.0369
6497,0.098052
6498,0.047646
6499,0.012918
6500,0
6501,0.035803
6502,0
6503,0.016052
6504,0.0098987
6505,0.015166
6506,0
6507,0
6508,0
6509,0
6510,0
6511,0.049538
6512,0.023855
6513,0.029614
6514,0
6515,0.035724
6516,0.04934
6517,0
6518,0.033698
6519,0.054082
6520,0.0369
6521,0.098052
6522,0.047646
6523,0.012918
6524,0
6525,0.035803
6526,0
6527,0.016052
6528,0.0098987
6529,0.015166
6530,0
6531,0
6532,0
6533,0
6534,0
6535,0.049538
6536,0.023855
6537,0.029614
6538,0
6539,0.035724
6540,0.04934
6541,0
6542,0.033698
6543,0.054082
6544,0.0369
6545,0.098052
6546,0.047646
6547,0.012918
6548,0
6549,0.035803
6550,0
6551,0.016052
6552,0.0098987
6553,0.015166
6554,0
6555,0
6556,0
6557,0
6558,0
6559,0.049538
6560,0.023855
6561,0.029614
6562,0
6563,0.035724
6564,0.04934
6565,0
6566,0.033698
6567,0.054082
6568,0.0369
6569,0.098052
6570,0.047646
6571,0.012918
6572,0
6573,0.035803
6574,0
6575,0.016052
6576,0.0098987
6577,0.015166
6578,0
6579,0
6580,0
6581,0
6582,0
6583,0.049538
6584,0.023855
6585,0.029614
6586,0
6587,0.035724
6588,0.04934
6589,0
6590,0.033698
6591,0.054082
6592,0.0369
6593,0.098052
6594,0.047646
6595,0.012918
6596,0
6597,0.035803
6598,0
6599,0.016052
6600,0.0098987
6601,0.015166
6602,0
6603,0
6604,0
6605,0
6606,0
6607,0.049538
6608,0.023855
6609,0.029614
6610,0
6611,0.035724
6612,0.04934
6613,0
6614,0.033698
6615,0.054082
6616,0.0369
6617,0.098052
6618,0.047646
6619,0.012918
6620,0
6621,0.035803
6622,0
6623,0.016052
6624,0.0098987
6625,0.015166
6626,0
6627,0
6628,0
6629,0
6630,0
6631,0.049538
6632,0.023855
6633,0.029614
6634,0
6635,0.035724
6636,0.04934
6637,0
6638,0.033698
6639,0.054082
6640,0.0369
6641,0.098052
6642,0.047646
6643,0.012918
6644,0
6645,0.035803
6646,0
6647,0.016052
6648,0.0098987
6649,0.015166
6650,0
6651,0
6652,0
6653,0
6654,0
6655,0.049538
6656,0.023855
6657,0.029614
6658,0
6659,0.035724
6660,0.04934
6661,0
6662,0.033698
6663,0.054082
6664,0.0369
6665,0.098052
6666,0.047646
6667,0.012918
6668,0
6669,0.035803
6670,0
6671,0.016052
6672,0.0098987
6673,0.015166
6674,0
6675,0
6676,0
6677,0
6678,0
6679,0.049538
6680,0.023855
6681,0.029614
6682,0
6683,0.035724
6684,0.04934
6685,0
6686,0.033698
6687,0.054082
6688,0.0369
6689,0.098052
6690,0.047646
6691,0.012918
6692,0
6693,0.035803
6694,0
6695,0.016052
6696,0.0098987
6697,0.015166
6698,0
6699,0
6700,0
6701,0
6702,0
6703,0.049538
6704,0.023855
6705,0.029614
6706,0
6707,0.035724
6708,0.04934
6709,0
6710,0.033698
6711,0.054082
6712,0.0369
6713,0.098052
6714,0.047646
6715,0.012918
6716,0
6717,0.035803
6718,0
6719,0.016052
6720,0.0098987
6721,0.015166
6722,0
6723,0
6724,0
6725,0
6726,0
6727,0.049538
6728,0.023855
6729,0.029614
6730,0
6731,0.035724
6732,0.04934
6733,0
6734,0.033698
6735,0.054082
6736,0.0369
6737,0.098052
6738,0.047646
6739,0.012918
6740,0
6741,0.035803
6742,0
6743,0.016052
6744,0.0098987
6745,0.015166
6746,0
6747,0
6748,0
6749,0
6750,0
6751,0.049538
6752,0.023855
6753,0.029614
6754,0
6755,0.035724
6756,0.04934
6757,0
6758,0.033698
6759,0.054082
6760,0.0369
6761,0.098052
6762,0.047646
6763,0.012918
6764,0
6765,0.035803
6766,0
6767,0.016052
6768,0.0098987
6769,0.015166
6770,0
6771,0
6772,0
6773,0
6774,0
6775,0.049538
6776,0.023855
6777,0.029614
6778,0
6779,0.035724
6780,0.04934
6781,0
6782,0.033698
6783,0.054082
6784,0.0369
6785,0.098052
6786,0.047646
6787,0.012918
6788,0
6789,0.035803
6790,0
6791,0.016052
6792,0.0098987
6793,0.015166
6794,0
6795,0
6796,0
6797,0
6798,0
6799,0.049538
6800,0.023855
6801,0.029614
6802,0
6803,0.035724
6804,0.04934
6805,0
6806,0.033698
6807,0.054082
6808,0.0369
6809,0.098052
6810,0.047646
6811,0.012918
6812,0
6813,0.035803
6814,0
6815,0.016052
6816,0.0098987
6817,0.015166
6818,0
6819,0
6820,0
6821,0
6822,0
6823,0.049538
6824,0.023855
6825,0.029614
6826,0
6827,0.035724
6828,0.04934
6829,0
6830,0.033698
6831,0.054082
6832,0.0369
6833,0.098052
6834,0.047646
6835,0.012918
6836,0
6837,0.035803
6838,0
6839,0.016052
6840,0.0098987
6841,0.015166
6842,0
6843,0
6844,0
6845,0
6846,0
6847,0.049538
6848,0.023855
6849,0.029614
6850,0
6851,0.035724
6852,0.04934
6853,0
6854,0.033698
6855,0.054082
6856,0.0369
6857,0.098052
6858,0.047646
6859,0.012918
6860,0
6861,0.035803
6862,0
6863,0.016052
6864,0.0098987
6865,0.015166
6866,0
6867,0
6868,0
6869,0
6870,0
6871,0.049538
6872,0.023855
6873,0.029614
6874,0
6875,0.035724
6876,0.04934
6877,0
6878,0.033698
6879,0.054082
6880,0.0369
6881,0.098052
6882,0.047646
6883,0.012918
6884,0
6885,0.035803
6886,0
6887,0.016052
6888,0.0098987
6889,0.015166
6890,0
6891,0
6892,0
6893,0
6894,0
6895,0.049538
6896,0.023855
6897,0.029614
6898,0
6899,0.035724
6900,0.04934
6901,0
6902,0.033698
6903,0.054082
6904,0.0369
6905,0.098052
6906,0.047646
6907,0.012918
6908,0
6909,0.035803
6910,0
6911,0.016052
6912,0.0098987
6913,0.015166
6914,0
6915,0
6916,0
6917,0
6918,0
6919,0.049538
6920,0.023855
6921,0.029614
6922,0
6923,0.035724
6924,0.04934
6925,0
6926,0.033698
6927,0.054082
6928,0.0369
6929,0.098052
6930,0.047646
6931,0.012918
6932,0
6933,0.035803
6934,0
6935,0.016052
6936,0.0098987
6937,0.015166
6938,0
6939,0
6940,0
6941,0
6942,0
6943,0.049538
6944,0.023855
6945,0.029614
6946,0
6947,0.035724
6948,0.04934
6949,0
6950,0.033698
6951,0.054082
6952,0.0369
6953,0.098052
6954,0.047646
6955,0.012918
6956,0
6957,0.035803
6958,0
6959,0.016052
6960,0.0098987
6961,0.015166
6962,0
6963,0
6964,0
6965,0
6966,0
6967,0.049538
6968,0.023855
6969,0.029614
6970,0
6971,0.035724
6972,0.04934
6973,0
6974,0.033698
6975,0.054082
6976,0.0369
6977,0.098052
6978,0.047646
6979,0.012918
6980,0
6981,0.035803
6982,0
6983,0.016052
6984,0.0098987
6985,0.015166
6986,0
6987,0
6988,0
6989,0
6990,0
6991,0.049538
6992,0.023855
6993,0.029614
6994,0
6995,0.035724
6996,0.04934
6997,0
6998,0.033698
6999,0.054082
7000,0.0369
7001,0.098052
7002,0.047646
7003,0.012918
7004,0
7005,0.035803
7006,0
7007,0.016052
7008,0.0098987
7009,0.015166
7010,0
7011,0
7012,0
7013,0
7014,0
7015,0.049538
7016,0.023855
7017,0.029614
7018,0
7019,0.035724
7020,0.04934
7021,0
7022,0.033698
7023,0.054082
7024,0.0369
7025,0.098052
7026,0.047646
7027,0.012918
7028,0
7029,0.035803
7030,0
7031,0.016052
7032,0.0098987
7033,0.015166
7034,0
7035,0
7036,0
7037,0
7038,0
7039,0.049538
7040,0.023855
7041,0.029614
7042,0
7043,0.035724
7044,0.04934
7045,0
7046,0.033698
7047,0.054082
7048,0.0369
7049,0.098052
7050,0.047646
7051,0.012918
7052,0
7053,0.035803
7054,0
7055,0.016052
7056,0.0098987
7057,0.015166
7058,0
7059,0
7060,0
7061,0
7062,0
7063,0.049538
7064,0.023855
7065,0.029614
7066,0
7067,0.035724
7068,0.04934
7069,0
7070,0.033698
7071,0.054082
7072,0.0369
7073,0.098052
7074,0.047646
7075,0.012918
7076,0
7077,0.035803
7078,0
7079,0.016052
7080,0.0098987
7081,0.015166
7082,0
7083,0
7084,0
7085,0
7086,0
7087,0.049538
7088,0.023855
7089,0.029614
7090,0
7091,0.035724
7092,0.04934
7093,0
7094,0.033698
7095,0.054082
7096,0.0369
7097,0.098052
7098,0.047646
7099,0.012918
7100,0
7101,0.035803
7102,0
7103,0.016052
7104,0.0098987
7105,0.015166
7106,0
7107,0
7108,0
7109,0
7110,0
7111,0.049538
7112,0.023855
7113,0.029614
7114,0
7115,0.035724
7116,0.04934
7117,0
7118,0.033698
7119,0.054082
7120,0.0369
7121,0.098052
7122,0.047646
7123,0.012918
7124,0
7125,0.035803
7126,0
7127,0.016052
7128,0.0098987
7129,0.015166
7130,0
7131,0
7132,0
7133,0
7134,0
7135,0.049538
7136,0.023855
7137,0.029614
7138,0
7139,0.035724
7140,0.04934
7141,0
7142,0.033698
7143,0.054082
7144,0.0369
7145,0.098052
7146,0.047646
7147,0.012918
7148,0
7149,0.035803
7150,0
7151,0.016052
7152,0.0098987
7153,0.015166
7154,0
7155,0
7156,0
7157,0
7158,0
7159,0.049538
7160,0.023855
7161,0.029614
7162,0
7163,0.035724
7164,0.04934
7165,0
7166,0.033698
7167,0.054082
7168,0.0369
7169,0.098052
7170,0.047646
7171,0.012918
7172,0
7173,0.035803
7174,0
7175,0.016052
7176,0.0098987
7177,0.015166
7178,0
7179,0
7180,0
7181,0
7182,0
7183,0.049538
7184,0.023855
7185,0.029614
7186,0
7187,0.035724
7188,0.04934
7189,0
7190,0.033698
7191,0.054082
7192,0.0369
7193,0.098052
7194,0.047646
7195,0.012918
7196,0
7197,0.035803
7198,0
7199,0.016052
7200,0.0098987
7201,0.015166
7202,0
7203,0
7204,0
7205,0
7206,0
7207,0.049538
7208,0.023855
7209,0.029614
7210,0
7211,0.035724
7212,0.04934
7213,0
7214,0.033698
7215,0.054082
7216,0.0369
7217,0.098052
7218,0.047646
7219,0.012918
7220,0
7221,0.035803
7222,0
7223,0.016052
7224,0.0098987
7225,0.015166
7226,0
7227,0
7228,0
7229,0
7230,0
7231,0.049538
7232,0.023855
7233,0.029614
7234,0
7235,0.035724
7236,0.04934
7237,0
7238,0.033698
7239,0.054082
7240,0.0369
7241,0.098052
7242,0.047646
7243,0.012918
7244,0
7245,0.035803
7246,0
7247,0.016052
7248,0.0098987
7249,0.015166
7250,0
7251,0
7252,0
7253,0
7254,0
7255,0.049538
7256,0.023855
7257,0.029614
7258,0
7259,0.035724
7260,0.04934
7261,0
7262,0.033698
7263,0.054082
7264,0.0369
7265,0.098052
7266,0.047646
7267,0.012918
7268,0
7269,0.035803
7270,0
7271,0.016052
7272,0.0098987
7273,0.015166
7274,0
7275,0
7276,0
7277,0
7278,0
7279,0.049538
7280,0.023855
7281,0.029614
7282,0
7283,0.035724
7284,0.04934
7285,0
7286,0.033698
7287,0.054082
7288,0.0369
7289,0.098052
7290,0.047646
7291,0.012918
7292,0
7293,0.035803
7294,0
7295,0.016052
7296,0.0098987
7297,0.015166
7298,0
7299,0
7300,0
7301,0
7302,0
7303,0.049538
7304,0.023855
7305,0.029614
7306,0
7307,0.035724
7308,0.04934
7309,0
7310,0.033698
7311,0.054082
7312,0.0369
7313,0.098052
7314,0.047646
7315,0.012918
7316,0
7317,0.035803
7318,0
7319,0.016052
7320,0.0098987
7321,0.015166
7322,0
7323,0
7324,0
7325,0
7326,0
7327,0.049538
7328,0.023855
7329,0.029614
7330,0
7331,0.035724
7332,0.04934
7333,0
7334,0.033698
7335,0.054082
7336,0.0369
7337,0.098052
7338,0.047646
7339,0.012918
7340,0
7341,0.035803
7342,0
7343,0.016052
7344,0.0098987
7345,0.015166
7346,0
7347,0
7348,0
7349,0
7350,0
7351,0.049538
7352,0.023855
7353,0.029614
7354,0
7355,0.035724
7356,0.04934
7357,0
7358,0.033698
7359,0.054082
7360,0.0369
7361,0.098052
7362,0.047646
7363,0.012918
7364,0
7365,0.035803
7366,0
7367,0.016052
7368,0.0098987
7369,0.015166
7370,0
7371,0
7372,0
7373,0
7374,0
7375,0.049538
7376,0.023855
7377,0.029614
7378,0
7379,0.035724
7380,0.04934
7381,0
7382,0.033698
7383,0.054082
7384,0.0369
7385,0.098052
7386,0.047646
7387,0.012918
7388,0
7389,0.035803
7390,0
7391,0.016052
7392,0.0098987
7393,0.015166
7394,0
7395,0
7396,0
7397,0
7398,0
7399,0.049538
7400,0.023855
7401,0.029614
7402,0
7403,0.035724
7404,0.04934
7405,0
7406,0.033698
7407,0.054082
7408,0.0369
7409,0.098052
7410,0.047646
7411,0.012918
7412,0
7413,0.035803
7414,0
7415,0.016052
7416,0.0098987
7417,0.015166
7418,0
7419,0
7420,0
7421,0
7422,0
7423,0.049538
7424,0.023855
7425,0.029614
7426,0
7427,0.035724
7428,0.04934
7429,0
7430,0.033698
7431,0.054082
7432,0.0369
7433,0.098052
7434,0.047646
7435,0.012918
7436,0
7437,0.035803
7438,0
7439,0.016052
7440,0.0098987
7441,0.015166
7442,0
7443,0
7444,0
7445,0
7446,0
7447,0.049538
7448,0.023855
7449,0.029614
7450,0
7451,0.035724
7452,0.04934
7453,0
7454,0.033698
7455,0.054082
7456,0.0369
7457,0.098052
7458,0.047646
7459,0.012918
7460,0
7461,0.035803
7462,0
7463,0.016052
7464,0.0098987
7465,0.015166
7466,0
7467,0
7468,0
7469,0
7470,0
7471,0.049538
7472,0.023855
7473,0.029614
7474,0
7475,0.035724
7476,0.04934
7477,0
7478,0.033698
7479,0.054082
7480,0.0369
7481,0.098052
7482,0.047646
7483,0.012918
7484,0
7485,0.035803
7486,0
7487,0.016052
7488,0.0098987
7489,0.015166
7490,0
7491,0
7492,0
7493,0
7494,0
7495,0.049538
7496,0.023855
7497,0.029614
7498,0
7499,0.035724
7500,0.04934
7501,0
7502,0.033698
7503,0.054082
7504,0.0369
7505,0.098052
7506,0.047646
7507,0.012918
7508,0
7509,0.035803
7510,0
7511,0.016052
7512,0.0098987
7513,0.015166
7514,0
7515,0
7516,0
7517,0
7518,0
7519,0.049538
7520,0.023855
7521,0.029614
7522,0
7523,0.035724
7524,0.04934
7525,0
7526,0.033698
7527,0.054082
7528,0.0369
7529,0.098052
7530,0.047646
7531,0.012918
7532,0
7533,0.035803
7534,0
7535,0.016052
7536,0.0098987
7537,0.015166
7538,0
7539,0
7540,0
7541,0
7542,0
7543,0.049538
7544,0.023855
7545,0.029614
7546,0
7547,0.035724
7548,0.04934
7549,0
7550,0.033698
7551,0.054082
7552,0.0369
7553,0.098052
7554,0.047646
7555,0.012918
7556,0
7557,0.035803
7558,0
7559,0.016052
7560,0.0098987
7561,0.015166
7562,0
7563,0
7564,0
7565,0
7566,0
7567,0.049538
7568,0.023855
7569,0.029614
7570,0
7571,0.035724
7572,0.04934
7573,0
7574,0.033698
7575,0.054082
7576,0.0369
7577,0.098052
7578,0.047646
7579,0.012918
7580,0
7581,0.035803
7582,0
7583,0.016052
7584,0.0098987
7585,0.015166
7586,0
7587,0
7588,0
7589,0
7590,0
7591,0.049538
7592,0.023855
7593,0.029614
7594,0
7595,0.035724
7596,0.04934
7597,0
7598,0.033698
7599,0.054082
7600,0.0369
7601,0.098052
7602,0.047646
7603,0.012918
7604,0
7605,0.035803
7606,0
7607,0.016052
7608,0.0098987
7609,0.015166
7610,0
7611,0
7612,0
7613,0
7614,0
7615,0.049538
7616,0.023855
7617,0.029614
7618,0
7619,0.035724
7620,0.04934
7621,0
7622,0.033698
7623,0.054082
7624,0.0369
7625,0.098052
7626,0.047646
7627,0.012918
7628,0
7629,0.035803
7630,0
7631,0.016052
7632,0.0098987
7633,0.015166
7634,0
7635,0
7636,0
7637,0
7638,0
7639,0.049538
7640,0.023855
7641,0.029614
7642,0
7643,0.035724
7644,0.04934
7645,0
7646,0.033698
7647,0.054082
7648,0.0369
7649,0.098052
7650,0.047646
7651,0.012918
7652,0
7653,0.035803
7654,0
7655,0.016052
7656,0.0098987
7657,0.015166
7658,0
7659,0
7660,0
7661,0
7662,0
7663,0.049538
7664,0.023855
7665,0.029614
7666,0
7667,0.035724
7668,0.04934
7669,0
7670,0.033698
7671,0.054082
7672,0.0369
7673,0.098052
7674,0.047646
7675,0.012918
7676,0
7677,0.035803
7678,0
7679,0.016052
7680,0.0098987
7681,0.015166
7682,0
7683,0
7684,0
7685,0
7686,0
7687,0.049538
7688,0.023855
7689,0.029614
7690,0
7691,0.035724
7692,0.04934
7693,0
7694,0.033698
7695,0.054082
7696,0.0369
7697,0.098052
7698,0.047646
7699,0.012918
7700,0
7701,0.035803
7702,0
7703,0.016052
7704,0.0098987
7705,0.015166
7706,0
7707,0
7708,0
7709,0
7710,0
7711,0.049538
7712,0.023855
7713,0.029614
7714,0
7715,0.035724
7716,0.04934
7717,0
7718,0.033698
7719,0.054082
7720,0.0369
7721,0.098052
7722,0.047646
7723,0.012918
7724,0
7725,0.035803
7726,0
7727,0.016052
7728,0.0098987
7729,0.015166
7730,0
7731,0
7732,0
7733,0
7734,0
7735,0.049538
7736,0.023855
7737,0.029614
7738,0
7739,0.035724
7740,0.04934
7741,0
7742,0.033698
7743,0.054082
7744,0.0369
7745,0.098052
7746,0.047646
7747,0.012918
7748,0
7749,0.035803
7750,0
7751,0.016052
7752,0.0098987
7753,0.015166
7754,0
7755,0
7756,0
7757,0
7758,0
7759,0.049538
7760,0.023855
7761,0.029614
7762,0
7763,0.035724
7764,0.04934
7765,0
7766,0.033698
7767,0.054082
7768,0.0369
7769,0.098052
7770,0.047646
7771,0.012918
7772,0
7773,0.035803
7774,0
7775,0.016052
7776,0.0098987
7777,0.015166
7778,0
7779,0
7780,0
7781,0
7782,0
7783,0.049538
7784,0.023855
7785,0.029614
7786,0
7787,0.035724
7788,0.04934
7789,0
7790,0.033698
7791,0.054082
7792,0.0369
7793,0.098052
7794,0.047646
7795,0.012918
7796,0
7797,0.035803
7798,0
7799,0.016052
7800,0.0098987
7801,0.015166
7802,0
7803,0
7804,0
7805,0
7806,0
7807,0.049538
7808,0.023855
7809,0.029614
7810,0
7811,0.035724
7812,0.04934
7813,0
7814,0.033698
7815,0.054082
7816,0.0369
7817,0.098052
7818,0.047646
7819,0.012918
7820,0
7821,0.035803
7822,0
7823,0.016052
7824,0.0098987
7825,0.015166
7826,0
7827,0
7828,0
7829,0
7830,0
7831,0.049538
7832,0.023855
7833,0.029614
7834,0
7835,0.035724
7836,0.04934
7837,0
7838,0.033698
7839,0.054082
7840,0.0369
7841,0.098052
7842,0.047646
7843,0.012918
7844,0
7845,0.035803
7846,0
7847,0.016052
7848,0.0098987
7849,0.015166
7850,0
7851,0
7852,0
7853,0
7854,0
7855,0.049538
7856,0.023855
7857,0.029614
7858,0
7859,0.035724
7860,0.04934
7861,0
7862,0.033698
7863,0.054082
7864,0.0369
7865,0.098052
7866,0.047646
7867,0.012918
7868,0
7869,0.035803
7870,0
7871,0.016052
7872,0.0098987
7873,0.015166
7874,0
7875,0
7876,0
7877,0
7878,0
7879,0.049538
7880,0.023855
7881,0.029614
7882,0
7883,0.035724
7884,0.04934
7885,0
7886,0.033698
7887,0.054082
7888,0.0369
7889,0.098052
7890,0.047646
7891,0.012918
7892,0
7893,0.035803
7894,0
7895,0.016052
7896,0.0098987
7897,0.015166
7898,0
7899,0
7900,0
7901,0
7902,0
7903,0.049538
7904,0.023855
7905,0.029614
7906,0
7907,0.035724
7908,0.04934
7909,0
7910,0.033698
7911,0.054082
7912,0.0369
7913,0.098052
7914,0.047646
7915,0.012918
7916,0
7917,0.035803
7918,0
7919,0.016052
7920,0.0098987
7921,0.015166
7922,0
7923,0
7924,0
7925,0
7926,0
7927,0.049538
7928,0.023855
7929,0.029614
7930,0
7931,0.035724
7932,0.04934
7933,0
7934,0.033698
7935,0.054082
7936,0.0369
7937,0.098052
7938,0.047646
7939,0.012918
7940,0
7941,0.035803
7942,0
7943,0.016052
7944,0.0098987
7945,0.015166
7946,0
7947,0
7948,0
7949,0
7950,0
7951,0.049538
7952,0.023855
7953,0.029614
7954,0
7955,0.035724
7956,0.04934
7957,0
7958,0.033698
7959,0.054082
7960,0.0369
7961,0.098052
7962,0.047646
7963,0.012918
7964,0
7965,0.035803
7966,0
7967,0.016052
7968,0.0098987
7969,0.015166
7970,0
7971,0
7972,0
7973,0
7974,0
7975,0.049538
7976,0.023855
7977,0.029614
7978,0
7979,0.035724
7980,0.04934
7981,0
7982,0.033698
7983,0.054082
7984,0.0369
7985,0.098052
7986,0.047646
7987,0.012918
7988,0
7989,0.035803
7990,0
7991,0.016052
7992,0.0098987
7993,0.015166
7994,0
7995,0
7996,0
7997,0
7998,0
7999,0.049538
8000,0.023855
8001,0.029614
8002,0
8003,0.035724
8004,0.04934
8005,0
8006,0.033698
8007,0.054082
8008,0.0369
8009,0.098052
8010,0.047646
8011,0.012918
8012,0
8013,0.035803
8014,0
8015,0.016052
8016,0.0098987
8017,0.015166
8018,0
8019,0
8020,0
8021,0
8022,0
8023,0.049538
8024,0.023855
8025,0.029614
8026,0
8027,0.035724
8028,0.04934
8029,0
8030,0.033698
8031,0.054082
8032,0.0369
8033,0.098052
8034,0.047646
8035,0.012918
8036,0
8037,0.035803
8038,0
8039,0.016052
8040,0.0098987
8041,0.015166
8042,0
8043,0
8044,0
8045,0
8046,0
8047,0.049538
8048,0.023855
8049,0.029614
8050,0
8051,0.035724
8052,0.04934
8053,0
8054,0.033698
8055,0.054082
8056,0.0369
8057,0.098052
8058,0.047646
8059,0.012918
8060,0
8061,0.035803
8062,0
8063,0.016052
8064,0.0098987
8065,0.015166
8066,0
8067,0
8068,0
8069,0
8070,0
8071,0.049538
8072,0.023855
8073,0.029614
8074,0
8075,0.035724
8076,0.04934
8077,0
8078,0.033698
8079,0.054082
8080,0.0369
8081,0.098052
8082,0.047646
8083,0.012918
8084,0
8085,0.035803
8086,0
8087,0.016052
8088,0.0098987
8089,0.015166
8090,0
8091,0
8092,0
8093,0
8094,0
8095,0.049538
8096,0.023855
8097,0.029614
8098,0
8099,0.035724
8100,0.04934
8101,0
8102,0.033698
8103,0.054082
8104,0.0369
8105,0.098052
8106,0.047646
8107,0.012918
8108,0
8109,0.035803
8110,0
8111,0.016052
8112,0.0098987
8113,0.015166
8114,0
8115,0
8116,0
8117,0
8118,0
8119,0.049538
8120,0.023855
8121,0.029614
8122,0
8123,0.035724
8124,0.04934
8125,0
8126,0.033698
8127,0.054082
8128,0.0369
8129,0.098052
8130,0.047646
8131,0.012918
8132,0
8133,0.035803
8134,0
8135,0.016052
8136,0.0098987
8137,0.015166
8138,0
8139,0
8140,0
8141,0
8142,0
8143,0.049538
8144,0.023855
8145,0.029614
8146,0
8147,0.035724
8148,0.04934
8149,0
8150,0.033698
8151,0.054082
8152,0.0369
8153,0.098052
8154,0.047646
8155,0.012918
8156,0
8157,0.035803
8158,0
8159,0.016052
8160,0.0098987
8161,0.015166
8162,0
8163,0
8164,0
8165,0
8166,0
8167,0.049538
8168,0.023855
8169,0.029614
8170,0
8171,0.035724
8172,0.04934
8173,0
8174,0.033698
8175,0.054082
8176,0.0369
8177,0.098052
8178,0.047646
8179,0.012918
8180,0
8181,0.035803
8182,0
8183,0.016052
8184,0.0098987
8185,0.015166
8186,0
8187,0
8188,0
8189,0
8190,0
8191,0.049538
8192,0.023855
8193,0.029614
8194,0
8195,0.035724
8196,0.04934
8197,0
8198,0.033698
8199,0.054082
8200,0.0369
8201,0.098052
8202,0.047646
8203,0.012918
8204,0
8205,0.035803
8206,0
8207,0.016052
8208,0.0098987
8209,0.015166
8210,0
8211,0
8212,0
8213,0
8214,0
8215,0.049538
8216,0.023855
8217,0.029614
8218,0
8219,0.035724
8220,0.04934
8221,0
8222,0.033698
8223,0.054082
8224,0.0369
8225,0.098052
8226,0.047646
8227,0.012918
8228,0
8229,0.035803
8230,0
8231,0.016052
8232,0.0098987
8233,0.015166
8234,0
8235,0
8236,0
8237,0
8238,0
8239,0.049538
8240,0.023855
8241,0.029614
8242,0
8243,0.035724
8244,0.04934
8245,0
8246,0.033698
8247,0.054082
8248,0.0369
8249,0.098052
8250,0.047646
8251,0.012918
8252,0
8253,0.035803
8254,0
8255,0.016052
8256,0.0098987
8257,0.015166
8258,0
8259,0
8260,0
8261,0
8262,0
8263,0.049538
8264,0.023855
8265,0.029614
8266,0
8267,0.035724
8268,0.04934
8269,0
8270,0.033698
8271,0.054082
8272,0.0369
8273,0.098052
8274,0.047646
8275,0.012918
8276,0
8277,0.035803
8278,0
8279,0.016052
8280,0.0098987
8281,0.015166
8282,0
8283,0
8284,0
8285,0
8286,0
8287,0.049538
8288,0.023855
8289,0.029614
8290,0
8291,0.035724
8292,0.04934
8293,0
8294,0.033698
8295,0.054082
8296,0.0369
8297,0.098052
8298,0.047646
8299,0.012918
8300,0
8301,0.035803
8302,0
8303,0.016052
8304,0.0098987
8305,0.015166
8306,0
8307,0
8308,0
8309,0
8310,0
8311,0.049538
8312,0.023855
8313,0.029614
8314,0
8315,0.035724
8316,0.04934
8317,0
8318,0.033698
8319,0.054082
8320,0.0369
8321,0.098052
8322,0.047646
8323,0.012918
8324,0
8325,0.035803
8326,0
8327,0.016052
8328,0.0098987
8329,0.015166
8330,0
8331,0
8332,0
8333,0
8334,0
8335,0.049538
8336,0.023855
8337,0.029614
8338,0
8339,0.035724
8340,0.04934
8341,0
8342,0.033698
8343,0.054082
8344,0.0369
8345,0.098052
8346,0.047646
8347,0.012918
8348,0
8349,0.035803
8350,0
8351,0.016052
8352,0.0098987
8353,0.015166
8354,0
8355,0
8356,0
8357,0
8358,0
8359,0.049538
8360,0.023855
8361,0.029614
8362,0
8363,0.035724
8364,0.04934
8365,0
8366,0.033698
8367,0.054082
8368,0.0369
8369,0.098052
8370,0.047646
8371,0.012918
8372,0
8373,0.035803
8374,0
8375,0.016052
8376,0.0098987
8377,0.015166
8378,0
8379,0
8380,0
8381,0
8382,0
8383,0.049538
8384,0.023855
8385,0.029614
8386,0
8387,0.035724
8388,0.04934
8389,0
8390,0.033698
8391,0.054082
8392,0.0369
8393,0.098052
8394,0.047646
8395,0.012918
8396,0
8397,0.035803
8398,0
8399,0.016052
8400,0.0098987
8401,0.015166
8402,0
8403,0
8404,0
8405,0
8406,0
8407,0.049538
8408,0.023855
8409,0.029614
8410,0
8411,0.035724
8412,0.04934
8413,0
8414,0.033698
8415,0.054082
8416,0.0369
8417,0.098052
8418,0.047646
8419,0.012918
8420,0
8421,0.035803
8422,0
8423,0.016052
8424,0.0098987
8425,0.015166
8426,0
8427,0
8428,0
8429,0
8430,0
8431,0.049538
8432,0.023855
8433,0.029614
8434,0
8435,0.035724
8436,0.04934
8437,0
8438,0.033698
8439,0.054082
8440,0.0369
8441,0.098052
8442,0.047646
8443,0.012918
8444,0
8445,0.035803
8446,0
8447,0.016052
8448,0.0098987
8449,0.015166
8450,0
8451,0
8452,0
8453,0
8454,0
8455,0.049538
8456,0.023855
8457,0.029614
8458,0
8459,0.035724
8460,0.04934
8461,0
8462,0.033698
8463,0.054082
8464,0.0369
8465,0.098052
8466,0.047646
8467,0.012918
8468,0
8469,0.035803
8470,0
8471,0.016052
8472,0.0098987
8473,0.015166
8474,0
8475,0
8476,0
8477,0
8478,0
8479,0.049538
8480,0.023855
8481,0.029614
8482,0
8483,0.035724
8484,0.04934
8485,0
8486,0.033698
8487,0.054082
8488,0.0369
8489,0.098052
8490,0.047646
8491,0.012918
8492,0
8493,0.035803
8494,0
8495,0.016052
8496,0.0098987
8497,0.015166
8498,0
8499,0
8500,0
8501,0
8502,0
8503,0.049538
8504,0.023855
8505,0.029614
8506,0
8507,0.035724
8508,0.04934
8509,0
8510,0.033698
8511,0.054082
8512,0.0369
8513,0.098052
8514,0.047646
8515,0.012918
8516,0
8517,0.035803
8518,0
8519,0.016052
8520,0.0098987
8521,0.015166
8522,0
8523,0
8524,0
8525,0
8526,0
8527,0.049538
8528,0.023855
8529,0.029614
8530,0
8531,0.035724
8532,0.04934
8533,0
8534,0.033698
8535,0.054082
8536,0.0369
8537,0.098052
8538,0.047646
8539,0.012918
8540,0
8541,0.035803
8542,0
8543,0.016052
8544,0.0098987
8545,0.015166
8546,0
8547,0
8548,0
8549,0
8550,0
8551,0.049538
8552,0.023855
8553,0.029614
8554,0
8555,0.035724
8556,0.04934
8557,0
8558,0.033698
8559,0.054082
8560,0.0369
8561,0.098052
8562,0.047646
8563,0.012918
8564,0
8565,0.035803
8566,0
8567,0.016052
8568,0.0098987
8569,0.015166
8570,0
8571,0
8572,0
8573,0
8574,0
8575,0.049538
8576,0.023855
8577,0.029614
8578,0
8579,0.035724
8580,0.04934
8581,0
8582,0.033698
8583,0.054082
8584,0.0369
8585,0.098052
8586,0.047646
8587,0.012918
8588,0
8589,0.035803
8590,0
8591,0.016052
8592,0.0098987
8593,0.015166
8594,0
8595,0
8596,0
8597,0
8598,0
8599,0.049538
8600,0.023855
8601,0.029614
8602,0
8603,0.035724
8604,0.04934
8605,0
8606,0.033698
8607,0.054082
8608,0.0369
8609,0.098052
8610,0.047646
8611,0.012918
8612,0
8613,0.035803
8614,0
8615,0.016052
8616,0.0098987
8617,0.015166
8618,0
8619,0
8620,0
8621,0
8622,0
8623,0.049538
8624,0.023855
8625,0.029614
8626,0
8627,0.035724
8628,0.04934
8629,0
8630,0.033698
8631,0.054082
8632,0.0369
8633,0.098052
8634,0.047646
8635,0.012918
8636,0
8637,0.035803
8638,0
8639,0.016052
8640,0.0098987
8641,0.015166
8642,0
8643,0
8644,0
8645,0
8646,0
8647,0.049538
8648,0.023855
8649,0.029614
8650,0
8651,0.035724
8652,0.04934
8653,0
8654,0.033698
8655,0.054082
8656,0.0369
8657,0.098052
8658,0.047646
8659,0.012918
8660,0
8661,0.035803
8662,0
8663,0.016052
8664,0.0098987
8665,0.015166
8666,0
8667,0
8668,0
8669,0
8670,0
8671,0.049538
8672,0.023855
8673,0.029614
8674,0
8675,0.035724
8676,0.04934
8677,0
8678,0.033698
8679,0.054082
8680,0.0369
8681,0.098052
8682,0.047646
8683,0.012918
8684,0
8685,0.035803
8686,0
8687,0.016052
8688,0.0098987
8689,0.015166
8690,0
8691,0
8692,0
8693,0
8694,0
8695,0.049538
8696,0.023855
8697,0.029614
8698,0
8699,0.035724
8700,0.04934
8701,0
8702,0.033698
8703,0.054082
8704,0.0369
8705,0.098052
8706,0.047646
8707,0.012918
8708,0
8709,0.035803
8710,0
8711,0.016052
8712,0.0098987
8713,0.015166
8714,0
8715,0
8716,0
8717,0
8718,0
8719,0.049538
8720,0.023855
8721,0.029614
8722,0
8723,0.035724
8724,0.04934
8725,0
8726,0.033698
8727,0.054082
8728,0.0369
8729,0.098052
8730,0.047646
8731,0.012918
8732,0
8733,0.035803
8734,0
8735,0.016052
8736,0.0098987
8737,0.015166
8738,0
8739,0
8740,0
8741,0
8742,0
8743,0.049538
8744,0.023855
8745,0.029614
8746,0
8747,0.035724
8748,0.04934
8749,0
8750,0.033698
8751,0.054082
8752,0.0369
8753,0.098052
8754,0.047646
8755,0.012918
8756,0
8757,0.035803
8758,0
8759,0.016052
8760,0.0098987
