Interval,S1CA_23,
1,0.012332
2,0
3,0
4,0
5,0
6,0
7,0
8,0.031077
9,0.012822
10,0.027427
11,0
12,0.010579
13,0
14,0
15,0
16,0
17,0.028807
18,0
19,0.024086
20,0.00064692
21,0
22,0.012261
23,0
24,0
25,0.012332
26,0
27,0
28,0
29,0
30,0
31,0
32,0.031077
33,0.012822
34,0.027427
35,0
36,0.010579
37,0
38,0
39,0
40,0
41,0.028807
42,0
43,0.024086
44,0.00064692
45,0
46,0.012261
47,0
48,0
49,0.012332
50,0
51,0
52,0
53,0
54,0
55,0
56,0.031077
57,0.012822
58,0.027427
59,0
60,0.010579
61,0
62,0
63,0
64,0
65,0.028807
66,0
67,0.024086
68,0.00064692
69,0
70,0.012261
71,0
72,0
73,0.012332
74,0
75,0
76,0
77,0
78,0
79,0
80,0.031077
81,0.012822
82,0.027427
83,0
84,0.010579
85,0
86,0
87,0
88,0
89,0.028807
90,0
91,0.024086
92,0.00064692
93,0
94,0.012261
95,0
96,0
97,0.012332
98,0
99,0
100,0
101,0
102,0
103,0
104,0.031077
105,0.012822
106,0.027427
107,0
108,0.010579
109,0
110,0
111,0
112,0
113,0.028807
114,0
115,0.024086
116,0.00064692
117,0
118,0.012261
119,0
120,0
121,0.012332
122,0
123,0
124,0
125,0
126,0
127,0
128,0.031077
129,0.012822
130,0.027427
131,0
132,0.010579
133,0
134,0
135,0
136,0
137,0.028807
138,0
139,0.024086
140,0.00064692
141,0
142,0.012261
143,0
144,0
145,0.012332
146,0
147,0
148,0
149,0
150,0
151,0
152,0.031077
153,0.012822
154,0.027427
155,0
156,0.010579
157,0
158,0
159,0
160,0
161,0.028807
162,0
163,0.024086
164,0.00064692
165,0
166,0.012261
167,0
168,0
169,0.012332
170,0
171,0
172,0
173,0
174,0
175,0
176,0.031077
177,0.012822
178,0.027427
179,0
180,0.010579
181,0
182,0
183,0
184,0
185,0.028807
186,0
187,0.024086
188,0.00064692
189,0
190,0.012261
191,0
192,0
193,0.012332
194,0
195,0
196,0
197,0
198,0
199,0
200,0.031077
201,0.012822
202,0.027427
203,0
204,0.010579
205,0
206,0
207,0
208,0
209,0.028807
210,0
211,0.024086
212,0.00064692
213,0
214,0.012261
215,0
216,0
217,0.012332
218,0
219,0
220,0
221,0
222,0
223,0
224,0.031077
225,0.012822
226,0.027427
227,0
228,0.010579
229,0
230,0
231,0
232,0
233,0.028807
234,0
235,0.024086
236,0.00064692
237,0
238,0.012261
239,0
240,0
241,0.012332
242,0
243,0
244,0
245,0
246,0
247,0
248,0.031077
249,0.012822
250,0.027427
251,0
252,0.010579
253,0
254,0
255,0
256,0
257,0.028807
258,0
259,0.024086
260,0.00064692
261,0
262,0.012261
263,0
264,0
265,0.012332
266,0
267,0
268,0
269,0
270,0
271,0
272,0.031077
273,0.012822
274,0.027427
275,0
276,0.010579
277,0
278,0
279,0
280,0
281,0.028807
282,0
283,0.024086
284,0.00064692
285,0
286,0.012261
287,0
288,0
289,0.012332
290,0
291,0
292,0
293,0
294,0
295,0
296,0.031077
297,0.012822
298,0.027427
299,0
300,0.010579
301,0
302,0
303,0
304,0
305,0.028807
306,0
307,0.024086
308,0.00064692
309,0
310,0.012261
311,0
312,0
313,0.012332
314,0
315,0
316,0
317,0
318,0
319,0
320,0.031077
321,0.012822
322,0.027427
323,0
324,0.010579
325,0
326,0
327,0
328,0
329,0.028807
330,0
331,0.024086
332,0.00064692
333,0
334,0.012261
335,0
336,0
337,0.012332
338,0
339,0
340,0
341,0
342,0
343,0
344,0.031077
345,0.012822
346,0.027427
347,0
348,0.010579
349,0
350,0
351,0
352,0
353,0.028807
354,0
355,0.024086
356,0.00064692
357,0
358,0.012261
359,0
360,0
361,0.012332
362,0
363,0
364,0
365,0
366,0
367,0
368,0.031077
369,0.012822
370,0.027427
371,0
372,0.010579
373,0
374,0
375,0
376,0
377,0.028807
378,0
379,0.024086
380,0.00064692
381,0
382,0.012261
383,0
384,0
385,0.012332
386,0
387,0
388,0
389,0
390,0
391,0
392,0.031077
393,0.012822
394,0.027427
395,0
396,0.010579
397,0
398,0
399,0
400,0
401,0.028807
402,0
403,0.024086
404,0.00064692
405,0
406,0.012261
407,0
408,0
409,0.012332
410,0
411,0
412,0
413,0
414,0
415,0
416,0.031077
417,0.012822
418,0.027427
419,0
420,0.010579
421,0
422,0
423,0
424,0
425,0.028807
426,0
427,0.024086
428,0.00064692
429,0
430,0.012261
431,0
432,0
433,0.012332
434,0
435,0
436,0
437,0
438,0
439,0
440,0.031077
441,0.012822
442,0.027427
443,0
444,0.010579
445,0
446,0
447,0
448,0
449,0.028807
450,0
451,0.024086
452,0.00064692
453,0
454,0.012261
455,0
456,0
457,0.012332
458,0
459,0
460,0
461,0
462,0
463,0
464,0.031077
465,0.012822
466,0.027427
467,0
468,0.010579
469,0
470,0
471,0
472,0
473,0.028807
474,0
475,0.024086
476,0.00064692
477,0
478,0.012261
479,0
480,0
481,0.012332
482,0
483,0
484,0
485,0
486,0
487,0
488,0.031077
489,0.012822
490,0.027427
491,0
492,0.010579
493,0
494,0
495,0
496,0
497,0.028807
498,0
499,0.024086
500,0.00064692
501,0
502,0.012261
503,0
504,0
505,0.012332
506,0
507,0
508,0
509,0
510,0
511,0
512,0.031077
513,0.012822
514,0.027427
515,0
516,0.010579
517,0
518,0
519,0
520,0
521,0.028807
522,0
523,0.024086
524,0.00064692
525,0
526,0.012261
527,0
528,0
529,0.012332
530,0
531,0
532,0
533,0
534,0
535,0
536,0.031077
537,0.012822
538,0.027427
539,0
540,0.010579
541,0
542,0
543,0
544,0
545,0.028807
546,0
547,0.024086
548,0.00064692
549,0
550,0.012261
551,0
552,0
553,0.012332
554,0
555,0
556,0
557,0
558,0
559,0
560,0.031077
561,0.012822
562,0.027427
563,0
564,0.010579
565,0
566,0
567,0
568,0
569,0.028807
570,0
571,0.024086
572,0.00064692
573,0
574,0.012261
575,0
576,0
577,0.012332
578,0
579,0
580,0
581,0
582,0
583,0
584,0.031077
585,0.012822
586,0.027427
587,0
588,0.010579
589,0
590,0
591,0
592,0
593,0.028807
594,0
595,0.024086
596,0.00064692
597,0
598,0.012261
599,0
600,0
601,0.012332
602,0
603,0
604,0
605,0
606,0
607,0
608,0.031077
609,0.012822
610,0.027427
611,0
612,0.010579
613,0
614,0
615,0
616,0
617,0.028807
618,0
619,0.024086
620,0.00064692
621,0
622,0.012261
623,0
624,0
625,0.012332
626,0
627,0
628,0
629,0
630,0
631,0
632,0.031077
633,0.012822
634,0.027427
635,0
636,0.010579
637,0
638,0
639,0
640,0
641,0.028807
642,0
643,0.024086
644,0.00064692
645,0
646,0.012261
647,0
648,0
649,0.012332
650,0
651,0
652,0
653,0
654,0
655,0
656,0.031077
657,0.012822
658,0.027427
659,0
660,0.010579
661,0
662,0
663,0
664,0
665,0.028807
666,0
667,0.024086
668,0.00064692
669,0
670,0.012261
671,0
672,0
673,0.012332
674,0
675,0
676,0
677,0
678,0
679,0
680,0.031077
681,0.012822
682,0.027427
683,0
684,0.010579
685,0
686,0
687,0
688,0
689,0.028807
690,0
691,0.024086
692,0.00064692
693,0
694,0.012261
695,0
696,0
697,0.012332
698,0
699,0
700,0
701,0
702,0
703,0
704,0.031077
705,0.012822
706,0.027427
707,0
708,0.010579
709,0
710,0
711,0
712,0
713,0.028807
714,0
715,0.024086
716,0.00064692
717,0
718,0.012261
719,0
720,0
721,0.012332
722,0
723,0
724,0
725,0
726,0
727,0
728,0.031077
729,0.012822
730,0.027427
731,0
732,0.010579
733,0
734,0
735,0
736,0
737,0.028807
738,0
739,0.024086
740,0.00064692
741,0
742,0.012261
743,0
744,0
745,0.012332
746,0
747,0
748,0
749,0
750,0
751,0
752,0.031077
753,0.012822
754,0.027427
755,0
756,0.010579
757,0
758,0
759,0
760,0
761,0.028807
762,0
763,0.024086
764,0.00064692
765,0
766,0.012261
767,0
768,0
769,0.012332
770,0
771,0
772,0
773,0
774,0
775,0
776,0.031077
777,0.012822
778,0.027427
779,0
780,0.010579
781,0
782,0
783,0
784,0
785,0.028807
786,0
787,0.024086
788,0.00064692
789,0
790,0.012261
791,0
792,0
793,0.012332
794,0
795,0
796,0
797,0
798,0
799,0
800,0.031077
801,0.012822
802,0.027427
803,0
804,0.010579
805,0
806,0
807,0
808,0
809,0.028807
810,0
811,0.024086
812,0.00064692
813,0
814,0.012261
815,0
816,0
817,0.012332
818,0
819,0
820,0
821,0
822,0
823,0
824,0.031077
825,0.012822
826,0.027427
827,0
828,0.010579
829,0
830,0
831,0
832,0
833,0.028807
834,0
835,0.024086
836,0.00064692
837,0
838,0.012261
839,0
840,0
841,0.012332
842,0
843,0
844,0
845,0
846,0
847,0
848,0.031077
849,0.012822
850,0.027427
851,0
852,0.010579
853,0
854,0
855,0
856,0
857,0.028807
858,0
859,0.024086
860,0.00064692
861,0
862,0.012261
863,0
864,0
865,0.012332
866,0
867,0
868,0
869,0
870,0
871,0
872,0.031077
873,0.012822
874,0.027427
875,0
876,0.010579
877,0
878,0
879,0
880,0
881,0.028807
882,0
883,0.024086
884,0.00064692
885,0
886,0.012261
887,0
888,0
889,0.012332
890,0
891,0
892,0
893,0
894,0
895,0
896,0.031077
897,0.012822
898,0.027427
899,0
900,0.010579
901,0
902,0
903,0
904,0
905,0.028807
906,0
907,0.024086
908,0.00064692
909,0
910,0.012261
911,0
912,0
913,0.012332
914,0
915,0
916,0
917,0
918,0
919,0
920,0.031077
921,0.012822
922,0.027427
923,0
924,0.010579
925,0
926,0
927,0
928,0
929,0.028807
930,0
931,0.024086
932,0.00064692
933,0
934,0.012261
935,0
936,0
937,0.012332
938,0
939,0
940,0
941,0
942,0
943,0
944,0.031077
945,0.012822
946,0.027427
947,0
948,0.010579
949,0
950,0
951,0
952,0
953,0.028807
954,0
955,0.024086
956,0.00064692
957,0
958,0.012261
959,0
960,0
961,0.012332
962,0
963,0
964,0
965,0
966,0
967,0
968,0.031077
969,0.012822
970,0.027427
971,0
972,0.010579
973,0
974,0
975,0
976,0
977,0.028807
978,0
979,0.024086
980,0.00064692
981,0
982,0.012261
983,0
984,0
985,0.012332
986,0
987,0
988,0
989,0
990,0
991,0
992,0.031077
993,0.012822
994,0.027427
995,0
996,0.010579
997,0
998,0
999,0
1000,0
1001,0.028807
1002,0
1003,0.024086
1004,0.00064692
1005,0
1006,0.012261
1007,0
1008,0
1009,0.012332
1010,0
1011,0
1012,0
1013,0
1014,0
1015,0
1016,0.031077
1017,0.012822
1018,0.027427
1019,0
1020,0.010579
1021,0
1022,0
1023,0
1024,0
1025,0.028807
1026,0
1027,0.024086
1028,0.00064692
1029,0
1030,0.012261
1031,0
1032,0
1033,0.012332
1034,0
1035,0
1036,0
1037,0
1038,0
1039,0
1040,0.031077
1041,0.012822
1042,0.027427
1043,0
1044,0.010579
1045,0
1046,0
1047,0
1048,0
1049,0.028807
1050,0
1051,0.024086
1052,0.00064692
1053,0
1054,0.012261
1055,0
1056,0
1057,0.012332
1058,0
1059,0
1060,0
1061,0
1062,0
1063,0
1064,0.031077
1065,0.012822
1066,0.027427
1067,0
1068,0.010579
1069,0
1070,0
1071,0
1072,0
1073,0.028807
1074,0
1075,0.024086
1076,0.00064692
1077,0
1078,0.012261
1079,0
1080,0
1081,0.012332
1082,0
1083,0
1084,0
1085,0
1086,0
1087,0
1088,0.031077
1089,0.012822
1090,0.027427
1091,0
1092,0.010579
1093,0
1094,0
1095,0
1096,0
1097,0.028807
1098,0
1099,0.024086
1100,0.00064692
1101,0
1102,0.012261
1103,0
1104,0
1105,0.012332
1106,0
1107,0
1108,0
1109,0
1110,0
1111,0
1112,0.031077
1113,0.012822
1114,0.027427
1115,0
1116,0.010579
1117,0
1118,0
1119,0
1120,0
1121,0.028807
1122,0
1123,0.024086
1124,0.00064692
1125,0
1126,0.012261
1127,0
1128,0
1129,0.012332
1130,0
1131,0
1132,0
1133,0
1134,0
1135,0
1136,0.031077
1137,0.012822
1138,0.027427
1139,0
1140,0.010579
1141,0
1142,0
1143,0
1144,0
1145,0.028807
1146,0
1147,0.024086
1148,0.00064692
1149,0
1150,0.012261
1151,0
1152,0
1153,0.012332
1154,0
1155,0
1156,0
1157,0
1158,0
1159,0
1160,0.031077
1161,0.012822
1162,0.027427
1163,0
1164,0.010579
1165,0
1166,0
1167,0
1168,0
1169,0.028807
1170,0
1171,0.024086
1172,0.00064692
1173,0
1174,0.012261
1175,0
1176,0
1177,0.012332
1178,0
1179,0
1180,0
1181,0
1182,0
1183,0
1184,0.031077
1185,0.012822
1186,0.027427
1187,0
1188,0.010579
1189,0
1190,0
1191,0
1192,0
1193,0.028807
1194,0
1195,0.024086
1196,0.00064692
1197,0
1198,0.012261
1199,0
1200,0
1201,0.012332
1202,0
1203,0
1204,0
1205,0
1206,0
1207,0
1208,0.031077
1209,0.012822
1210,0.027427
1211,0
1212,0.010579
1213,0
1214,0
1215,0
1216,0
1217,0.028807
1218,0
1219,0.024086
1220,0.00064692
1221,0
1222,0.012261
1223,0
1224,0
1225,0.012332
1226,0
1227,0
1228,0
1229,0
1230,0
1231,0
1232,0.031077
1233,0.012822
1234,0.027427
1235,0
1236,0.010579
1237,0
1238,0
1239,0
1240,0
1241,0.028807
1242,0
1243,0.024086
1244,0.00064692
1245,0
1246,0.012261
1247,0
1248,0
1249,0.012332
1250,0
1251,0
1252,0
1253,0
1254,0
1255,0
1256,0.031077
1257,0.012822
1258,0.027427
1259,0
1260,0.010579
1261,0
1262,0
1263,0
1264,0
1265,0.028807
1266,0
1267,0.024086
1268,0.00064692
1269,0
1270,0.012261
1271,0
1272,0
1273,0.012332
1274,0
1275,0
1276,0
1277,0
1278,0
1279,0
1280,0.031077
1281,0.012822
1282,0.027427
1283,0
1284,0.010579
1285,0
1286,0
1287,0
1288,0
1289,0.028807
1290,0
1291,0.024086
1292,0.00064692
1293,0
1294,0.012261
1295,0
1296,0
1297,0.012332
1298,0
1299,0
1300,0
1301,0
1302,0
1303,0
1304,0.031077
1305,0.012822
1306,0.027427
1307,0
1308,0.010579
1309,0
1310,0
1311,0
1312,0
1313,0.028807
1314,0
1315,0.024086
1316,0.00064692
1317,0
1318,0.012261
1319,0
1320,0
1321,0.012332
1322,0
1323,0
1324,0
1325,0
1326,0
1327,0
1328,0.031077
1329,0.012822
1330,0.027427
1331,0
1332,0.010579
1333,0
1334,0
1335,0
1336,0
1337,0.028807
1338,0
1339,0.024086
1340,0.00064692
1341,0
1342,0.012261
1343,0
1344,0
1345,0.012332
1346,0
1347,0
1348,0
1349,0
1350,0
1351,0
1352,0.031077
1353,0.012822
1354,0.027427
1355,0
1356,0.010579
1357,0
1358,0
1359,0
1360,0
1361,0.028807
1362,0
1363,0.024086
1364,0.00064692
1365,0
1366,0.012261
1367,0
1368,0
1369,0.012332
1370,0
1371,0
1372,0
1373,0
1374,0
1375,0
1376,0.031077
1377,0.012822
1378,0.027427
1379,0
1380,0.010579
1381,0
1382,0
1383,0
1384,0
1385,0.028807
1386,0
1387,0.024086
1388,0.00064692
1389,0
1390,0.012261
1391,0
1392,0
1393,0.012332
1394,0
1395,0
1396,0
1397,0
1398,0
1399,0
1400,0.031077
1401,0.012822
1402,0.027427
1403,0
1404,0.010579
1405,0
1406,0
1407,0
1408,0
1409,0.028807
1410,0
1411,0.024086
1412,0.00064692
1413,0
1414,0.012261
1415,0
1416,0
1417,0.012332
1418,0
1419,0
1420,0
1421,0
1422,0
1423,0
1424,0.031077
1425,0.012822
1426,0.027427
1427,0
1428,0.010579
1429,0
1430,0
1431,0
1432,0
1433,0.028807
1434,0
1435,0.024086
1436,0.00064692
1437,0
1438,0.012261
1439,0
1440,0
1441,0.012332
1442,0
1443,0
1444,0
1445,0
1446,0
1447,0
1448,0.031077
1449,0.012822
1450,0.027427
1451,0
1452,0.010579
1453,0
1454,0
1455,0
1456,0
1457,0.028807
1458,0
1459,0.024086
1460,0.00064692
1461,0
1462,0.012261
1463,0
1464,0
1465,0.012332
1466,0
1467,0
1468,0
1469,0
1470,0
1471,0
1472,0.031077
1473,0.012822
1474,0.027427
1475,0
1476,0.010579
1477,0
1478,0
1479,0
1480,0
1481,0.028807
1482,0
1483,0.024086
1484,0.00064692
1485,0
1486,0.012261
1487,0
1488,0
1489,0.012332
1490,0
1491,0
1492,0
1493,0
1494,0
1495,0
1496,0.031077
1497,0.012822
1498,0.027427
1499,0
1500,0.010579
1501,0
1502,0
1503,0
1504,0
1505,0.028807
1506,0
1507,0.024086
1508,0.00064692
1509,0
1510,0.012261
1511,0
1512,0
1513,0.012332
1514,0
1515,0
1516,0
1517,0
1518,0
1519,0
1520,0.031077
1521,0.012822
1522,0.027427
1523,0
1524,0.010579
1525,0
1526,0
1527,0
1528,0
1529,0.028807
1530,0
1531,0.024086
1532,0.00064692
1533,0
1534,0.012261
1535,0
1536,0
1537,0.012332
1538,0
1539,0
1540,0
1541,0
1542,0
1543,0
1544,0.031077
1545,0.012822
1546,0.027427
1547,0
1548,0.010579
1549,0
1550,0
1551,0
1552,0
1553,0.028807
1554,0
1555,0.024086
1556,0.00064692
1557,0
1558,0.012261
1559,0
1560,0
1561,0.012332
1562,0
1563,0
1564,0
1565,0
1566,0
1567,0
1568,0.031077
1569,0.012822
1570,0.027427
1571,0
1572,0.010579
1573,0
1574,0
1575,0
1576,0
1577,0.028807
1578,0
1579,0.024086
1580,0.00064692
1581,0
1582,0.012261
1583,0
1584,0
1585,0.012332
1586,0
1587,0
1588,0
1589,0
1590,0
1591,0
1592,0.031077
1593,0.012822
1594,0.027427
1595,0
1596,0.010579
1597,0
1598,0
1599,0
1600,0
1601,0.028807
1602,0
1603,0.024086
1604,0.00064692
1605,0
1606,0.012261
1607,0
1608,0
1609,0.012332
1610,0
1611,0
1612,0
1613,0
1614,0
1615,0
1616,0.031077
1617,0.012822
1618,0.027427
1619,0
1620,0.010579
1621,0
1622,0
1623,0
1624,0
1625,0.028807
1626,0
1627,0.024086
1628,0.00064692
1629,0
1630,0.012261
1631,0
1632,0
1633,0.012332
1634,0
1635,0
1636,0
1637,0
1638,0
1639,0
1640,0.031077
1641,0.012822
1642,0.027427
1643,0
1644,0.010579
1645,0
1646,0
1647,0
1648,0
1649,0.028807
1650,0
1651,0.024086
1652,0.00064692
1653,0
1654,0.012261
1655,0
1656,0
1657,0.012332
1658,0
1659,0
1660,0
1661,0
1662,0
1663,0
1664,0.031077
1665,0.012822
1666,0.027427
1667,0
1668,0.010579
1669,0
1670,0
1671,0
1672,0
1673,0.028807
1674,0
1675,0.024086
1676,0.00064692
1677,0
1678,0.012261
1679,0
1680,0
1681,0.012332
1682,0
1683,0
1684,0
1685,0
1686,0
1687,0
1688,0.031077
1689,0.012822
1690,0.027427
1691,0
1692,0.010579
1693,0
1694,0
1695,0
1696,0
1697,0.028807
1698,0
1699,0.024086
1700,0.00064692
1701,0
1702,0.012261
1703,0
1704,0
1705,0.012332
1706,0
1707,0
1708,0
1709,0
1710,0
1711,0
1712,0.031077
1713,0.012822
1714,0.027427
1715,0
1716,0.010579
1717,0
1718,0
1719,0
1720,0
1721,0.028807
1722,0
1723,0.024086
1724,0.00064692
1725,0
1726,0.012261
1727,0
1728,0
1729,0.012332
1730,0
1731,0
1732,0
1733,0
1734,0
1735,0
1736,0.031077
1737,0.012822
1738,0.027427
1739,0
1740,0.010579
1741,0
1742,0
1743,0
1744,0
1745,0.028807
1746,0
1747,0.024086
1748,0.00064692
1749,0
1750,0.012261
1751,0
1752,0
1753,0.012332
1754,0
1755,0
1756,0
1757,0
1758,0
1759,0
1760,0.031077
1761,0.012822
1762,0.027427
1763,0
1764,0.010579
1765,0
1766,0
1767,0
1768,0
1769,0.028807
1770,0
1771,0.024086
1772,0.00064692
1773,0
1774,0.012261
1775,0
1776,0
1777,0.012332
1778,0
1779,0
1780,0
1781,0
1782,0
1783,0
1784,0.031077
1785,0.012822
1786,0.027427
1787,0
1788,0.010579
1789,0
1790,0
1791,0
1792,0
1793,0.028807
1794,0
1795,0.024086
1796,0.00064692
1797,0
1798,0.012261
1799,0
1800,0
1801,0.012332
1802,0
1803,0
1804,0
1805,0
1806,0
1807,0
1808,0.031077
1809,0.012822
1810,0.027427
1811,0
1812,0.010579
1813,0
1814,0
1815,0
1816,0
1817,0.028807
1818,0
1819,0.024086
1820,0.00064692
1821,0
1822,0.012261
1823,0
1824,0
1825,0.012332
1826,0
1827,0
1828,0
1829,0
1830,0
1831,0
1832,0.031077
1833,0.012822
1834,0.027427
1835,0
1836,0.010579
1837,0
1838,0
1839,0
1840,0
1841,0.028807
1842,0
1843,0.024086
1844,0.00064692
1845,0
1846,0.012261
1847,0
1848,0
1849,0.012332
1850,0
1851,0
1852,0
1853,0
1854,0
1855,0
1856,0.031077
1857,0.012822
1858,0.027427
1859,0
1860,0.010579
1861,0
1862,0
1863,0
1864,0
1865,0.028807
1866,0
1867,0.024086
1868,0.00064692
1869,0
1870,0.012261
1871,0
1872,0
1873,0.012332
1874,0
1875,0
1876,0
1877,0
1878,0
1879,0
1880,0.031077
1881,0.012822
1882,0.027427
1883,0
1884,0.010579
1885,0
1886,0
1887,0
1888,0
1889,0.028807
1890,0
1891,0.024086
1892,0.00064692
1893,0
1894,0.012261
1895,0
1896,0
1897,0.012332
1898,0
1899,0
1900,0
1901,0
1902,0
1903,0
1904,0.031077
1905,0.012822
1906,0.027427
1907,0
1908,0.010579
1909,0
1910,0
1911,0
1912,0
1913,0.028807
1914,0
1915,0.024086
1916,0.00064692
1917,0
1918,0.012261
1919,0
1920,0
1921,0.012332
1922,0
1923,0
1924,0
1925,0
1926,0
1927,0
1928,0.031077
1929,0.012822
1930,0.027427
1931,0
1932,0.010579
1933,0
1934,0
1935,0
1936,0
1937,0.028807
1938,0
1939,0.024086
1940,0.00064692
1941,0
1942,0.012261
1943,0
1944,0
1945,0.012332
1946,0
1947,0
1948,0
1949,0
1950,0
1951,0
1952,0.031077
1953,0.012822
1954,0.027427
1955,0
1956,0.010579
1957,0
1958,0
1959,0
1960,0
1961,0.028807
1962,0
1963,0.024086
1964,0.00064692
1965,0
1966,0.012261
1967,0
1968,0
1969,0.012332
1970,0
1971,0
1972,0
1973,0
1974,0
1975,0
1976,0.031077
1977,0.012822
1978,0.027427
1979,0
1980,0.010579
1981,0
1982,0
1983,0
1984,0
1985,0.028807
1986,0
1987,0.024086
1988,0.00064692
1989,0
1990,0.012261
1991,0
1992,0
1993,0.012332
1994,0
1995,0
1996,0
1997,0
1998,0
1999,0
2000,0.031077
2001,0.012822
2002,0.027427
2003,0
2004,0.010579
2005,0
2006,0
2007,0
2008,0
2009,0.028807
2010,0
2011,0.024086
2012,0.00064692
2013,0
2014,0.012261
2015,0
2016,0
2017,0.012332
2018,0
2019,0
2020,0
2021,0
2022,0
2023,0
2024,0.031077
2025,0.012822
2026,0.027427
2027,0
2028,0.010579
2029,0
2030,0
2031,0
2032,0
2033,0.028807
2034,0
2035,0.024086
2036,0.00064692
2037,0
2038,0.012261
2039,0
2040,0
2041,0.012332
2042,0
2043,0
2044,0
2045,0
2046,0
2047,0
2048,0.031077
2049,0.012822
2050,0.027427
2051,0
2052,0.010579
2053,0
2054,0
2055,0
2056,0
2057,0.028807
2058,0
2059,0.024086
2060,0.00064692
2061,0
2062,0.012261
2063,0
2064,0
2065,0.012332
2066,0
2067,0
2068,0
2069,0
2070,0
2071,0
2072,0.031077
2073,0.012822
2074,0.027427
2075,0
2076,0.010579
2077,0
2078,0
2079,0
2080,0
2081,0.028807
2082,0
2083,0.024086
2084,0.00064692
2085,0
2086,0.012261
2087,0
2088,0
2089,0.012332
2090,0
2091,0
2092,0
2093,0
2094,0
2095,0
2096,0.031077
2097,0.012822
2098,0.027427
2099,0
2100,0.010579
2101,0
2102,0
2103,0
2104,0
2105,0.028807
2106,0
2107,0.024086
2108,0.00064692
2109,0
2110,0.012261
2111,0
2112,0
2113,0.012332
2114,0
2115,0
2116,0
2117,0
2118,0
2119,0
2120,0.031077
2121,0.012822
2122,0.027427
2123,0
2124,0.010579
2125,0
2126,0
2127,0
2128,0
2129,0.028807
2130,0
2131,0.024086
2132,0.00064692
2133,0
2134,0.012261
2135,0
2136,0
2137,0.012332
2138,0
2139,0
2140,0
2141,0
2142,0
2143,0
2144,0.031077
2145,0.012822
2146,0.027427
2147,0
2148,0.010579
2149,0
2150,0
2151,0
2152,0
2153,0.028807
2154,0
2155,0.024086
2156,0.00064692
2157,0
2158,0.012261
2159,0
2160,0
2161,0.012332
2162,0
2163,0
2164,0
2165,0
2166,0
2167,0
2168,0.031077
2169,0.012822
2170,0.027427
2171,0
2172,0.010579
2173,0
2174,0
2175,0
2176,0
2177,0.028807
2178,0
2179,0.024086
2180,0.00064692
2181,0
2182,0.012261
2183,0
2184,0
2185,0.012332
2186,0
2187,0
2188,0
2189,0
2190,0
2191,0
2192,0.031077
2193,0.012822
2194,0.027427
2195,0
2196,0.010579
2197,0
2198,0
2199,0
2200,0
2201,0.028807
2202,0
2203,0.024086
2204,0.00064692
2205,0
2206,0.012261
2207,0
2208,0
2209,0.012332
2210,0
2211,0
2212,0
2213,0
2214,0
2215,0
2216,0.031077
2217,0.012822
2218,0.027427
2219,0
2220,0.010579
2221,0
2222,0
2223,0
2224,0
2225,0.028807
2226,0
2227,0.024086
2228,0.00064692
2229,0
2230,0.012261
2231,0
2232,0
2233,0.012332
2234,0
2235,0
2236,0
2237,0
2238,0
2239,0
2240,0.031077
2241,0.012822
2242,0.027427
2243,0
2244,0.010579
2245,0
2246,0
2247,0
2248,0
2249,0.028807
2250,0
2251,0.024086
2252,0.00064692
2253,0
2254,0.012261
2255,0
2256,0
2257,0.012332
2258,0
2259,0
2260,0
2261,0
2262,0
2263,0
2264,0.031077
2265,0.012822
2266,0.027427
2267,0
2268,0.010579
2269,0
2270,0
2271,0
2272,0
2273,0.028807
2274,0
2275,0.024086
2276,0.00064692
2277,0
2278,0.012261
2279,0
2280,0
2281,0.012332
2282,0
2283,0
2284,0
2285,0
2286,0
2287,0
2288,0.031077
2289,0.012822
2290,0.027427
2291,0
2292,0.010579
2293,0
2294,0
2295,0
2296,0
2297,0.028807
2298,0
2299,0.024086
2300,0.00064692
2301,0
2302,0.012261
2303,0
2304,0
2305,0.012332
2306,0
2307,0
2308,0
2309,0
2310,0
2311,0
2312,0.031077
2313,0.012822
2314,0.027427
2315,0
2316,0.010579
2317,0
2318,0
2319,0
2320,0
2321,0.028807
2322,0
2323,0.024086
2324,0.00064692
2325,0
2326,0.012261
2327,0
2328,0
2329,0.012332
2330,0
2331,0
2332,0
2333,0
2334,0
2335,0
2336,0.031077
2337,0.012822
2338,0.027427
2339,0
2340,0.010579
2341,0
2342,0
2343,0
2344,0
2345,0.028807
2346,0
2347,0.024086
2348,0.00064692
2349,0
2350,0.012261
2351,0
2352,0
2353,0.012332
2354,0
2355,0
2356,0
2357,0
2358,0
2359,0
2360,0.031077
2361,0.012822
2362,0.027427
2363,0
2364,0.010579
2365,0
2366,0
2367,0
2368,0
2369,0.028807
2370,0
2371,0.024086
2372,0.00064692
2373,0
2374,0.012261
2375,0
2376,0
2377,0.012332
2378,0
2379,0
2380,0
2381,0
2382,0
2383,0
2384,0.031077
2385,0.012822
2386,0.027427
2387,0
2388,0.010579
2389,0
2390,0
2391,0
2392,0
2393,0.028807
2394,0
2395,0.024086
2396,0.00064692
2397,0
2398,0.012261
2399,0
2400,0
2401,0.012332
2402,0
2403,0
2404,0
2405,0
2406,0
2407,0
2408,0.031077
2409,0.012822
2410,0.027427
2411,0
2412,0.010579
2413,0
2414,0
2415,0
2416,0
2417,0.028807
2418,0
2419,0.024086
2420,0.00064692
2421,0
2422,0.012261
2423,0
2424,0
2425,0.012332
2426,0
2427,0
2428,0
2429,0
2430,0
2431,0
2432,0.031077
2433,0.012822
2434,0.027427
2435,0
2436,0.010579
2437,0
2438,0
2439,0
2440,0
2441,0.028807
2442,0
2443,0.024086
2444,0.00064692
2445,0
2446,0.012261
2447,0
2448,0
2449,0.012332
2450,0
2451,0
2452,0
2453,0
2454,0
2455,0
2456,0.031077
2457,0.012822
2458,0.027427
2459,0
2460,0.010579
2461,0
2462,0
2463,0
2464,0
2465,0.028807
2466,0
2467,0.024086
2468,0.00064692
2469,0
2470,0.012261
2471,0
2472,0
2473,0.012332
2474,0
2475,0
2476,0
2477,0
2478,0
2479,0
2480,0.031077
2481,0.012822
2482,0.027427
2483,0
2484,0.010579
2485,0
2486,0
2487,0
2488,0
2489,0.028807
2490,0
2491,0.024086
2492,0.00064692
2493,0
2494,0.012261
2495,0
2496,0
2497,0.012332
2498,0
2499,0
2500,0
2501,0
2502,0
2503,0
2504,0.031077
2505,0.012822
2506,0.027427
2507,0
2508,0.010579
2509,0
2510,0
2511,0
2512,0
2513,0.028807
2514,0
2515,0.024086
2516,0.00064692
2517,0
2518,0.012261
2519,0
2520,0
2521,0.012332
2522,0
2523,0
2524,0
2525,0
2526,0
2527,0
2528,0.031077
2529,0.012822
2530,0.027427
2531,0
2532,0.010579
2533,0
2534,0
2535,0
2536,0
2537,0.028807
2538,0
2539,0.024086
2540,0.00064692
2541,0
2542,0.012261
2543,0
2544,0
2545,0.012332
2546,0
2547,0
2548,0
2549,0
2550,0
2551,0
2552,0.031077
2553,0.012822
2554,0.027427
2555,0
2556,0.010579
2557,0
2558,0
2559,0
2560,0
2561,0.028807
2562,0
2563,0.024086
2564,0.00064692
2565,0
2566,0.012261
2567,0
2568,0
2569,0.012332
2570,0
2571,0
2572,0
2573,0
2574,0
2575,0
2576,0.031077
2577,0.012822
2578,0.027427
2579,0
2580,0.010579
2581,0
2582,0
2583,0
2584,0
2585,0.028807
2586,0
2587,0.024086
2588,0.00064692
2589,0
2590,0.012261
2591,0
2592,0
2593,0.012332
2594,0
2595,0
2596,0
2597,0
2598,0
2599,0
2600,0.031077
2601,0.012822
2602,0.027427
2603,0
2604,0.010579
2605,0
2606,0
2607,0
2608,0
2609,0.028807
2610,0
2611,0.024086
2612,0.00064692
2613,0
2614,0.012261
2615,0
2616,0
2617,0.012332
2618,0
2619,0
2620,0
2621,0
2622,0
2623,0
2624,0.031077
2625,0.012822
2626,0.027427
2627,0
2628,0.010579
2629,0
2630,0
2631,0
2632,0
2633,0.028807
2634,0
2635,0.024086
2636,0.00064692
2637,0
2638,0.012261
2639,0
2640,0
2641,0.012332
2642,0
2643,0
2644,0
2645,0
2646,0
2647,0
2648,0.031077
2649,0.012822
2650,0.027427
2651,0
2652,0.010579
2653,0
2654,0
2655,0
2656,0
2657,0.028807
2658,0
2659,0.024086
2660,0.00064692
2661,0
2662,0.012261
2663,0
2664,0
2665,0.012332
2666,0
2667,0
2668,0
2669,0
2670,0
2671,0
2672,0.031077
2673,0.012822
2674,0.027427
2675,0
2676,0.010579
2677,0
2678,0
2679,0
2680,0
2681,0.028807
2682,0
2683,0.024086
2684,0.00064692
2685,0
2686,0.012261
2687,0
2688,0
2689,0.012332
2690,0
2691,0
2692,0
2693,0
2694,0
2695,0
2696,0.031077
2697,0.012822
2698,0.027427
2699,0
2700,0.010579
2701,0
2702,0
2703,0
2704,0
2705,0.028807
2706,0
2707,0.024086
2708,0.00064692
2709,0
2710,0.012261
2711,0
2712,0
2713,0.012332
2714,0
2715,0
2716,0
2717,0
2718,0
2719,0
2720,0.031077
2721,0.012822
2722,0.027427
2723,0
2724,0.010579
2725,0
2726,0
2727,0
2728,0
2729,0.028807
2730,0
2731,0.024086
2732,0.00064692
2733,0
2734,0.012261
2735,0
2736,0
2737,0.012332
2738,0
2739,0
2740,0
2741,0
2742,0
2743,0
2744,0.031077
2745,0.012822
2746,0.027427
2747,0
2748,0.010579
2749,0
2750,0
2751,0
2752,0
2753,0.028807
2754,0
2755,0.024086
2756,0.00064692
2757,0
2758,0.012261
2759,0
2760,0
2761,0.012332
2762,0
2763,0
2764,0
2765,0
2766,0
2767,0
2768,0.031077
2769,0.012822
2770,0.027427
2771,0
2772,0.010579
2773,0
2774,0
2775,0
2776,0
2777,0.028807
2778,0
2779,0.024086
2780,0.00064692
2781,0
2782,0.012261
2783,0
2784,0
2785,0.012332
2786,0
2787,0
2788,0
2789,0
2790,0
2791,0
2792,0.031077
2793,0.012822
2794,0.027427
2795,0
2796,0.010579
2797,0
2798,0
2799,0
2800,0
2801,0.028807
2802,0
2803,0.024086
2804,0.00064692
2805,0
2806,0.012261
2807,0
2808,0
2809,0.012332
2810,0
2811,0
2812,0
2813,0
2814,0
2815,0
2816,0.031077
2817,0.012822
2818,0.027427
2819,0
2820,0.010579
2821,0
2822,0
2823,0
2824,0
2825,0.028807
2826,0
2827,0.024086
2828,0.00064692
2829,0
2830,0.012261
2831,0
2832,0
2833,0.012332
2834,0
2835,0
2836,0
2837,0
2838,0
2839,0
2840,0.031077
2841,0.012822
2842,0.027427
2843,0
2844,0.010579
2845,0
2846,0
2847,0
2848,0
2849,0.028807
2850,0
2851,0.024086
2852,0.00064692
2853,0
2854,0.012261
2855,0
2856,0
2857,0.012332
2858,0
2859,0
2860,0
2861,0
2862,0
2863,0
2864,0.031077
2865,0.012822
2866,0.027427
2867,0
2868,0.010579
2869,0
2870,0
2871,0
2872,0
2873,0.028807
2874,0
2875,0.024086
2876,0.00064692
2877,0
2878,0.012261
2879,0
2880,0
2881,0.012332
2882,0
2883,0
2884,0
2885,0
2886,0
2887,0
2888,0.031077
2889,0.012822
2890,0.027427
2891,0
2892,0.010579
2893,0
2894,0
2895,0
2896,0
2897,0.028807
2898,0
2899,0.024086
2900,0.00064692
2901,0
2902,0.012261
2903,0
2904,0
2905,0.012332
2906,0
2907,0
2908,0
2909,0
2910,0
2911,0
2912,0.031077
2913,0.012822
2914,0.027427
2915,0
2916,0.010579
2917,0
2918,0
2919,0
2920,0
2921,0.028807
2922,0
2923,0.024086
2924,0.00064692
2925,0
2926,0.012261
2927,0
2928,0
2929,0.012332
2930,0
2931,0
2932,0
2933,0
2934,0
2935,0
2936,0.031077
2937,0.012822
2938,0.027427
2939,0
2940,0.010579
2941,0
2942,0
2943,0
2944,0
2945,0.028807
2946,0
2947,0.024086
2948,0.00064692
2949,0
2950,0.012261
2951,0
2952,0
2953,0.012332
2954,0
2955,0
2956,0
2957,0
2958,0
2959,0
2960,0.031077
2961,0.012822
2962,0.027427
2963,0
2964,0.010579
2965,0
2966,0
2967,0
2968,0
2969,0.028807
2970,0
2971,0.024086
2972,0.00064692
2973,0
2974,0.012261
2975,0
2976,0
2977,0.012332
2978,0
2979,0
2980,0
2981,0
2982,0
2983,0
2984,0.031077
2985,0.012822
2986,0.027427
2987,0
2988,0.010579
2989,0
2990,0
2991,0
2992,0
2993,0.028807
2994,0
2995,0.024086
2996,0.00064692
2997,0
2998,0.012261
2999,0
3000,0
3001,0.012332
3002,0
3003,0
3004,0
3005,0
3006,0
3007,0
3008,0.031077
3009,0.012822
3010,0.027427
3011,0
3012,0.010579
3013,0
3014,0
3015,0
3016,0
3017,0.028807
3018,0
3019,0.024086
3020,0.00064692
3021,0
3022,0.012261
3023,0
3024,0
3025,0.012332
3026,0
3027,0
3028,0
3029,0
3030,0
3031,0
3032,0.031077
3033,0.012822
3034,0.027427
3035,0
3036,0.010579
3037,0
3038,0
3039,0
3040,0
3041,0.028807
3042,0
3043,0.024086
3044,0.00064692
3045,0
3046,0.012261
3047,0
3048,0
3049,0.012332
3050,0
3051,0
3052,0
3053,0
3054,0
3055,0
3056,0.031077
3057,0.012822
3058,0.027427
3059,0
3060,0.010579
3061,0
3062,0
3063,0
3064,0
3065,0.028807
3066,0
3067,0.024086
3068,0.00064692
3069,0
3070,0.012261
3071,0
3072,0
3073,0.012332
3074,0
3075,0
3076,0
3077,0
3078,0
3079,0
3080,0.031077
3081,0.012822
3082,0.027427
3083,0
3084,0.010579
3085,0
3086,0
3087,0
3088,0
3089,0.028807
3090,0
3091,0.024086
3092,0.00064692
3093,0
3094,0.012261
3095,0
3096,0
3097,0.012332
3098,0
3099,0
3100,0
3101,0
3102,0
3103,0
3104,0.031077
3105,0.012822
3106,0.027427
3107,0
3108,0.010579
3109,0
3110,0
3111,0
3112,0
3113,0.028807
3114,0
3115,0.024086
3116,0.00064692
3117,0
3118,0.012261
3119,0
3120,0
3121,0.012332
3122,0
3123,0
3124,0
3125,0
3126,0
3127,0
3128,0.031077
3129,0.012822
3130,0.027427
3131,0
3132,0.010579
3133,0
3134,0
3135,0
3136,0
3137,0.028807
3138,0
3139,0.024086
3140,0.00064692
3141,0
3142,0.012261
3143,0
3144,0
3145,0.012332
3146,0
3147,0
3148,0
3149,0
3150,0
3151,0
3152,0.031077
3153,0.012822
3154,0.027427
3155,0
3156,0.010579
3157,0
3158,0
3159,0
3160,0
3161,0.028807
3162,0
3163,0.024086
3164,0.00064692
3165,0
3166,0.012261
3167,0
3168,0
3169,0.012332
3170,0
3171,0
3172,0
3173,0
3174,0
3175,0
3176,0.031077
3177,0.012822
3178,0.027427
3179,0
3180,0.010579
3181,0
3182,0
3183,0
3184,0
3185,0.028807
3186,0
3187,0.024086
3188,0.00064692
3189,0
3190,0.012261
3191,0
3192,0
3193,0.012332
3194,0
3195,0
3196,0
3197,0
3198,0
3199,0
3200,0.031077
3201,0.012822
3202,0.027427
3203,0
3204,0.010579
3205,0
3206,0
3207,0
3208,0
3209,0.028807
3210,0
3211,0.024086
3212,0.00064692
3213,0
3214,0.012261
3215,0
3216,0
3217,0.012332
3218,0
3219,0
3220,0
3221,0
3222,0
3223,0
3224,0.031077
3225,0.012822
3226,0.027427
3227,0
3228,0.010579
3229,0
3230,0
3231,0
3232,0
3233,0.028807
3234,0
3235,0.024086
3236,0.00064692
3237,0
3238,0.012261
3239,0
3240,0
3241,0.012332
3242,0
3243,0
3244,0
3245,0
3246,0
3247,0
3248,0.031077
3249,0.012822
3250,0.027427
3251,0
3252,0.010579
3253,0
3254,0
3255,0
3256,0
3257,0.028807
3258,0
3259,0.024086
3260,0.00064692
3261,0
3262,0.012261
3263,0
3264,0
3265,0.012332
3266,0
3267,0
3268,0
3269,0
3270,0
3271,0
3272,0.031077
3273,0.012822
3274,0.027427
3275,0
3276,0.010579
3277,0
3278,0
3279,0
3280,0
3281,0.028807
3282,0
3283,0.024086
3284,0.00064692
3285,0
3286,0.012261
3287,0
3288,0
3289,0.012332
3290,0
3291,0
3292,0
3293,0
3294,0
3295,0
3296,0.031077
3297,0.012822
3298,0.027427
3299,0
3300,0.010579
3301,0
3302,0
3303,0
3304,0
3305,0.028807
3306,0
3307,0.024086
3308,0.00064692
3309,0
3310,0.012261
3311,0
3312,0
3313,0.012332
3314,0
3315,0
3316,0
3317,0
3318,0
3319,0
3320,0.031077
3321,0.012822
3322,0.027427
3323,0
3324,0.010579
3325,0
3326,0
3327,0
3328,0
3329,0.028807
3330,0
3331,0.024086
3332,0.00064692
3333,0
3334,0.012261
3335,0
3336,0
3337,0.012332
3338,0
3339,0
3340,0
3341,0
3342,0
3343,0
3344,0.031077
3345,0.012822
3346,0.027427
3347,0
3348,0.010579
3349,0
3350,0
3351,0
3352,0
3353,0.028807
3354,0
3355,0.024086
3356,0.00064692
3357,0
3358,0.012261
3359,0
3360,0
3361,0.012332
3362,0
3363,0
3364,0
3365,0
3366,0
3367,0
3368,0.031077
3369,0.012822
3370,0.027427
3371,0
3372,0.010579
3373,0
3374,0
3375,0
3376,0
3377,0.028807
3378,0
3379,0.024086
3380,0.00064692
3381,0
3382,0.012261
3383,0
3384,0
3385,0.012332
3386,0
3387,0
3388,0
3389,0
3390,0
3391,0
3392,0.031077
3393,0.012822
3394,0.027427
3395,0
3396,0.010579
3397,0
3398,0
3399,0
3400,0
3401,0.028807
3402,0
3403,0.024086
3404,0.00064692
3405,0
3406,0.012261
3407,0
3408,0
3409,0.012332
3410,0
3411,0
3412,0
3413,0
3414,0
3415,0
3416,0.031077
3417,0.012822
3418,0.027427
3419,0
3420,0.010579
3421,0
3422,0
3423,0
3424,0
3425,0.028807
3426,0
3427,0.024086
3428,0.00064692
3429,0
3430,0.012261
3431,0
3432,0
3433,0.012332
3434,0
3435,0
3436,0
3437,0
3438,0
3439,0
3440,0.031077
3441,0.012822
3442,0.027427
3443,0
3444,0.010579
3445,0
3446,0
3447,0
3448,0
3449,0.028807
3450,0
3451,0.024086
3452,0.00064692
3453,0
3454,0.012261
3455,0
3456,0
3457,0.012332
3458,0
3459,0
3460,0
3461,0
3462,0
3463,0
3464,0.031077
3465,0.012822
3466,0.027427
3467,0
3468,0.010579
3469,0
3470,0
3471,0
3472,0
3473,0.028807
3474,0
3475,0.024086
3476,0.00064692
3477,0
3478,0.012261
3479,0
3480,0
3481,0.012332
3482,0
3483,0
3484,0
3485,0
3486,0
3487,0
3488,0.031077
3489,0.012822
3490,0.027427
3491,0
3492,0.010579
3493,0
3494,0
3495,0
3496,0
3497,0.028807
3498,0
3499,0.024086
3500,0.00064692
3501,0
3502,0.012261
3503,0
3504,0
3505,0.012332
3506,0
3507,0
3508,0
3509,0
3510,0
3511,0
3512,0.031077
3513,0.012822
3514,0.027427
3515,0
3516,0.010579
3517,0
3518,0
3519,0
3520,0
3521,0.028807
3522,0
3523,0.024086
3524,0.00064692
3525,0
3526,0.012261
3527,0
3528,0
3529,0.012332
3530,0
3531,0
3532,0
3533,0
3534,0
3535,0
3536,0.031077
3537,0.012822
3538,0.027427
3539,0
3540,0.010579
3541,0
3542,0
3543,0
3544,0
3545,0.028807
3546,0
3547,0.024086
3548,0.00064692
3549,0
3550,0.012261
3551,0
3552,0
3553,0.012332
3554,0
3555,0
3556,0
3557,0
3558,0
3559,0
3560,0.031077
3561,0.012822
3562,0.027427
3563,0
3564,0.010579
3565,0
3566,0
3567,0
3568,0
3569,0.028807
3570,0
3571,0.024086
3572,0.00064692
3573,0
3574,0.012261
3575,0
3576,0
3577,0.012332
3578,0
3579,0
3580,0
3581,0
3582,0
3583,0
3584,0.031077
3585,0.012822
3586,0.027427
3587,0
3588,0.010579
3589,0
3590,0
3591,0
3592,0
3593,0.028807
3594,0
3595,0.024086
3596,0.00064692
3597,0
3598,0.012261
3599,0
3600,0
3601,0.012332
3602,0
3603,0
3604,0
3605,0
3606,0
3607,0
3608,0.031077
3609,0.012822
3610,0.027427
3611,0
3612,0.010579
3613,0
3614,0
3615,0
3616,0
3617,0.028807
3618,0
3619,0.024086
3620,0.00064692
3621,0
3622,0.012261
3623,0
3624,0
3625,0.012332
3626,0
3627,0
3628,0
3629,0
3630,0
3631,0
3632,0.031077
3633,0.012822
3634,0.027427
3635,0
3636,0.010579
3637,0
3638,0
3639,0
3640,0
3641,0.028807
3642,0
3643,0.024086
3644,0.00064692
3645,0
3646,0.012261
3647,0
3648,0
3649,0.012332
3650,0
3651,0
3652,0
3653,0
3654,0
3655,0
3656,0.031077
3657,0.012822
3658,0.027427
3659,0
3660,0.010579
3661,0
3662,0
3663,0
3664,0
3665,0.028807
3666,0
3667,0.024086
3668,0.00064692
3669,0
3670,0.012261
3671,0
3672,0
3673,0.012332
3674,0
3675,0
3676,0
3677,0
3678,0
3679,0
3680,0.031077
3681,0.012822
3682,0.027427
3683,0
3684,0.010579
3685,0
3686,0
3687,0
3688,0
3689,0.028807
3690,0
3691,0.024086
3692,0.00064692
3693,0
3694,0.012261
3695,0
3696,0
3697,0.012332
3698,0
3699,0
3700,0
3701,0
3702,0
3703,0
3704,0.031077
3705,0.012822
3706,0.027427
3707,0
3708,0.010579
3709,0
3710,0
3711,0
3712,0
3713,0.028807
3714,0
3715,0.024086
3716,0.00064692
3717,0
3718,0.012261
3719,0
3720,0
3721,0.012332
3722,0
3723,0
3724,0
3725,0
3726,0
3727,0
3728,0.031077
3729,0.012822
3730,0.027427
3731,0
3732,0.010579
3733,0
3734,0
3735,0
3736,0
3737,0.028807
3738,0
3739,0.024086
3740,0.00064692
3741,0
3742,0.012261
3743,0
3744,0
3745,0.012332
3746,0
3747,0
3748,0
3749,0
3750,0
3751,0
3752,0.031077
3753,0.012822
3754,0.027427
3755,0
3756,0.010579
3757,0
3758,0
3759,0
3760,0
3761,0.028807
3762,0
3763,0.024086
3764,0.00064692
3765,0
3766,0.012261
3767,0
3768,0
3769,0.012332
3770,0
3771,0
3772,0
3773,0
3774,0
3775,0
3776,0.031077
3777,0.012822
3778,0.027427
3779,0
3780,0.010579
3781,0
3782,0
3783,0
3784,0
3785,0.028807
3786,0
3787,0.024086
3788,0.00064692
3789,0
3790,0.012261
3791,0
3792,0
3793,0.012332
3794,0
3795,0
3796,0
3797,0
3798,0
3799,0
3800,0.031077
3801,0.012822
3802,0.027427
3803,0
3804,0.010579
3805,0
3806,0
3807,0
3808,0
3809,0.028807
3810,0
3811,0.024086
3812,0.00064692
3813,0
3814,0.012261
3815,0
3816,0
3817,0.012332
3818,0
3819,0
3820,0
3821,0
3822,0
3823,0
3824,0.031077
3825,0.012822
3826,0.027427
3827,0
3828,0.010579
3829,0
3830,0
3831,0
3832,0
3833,0.028807
3834,0
3835,0.024086
3836,0.00064692
3837,0
3838,0.012261
3839,0
3840,0
3841,0.012332
3842,0
3843,0
3844,0
3845,0
3846,0
3847,0
3848,0.031077
3849,0.012822
3850,0.027427
3851,0
3852,0.010579
3853,0
3854,0
3855,0
3856,0
3857,0.028807
3858,0
3859,0.024086
3860,0.00064692
3861,0
3862,0.012261
3863,0
3864,0
3865,0.012332
3866,0
3867,0
3868,0
3869,0
3870,0
3871,0
3872,0.031077
3873,0.012822
3874,0.027427
3875,0
3876,0.010579
3877,0
3878,0
3879,0
3880,0
3881,0.028807
3882,0
3883,0.024086
3884,0.00064692
3885,0
3886,0.012261
3887,0
3888,0
3889,0.012332
3890,0
3891,0
3892,0
3893,0
3894,0
3895,0
3896,0.031077
3897,0.012822
3898,0.027427
3899,0
3900,0.010579
3901,0
3902,0
3903,0
3904,0
3905,0.028807
3906,0
3907,0.024086
3908,0.00064692
3909,0
3910,0.012261
3911,0
3912,0
3913,0.012332
3914,0
3915,0
3916,0
3917,0
3918,0
3919,0
3920,0.031077
3921,0.012822
3922,0.027427
3923,0
3924,0.010579
3925,0
3926,0
3927,0
3928,0
3929,0.028807
3930,0
3931,0.024086
3932,0.00064692
3933,0
3934,0.012261
3935,0
3936,0
3937,0.012332
3938,0
3939,0
3940,0
3941,0
3942,0
3943,0
3944,0.031077
3945,0.012822
3946,0.027427
3947,0
3948,0.010579
3949,0
3950,0
3951,0
3952,0
3953,0.028807
3954,0
3955,0.024086
3956,0.00064692
3957,0
3958,0.012261
3959,0
3960,0
3961,0.012332
3962,0
3963,0
3964,0
3965,0
3966,0
3967,0
3968,0.031077
3969,0.012822
3970,0.027427
3971,0
3972,0.010579
3973,0
3974,0
3975,0
3976,0
3977,0.028807
3978,0
3979,0.024086
3980,0.00064692
3981,0
3982,0.012261
3983,0
3984,0
3985,0.012332
3986,0
3987,0
3988,0
3989,0
3990,0
3991,0
3992,0.031077
3993,0.012822
3994,0.027427
3995,0
3996,0.010579
3997,0
3998,0
3999,0
4000,0
4001,0.028807
4002,0
4003,0.024086
4004,0.00064692
4005,0
4006,0.012261
4007,0
4008,0
4009,0.012332
4010,0
4011,0
4012,0
4013,0
4014,0
4015,0
4016,0.031077
4017,0.012822
4018,0.027427
4019,0
4020,0.010579
4021,0
4022,0
4023,0
4024,0
4025,0.028807
4026,0
4027,0.024086
4028,0.00064692
4029,0
4030,0.012261
4031,0
4032,0
4033,0.012332
4034,0
4035,0
4036,0
4037,0
4038,0
4039,0
4040,0.031077
4041,0.012822
4042,0.027427
4043,0
4044,0.010579
4045,0
4046,0
4047,0
4048,0
4049,0.028807
4050,0
4051,0.024086
4052,0.00064692
4053,0
4054,0.012261
4055,0
4056,0
4057,0.012332
4058,0
4059,0
4060,0
4061,0
4062,0
4063,0
4064,0.031077
4065,0.012822
4066,0.027427
4067,0
4068,0.010579
4069,0
4070,0
4071,0
4072,0
4073,0.028807
4074,0
4075,0.024086
4076,0.00064692
4077,0
4078,0.012261
4079,0
4080,0
4081,0.012332
4082,0
4083,0
4084,0
4085,0
4086,0
4087,0
4088,0.031077
4089,0.012822
4090,0.027427
4091,0
4092,0.010579
4093,0
4094,0
4095,0
4096,0
4097,0.028807
4098,0
4099,0.024086
4100,0.00064692
4101,0
4102,0.012261
4103,0
4104,0
4105,0.012332
4106,0
4107,0
4108,0
4109,0
4110,0
4111,0
4112,0.031077
4113,0.012822
4114,0.027427
4115,0
4116,0.010579
4117,0
4118,0
4119,0
4120,0
4121,0.028807
4122,0
4123,0.024086
4124,0.00064692
4125,0
4126,0.012261
4127,0
4128,0
4129,0.012332
4130,0
4131,0
4132,0
4133,0
4134,0
4135,0
4136,0.031077
4137,0.012822
4138,0.027427
4139,0
4140,0.010579
4141,0
4142,0
4143,0
4144,0
4145,0.028807
4146,0
4147,0.024086
4148,0.00064692
4149,0
4150,0.012261
4151,0
4152,0
4153,0.012332
4154,0
4155,0
4156,0
4157,0
4158,0
4159,0
4160,0.031077
4161,0.012822
4162,0.027427
4163,0
4164,0.010579
4165,0
4166,0
4167,0
4168,0
4169,0.028807
4170,0
4171,0.024086
4172,0.00064692
4173,0
4174,0.012261
4175,0
4176,0
4177,0.012332
4178,0
4179,0
4180,0
4181,0
4182,0
4183,0
4184,0.031077
4185,0.012822
4186,0.027427
4187,0
4188,0.010579
4189,0
4190,0
4191,0
4192,0
4193,0.028807
4194,0
4195,0.024086
4196,0.00064692
4197,0
4198,0.012261
4199,0
4200,0
4201,0.012332
4202,0
4203,0
4204,0
4205,0
4206,0
4207,0
4208,0.031077
4209,0.012822
4210,0.027427
4211,0
4212,0.010579
4213,0
4214,0
4215,0
4216,0
4217,0.028807
4218,0
4219,0.024086
4220,0.00064692
4221,0
4222,0.012261
4223,0
4224,0
4225,0.012332
4226,0
4227,0
4228,0
4229,0
4230,0
4231,0
4232,0.031077
4233,0.012822
4234,0.027427
4235,0
4236,0.010579
4237,0
4238,0
4239,0
4240,0
4241,0.028807
4242,0
4243,0.024086
4244,0.00064692
4245,0
4246,0.012261
4247,0
4248,0
4249,0.012332
4250,0
4251,0
4252,0
4253,0
4254,0
4255,0
4256,0.031077
4257,0.012822
4258,0.027427
4259,0
4260,0.010579
4261,0
4262,0
4263,0
4264,0
4265,0.028807
4266,0
4267,0.024086
4268,0.00064692
4269,0
4270,0.012261
4271,0
4272,0
4273,0.012332
4274,0
4275,0
4276,0
4277,0
4278,0
4279,0
4280,0.031077
4281,0.012822
4282,0.027427
4283,0
4284,0.010579
4285,0
4286,0
4287,0
4288,0
4289,0.028807
4290,0
4291,0.024086
4292,0.00064692
4293,0
4294,0.012261
4295,0
4296,0
4297,0.012332
4298,0
4299,0
4300,0
4301,0
4302,0
4303,0
4304,0.031077
4305,0.012822
4306,0.027427
4307,0
4308,0.010579
4309,0
4310,0
4311,0
4312,0
4313,0.028807
4314,0
4315,0.024086
4316,0.00064692
4317,0
4318,0.012261
4319,0
4320,0
4321,0.012332
4322,0
4323,0
4324,0
4325,0
4326,0
4327,0
4328,0.031077
4329,0.012822
4330,0.027427
4331,0
4332,0.010579
4333,0
4334,0
4335,0
4336,0
4337,0.028807
4338,0
4339,0.024086
4340,0.00064692
4341,0
4342,0.012261
4343,0
4344,0
4345,0.012332
4346,0
4347,0
4348,0
4349,0
4350,0
4351,0
4352,0.031077
4353,0.012822
4354,0.027427
4355,0
4356,0.010579
4357,0
4358,0
4359,0
4360,0
4361,0.028807
4362,0
4363,0.024086
4364,0.00064692
4365,0
4366,0.012261
4367,0
4368,0
4369,0.012332
4370,0
4371,0
4372,0
4373,0
4374,0
4375,0
4376,0.031077
4377,0.012822
4378,0.027427
4379,0
4380,0.010579
4381,0
4382,0
4383,0
4384,0
4385,0.028807
4386,0
4387,0.024086
4388,0.00064692
4389,0
4390,0.012261
4391,0
4392,0
4393,0.012332
4394,0
4395,0
4396,0
4397,0
4398,0
4399,0
4400,0.031077
4401,0.012822
4402,0.027427
4403,0
4404,0.010579
4405,0
4406,0
4407,0
4408,0
4409,0.028807
4410,0
4411,0.024086
4412,0.00064692
4413,0
4414,0.012261
4415,0
4416,0
4417,0.012332
4418,0
4419,0
4420,0
4421,0
4422,0
4423,0
4424,0.031077
4425,0.012822
4426,0.027427
4427,0
4428,0.010579
4429,0
4430,0
4431,0
4432,0
4433,0.028807
4434,0
4435,0.024086
4436,0.00064692
4437,0
4438,0.012261
4439,0
4440,0
4441,0.012332
4442,0
4443,0
4444,0
4445,0
4446,0
4447,0
4448,0.031077
4449,0.012822
4450,0.027427
4451,0
4452,0.010579
4453,0
4454,0
4455,0
4456,0
4457,0.028807
4458,0
4459,0.024086
4460,0.00064692
4461,0
4462,0.012261
4463,0
4464,0
4465,0.012332
4466,0
4467,0
4468,0
4469,0
4470,0
4471,0
4472,0.031077
4473,0.012822
4474,0.027427
4475,0
4476,0.010579
4477,0
4478,0
4479,0
4480,0
4481,0.028807
4482,0
4483,0.024086
4484,0.00064692
4485,0
4486,0.012261
4487,0
4488,0
4489,0.012332
4490,0
4491,0
4492,0
4493,0
4494,0
4495,0
4496,0.031077
4497,0.012822
4498,0.027427
4499,0
4500,0.010579
4501,0
4502,0
4503,0
4504,0
4505,0.028807
4506,0
4507,0.024086
4508,0.00064692
4509,0
4510,0.012261
4511,0
4512,0
4513,0.012332
4514,0
4515,0
4516,0
4517,0
4518,0
4519,0
4520,0.031077
4521,0.012822
4522,0.027427
4523,0
4524,0.010579
4525,0
4526,0
4527,0
4528,0
4529,0.028807
4530,0
4531,0.024086
4532,0.00064692
4533,0
4534,0.012261
4535,0
4536,0
4537,0.012332
4538,0
4539,0
4540,0
4541,0
4542,0
4543,0
4544,0.031077
4545,0.012822
4546,0.027427
4547,0
4548,0.010579
4549,0
4550,0
4551,0
4552,0
4553,0.028807
4554,0
4555,0.024086
4556,0.00064692
4557,0
4558,0.012261
4559,0
4560,0
4561,0.012332
4562,0
4563,0
4564,0
4565,0
4566,0
4567,0
4568,0.031077
4569,0.012822
4570,0.027427
4571,0
4572,0.010579
4573,0
4574,0
4575,0
4576,0
4577,0.028807
4578,0
4579,0.024086
4580,0.00064692
4581,0
4582,0.012261
4583,0
4584,0
4585,0.012332
4586,0
4587,0
4588,0
4589,0
4590,0
4591,0
4592,0.031077
4593,0.012822
4594,0.027427
4595,0
4596,0.010579
4597,0
4598,0
4599,0
4600,0
4601,0.028807
4602,0
4603,0.024086
4604,0.00064692
4605,0
4606,0.012261
4607,0
4608,0
4609,0.012332
4610,0
4611,0
4612,0
4613,0
4614,0
4615,0
4616,0.031077
4617,0.012822
4618,0.027427
4619,0
4620,0.010579
4621,0
4622,0
4623,0
4624,0
4625,0.028807
4626,0
4627,0.024086
4628,0.00064692
4629,0
4630,0.012261
4631,0
4632,0
4633,0.012332
4634,0
4635,0
4636,0
4637,0
4638,0
4639,0
4640,0.031077
4641,0.012822
4642,0.027427
4643,0
4644,0.010579
4645,0
4646,0
4647,0
4648,0
4649,0.028807
4650,0
4651,0.024086
4652,0.00064692
4653,0
4654,0.012261
4655,0
4656,0
4657,0.012332
4658,0
4659,0
4660,0
4661,0
4662,0
4663,0
4664,0.031077
4665,0.012822
4666,0.027427
4667,0
4668,0.010579
4669,0
4670,0
4671,0
4672,0
4673,0.028807
4674,0
4675,0.024086
4676,0.00064692
4677,0
4678,0.012261
4679,0
4680,0
4681,0.012332
4682,0
4683,0
4684,0
4685,0
4686,0
4687,0
4688,0.031077
4689,0.012822
4690,0.027427
4691,0
4692,0.010579
4693,0
4694,0
4695,0
4696,0
4697,0.028807
4698,0
4699,0.024086
4700,0.00064692
4701,0
4702,0.012261
4703,0
4704,0
4705,0.012332
4706,0
4707,0
4708,0
4709,0
4710,0
4711,0
4712,0.031077
4713,0.012822
4714,0.027427
4715,0
4716,0.010579
4717,0
4718,0
4719,0
4720,0
4721,0.028807
4722,0
4723,0.024086
4724,0.00064692
4725,0
4726,0.012261
4727,0
4728,0
4729,0.012332
4730,0
4731,0
4732,0
4733,0
4734,0
4735,0
4736,0.031077
4737,0.012822
4738,0.027427
4739,0
4740,0.010579
4741,0
4742,0
4743,0
4744,0
4745,0.028807
4746,0
4747,0.024086
4748,0.00064692
4749,0
4750,0.012261
4751,0
4752,0
4753,0.012332
4754,0
4755,0
4756,0
4757,0
4758,0
4759,0
4760,0.031077
4761,0.012822
4762,0.027427
4763,0
4764,0.010579
4765,0
4766,0
4767,0
4768,0
4769,0.028807
4770,0
4771,0.024086
4772,0.00064692
4773,0
4774,0.012261
4775,0
4776,0
4777,0.012332
4778,0
4779,0
4780,0
4781,0
4782,0
4783,0
4784,0.031077
4785,0.012822
4786,0.027427
4787,0
4788,0.010579
4789,0
4790,0
4791,0
4792,0
4793,0.028807
4794,0
4795,0.024086
4796,0.00064692
4797,0
4798,0.012261
4799,0
4800,0
4801,0.012332
4802,0
4803,0
4804,0
4805,0
4806,0
4807,0
4808,0.031077
4809,0.012822
4810,0.027427
4811,0
4812,0.010579
4813,0
4814,0
4815,0
4816,0
4817,0.028807
4818,0
4819,0.024086
4820,0.00064692
4821,0
4822,0.012261
4823,0
4824,0
4825,0.012332
4826,0
4827,0
4828,0
4829,0
4830,0
4831,0
4832,0.031077
4833,0.012822
4834,0.027427
4835,0
4836,0.010579
4837,0
4838,0
4839,0
4840,0
4841,0.028807
4842,0
4843,0.024086
4844,0.00064692
4845,0
4846,0.012261
4847,0
4848,0
4849,0.012332
4850,0
4851,0
4852,0
4853,0
4854,0
4855,0
4856,0.031077
4857,0.012822
4858,0.027427
4859,0
4860,0.010579
4861,0
4862,0
4863,0
4864,0
4865,0.028807
4866,0
4867,0.024086
4868,0.00064692
4869,0
4870,0.012261
4871,0
4872,0
4873,0.012332
4874,0
4875,0
4876,0
4877,0
4878,0
4879,0
4880,0.031077
4881,0.012822
4882,0.027427
4883,0
4884,0.010579
4885,0
4886,0
4887,0
4888,0
4889,0.028807
4890,0
4891,0.024086
4892,0.00064692
4893,0
4894,0.012261
4895,0
4896,0
4897,0.012332
4898,0
4899,0
4900,0
4901,0
4902,0
4903,0
4904,0.031077
4905,0.012822
4906,0.027427
4907,0
4908,0.010579
4909,0
4910,0
4911,0
4912,0
4913,0.028807
4914,0
4915,0.024086
4916,0.00064692
4917,0
4918,0.012261
4919,0
4920,0
4921,0.012332
4922,0
4923,0
4924,0
4925,0
4926,0
4927,0
4928,0.031077
4929,0.012822
4930,0.027427
4931,0
4932,0.010579
4933,0
4934,0
4935,0
4936,0
4937,0.028807
4938,0
4939,0.024086
4940,0.00064692
4941,0
4942,0.012261
4943,0
4944,0
4945,0.012332
4946,0
4947,0
4948,0
4949,0
4950,0
4951,0
4952,0.031077
4953,0.012822
4954,0.027427
4955,0
4956,0.010579
4957,0
4958,0
4959,0
4960,0
4961,0.028807
4962,0
4963,0.024086
4964,0.00064692
4965,0
4966,0.012261
4967,0
4968,0
4969,0.012332
4970,0
4971,0
4972,0
4973,0
4974,0
4975,0
4976,0.031077
4977,0.012822
4978,0.027427
4979,0
4980,0.010579
4981,0
4982,0
4983,0
4984,0
4985,0.028807
4986,0
4987,0.024086
4988,0.00064692
4989,0
4990,0.012261
4991,0
4992,0
4993,0.012332
4994,0
4995,0
4996,0
4997,0
4998,0
4999,0
5000,0.031077
5001,0.012822
5002,0.027427
5003,0
5004,0.010579
5005,0
5006,0
5007,0
5008,0
5009,0.028807
5010,0
5011,0.024086
5012,0.00064692
5013,0
5014,0.012261
5015,0
5016,0
5017,0.012332
5018,0
5019,0
5020,0
5021,0
5022,0
5023,0
5024,0.031077
5025,0.012822
5026,0.027427
5027,0
5028,0.010579
5029,0
5030,0
5031,0
5032,0
5033,0.028807
5034,0
5035,0.024086
5036,0.00064692
5037,0
5038,0.012261
5039,0
5040,0
5041,0.012332
5042,0
5043,0
5044,0
5045,0
5046,0
5047,0
5048,0.031077
5049,0.012822
5050,0.027427
5051,0
5052,0.010579
5053,0
5054,0
5055,0
5056,0
5057,0.028807
5058,0
5059,0.024086
5060,0.00064692
5061,0
5062,0.012261
5063,0
5064,0
5065,0.012332
5066,0
5067,0
5068,0
5069,0
5070,0
5071,0
5072,0.031077
5073,0.012822
5074,0.027427
5075,0
5076,0.010579
5077,0
5078,0
5079,0
5080,0
5081,0.028807
5082,0
5083,0.024086
5084,0.00064692
5085,0
5086,0.012261
5087,0
5088,0
5089,0.012332
5090,0
5091,0
5092,0
5093,0
5094,0
5095,0
5096,0.031077
5097,0.012822
5098,0.027427
5099,0
5100,0.010579
5101,0
5102,0
5103,0
5104,0
5105,0.028807
5106,0
5107,0.024086
5108,0.00064692
5109,0
5110,0.012261
5111,0
5112,0
5113,0.012332
5114,0
5115,0
5116,0
5117,0
5118,0
5119,0
5120,0.031077
5121,0.012822
5122,0.027427
5123,0
5124,0.010579
5125,0
5126,0
5127,0
5128,0
5129,0.028807
5130,0
5131,0.024086
5132,0.00064692
5133,0
5134,0.012261
5135,0
5136,0
5137,0.012332
5138,0
5139,0
5140,0
5141,0
5142,0
5143,0
5144,0.031077
5145,0.012822
5146,0.027427
5147,0
5148,0.010579
5149,0
5150,0
5151,0
5152,0
5153,0.028807
5154,0
5155,0.024086
5156,0.00064692
5157,0
5158,0.012261
5159,0
5160,0
5161,0.012332
5162,0
5163,0
5164,0
5165,0
5166,0
5167,0
5168,0.031077
5169,0.012822
5170,0.027427
5171,0
5172,0.010579
5173,0
5174,0
5175,0
5176,0
5177,0.028807
5178,0
5179,0.024086
5180,0.00064692
5181,0
5182,0.012261
5183,0
5184,0
5185,0.012332
5186,0
5187,0
5188,0
5189,0
5190,0
5191,0
5192,0.031077
5193,0.012822
5194,0.027427
5195,0
5196,0.010579
5197,0
5198,0
5199,0
5200,0
5201,0.028807
5202,0
5203,0.024086
5204,0.00064692
5205,0
5206,0.012261
5207,0
5208,0
5209,0.012332
5210,0
5211,0
5212,0
5213,0
5214,0
5215,0
5216,0.031077
5217,0.012822
5218,0.027427
5219,0
5220,0.010579
5221,0
5222,0
5223,0
5224,0
5225,0.028807
5226,0
5227,0.024086
5228,0.00064692
5229,0
5230,0.012261
5231,0
5232,0
5233,0.012332
5234,0
5235,0
5236,0
5237,0
5238,0
5239,0
5240,0.031077
5241,0.012822
5242,0.027427
5243,0
5244,0.010579
5245,0
5246,0
5247,0
5248,0
5249,0.028807
5250,0
5251,0.024086
5252,0.00064692
5253,0
5254,0.012261
5255,0
5256,0
5257,0.012332
5258,0
5259,0
5260,0
5261,0
5262,0
5263,0
5264,0.031077
5265,0.012822
5266,0.027427
5267,0
5268,0.010579
5269,0
5270,0
5271,0
5272,0
5273,0.028807
5274,0
5275,0.024086
5276,0.00064692
5277,0
5278,0.012261
5279,0
5280,0
5281,0.012332
5282,0
5283,0
5284,0
5285,0
5286,0
5287,0
5288,0.031077
5289,0.012822
5290,0.027427
5291,0
5292,0.010579
5293,0
5294,0
5295,0
5296,0
5297,0.028807
5298,0
5299,0.024086
5300,0.00064692
5301,0
5302,0.012261
5303,0
5304,0
5305,0.012332
5306,0
5307,0
5308,0
5309,0
5310,0
5311,0
5312,0.031077
5313,0.012822
5314,0.027427
5315,0
5316,0.010579
5317,0
5318,0
5319,0
5320,0
5321,0.028807
5322,0
5323,0.024086
5324,0.00064692
5325,0
5326,0.012261
5327,0
5328,0
5329,0.012332
5330,0
5331,0
5332,0
5333,0
5334,0
5335,0
5336,0.031077
5337,0.012822
5338,0.027427
5339,0
5340,0.010579
5341,0
5342,0
5343,0
5344,0
5345,0.028807
5346,0
5347,0.024086
5348,0.00064692
5349,0
5350,0.012261
5351,0
5352,0
5353,0.012332
5354,0
5355,0
5356,0
5357,0
5358,0
5359,0
5360,0.031077
5361,0.012822
5362,0.027427
5363,0
5364,0.010579
5365,0
5366,0
5367,0
5368,0
5369,0.028807
5370,0
5371,0.024086
5372,0.00064692
5373,0
5374,0.012261
5375,0
5376,0
5377,0.012332
5378,0
5379,0
5380,0
5381,0
5382,0
5383,0
5384,0.031077
5385,0.012822
5386,0.027427
5387,0
5388,0.010579
5389,0
5390,0
5391,0
5392,0
5393,0.028807
5394,0
5395,0.024086
5396,0.00064692
5397,0
5398,0.012261
5399,0
5400,0
5401,0.012332
5402,0
5403,0
5404,0
5405,0
5406,0
5407,0
5408,0.031077
5409,0.012822
5410,0.027427
5411,0
5412,0.010579
5413,0
5414,0
5415,0
5416,0
5417,0.028807
5418,0
5419,0.024086
5420,0.00064692
5421,0
5422,0.012261
5423,0
5424,0
5425,0.012332
5426,0
5427,0
5428,0
5429,0
5430,0
5431,0
5432,0.031077
5433,0.012822
5434,0.027427
5435,0
5436,0.010579
5437,0
5438,0
5439,0
5440,0
5441,0.028807
5442,0
5443,0.024086
5444,0.00064692
5445,0
5446,0.012261
5447,0
5448,0
5449,0.012332
5450,0
5451,0
5452,0
5453,0
5454,0
5455,0
5456,0.031077
5457,0.012822
5458,0.027427
5459,0
5460,0.010579
5461,0
5462,0
5463,0
5464,0
5465,0.028807
5466,0
5467,0.024086
5468,0.00064692
5469,0
5470,0.012261
5471,0
5472,0
5473,0.012332
5474,0
5475,0
5476,0
5477,0
5478,0
5479,0
5480,0.031077
5481,0.012822
5482,0.027427
5483,0
5484,0.010579
5485,0
5486,0
5487,0
5488,0
5489,0.028807
5490,0
5491,0.024086
5492,0.00064692
5493,0
5494,0.012261
5495,0
5496,0
5497,0.012332
5498,0
5499,0
5500,0
5501,0
5502,0
5503,0
5504,0.031077
5505,0.012822
5506,0.027427
5507,0
5508,0.010579
5509,0
5510,0
5511,0
5512,0
5513,0.028807
5514,0
5515,0.024086
5516,0.00064692
5517,0
5518,0.012261
5519,0
5520,0
5521,0.012332
5522,0
5523,0
5524,0
5525,0
5526,0
5527,0
5528,0.031077
5529,0.012822
5530,0.027427
5531,0
5532,0.010579
5533,0
5534,0
5535,0
5536,0
5537,0.028807
5538,0
5539,0.024086
5540,0.00064692
5541,0
5542,0.012261
5543,0
5544,0
5545,0.012332
5546,0
5547,0
5548,0
5549,0
5550,0
5551,0
5552,0.031077
5553,0.012822
5554,0.027427
5555,0
5556,0.010579
5557,0
5558,0
5559,0
5560,0
5561,0.028807
5562,0
5563,0.024086
5564,0.00064692
5565,0
5566,0.012261
5567,0
5568,0
5569,0.012332
5570,0
5571,0
5572,0
5573,0
5574,0
5575,0
5576,0.031077
5577,0.012822
5578,0.027427
5579,0
5580,0.010579
5581,0
5582,0
5583,0
5584,0
5585,0.028807
5586,0
5587,0.024086
5588,0.00064692
5589,0
5590,0.012261
5591,0
5592,0
5593,0.012332
5594,0
5595,0
5596,0
5597,0
5598,0
5599,0
5600,0.031077
5601,0.012822
5602,0.027427
5603,0
5604,0.010579
5605,0
5606,0
5607,0
5608,0
5609,0.028807
5610,0
5611,0.024086
5612,0.00064692
5613,0
5614,0.012261
5615,0
5616,0
5617,0.012332
5618,0
5619,0
5620,0
5621,0
5622,0
5623,0
5624,0.031077
5625,0.012822
5626,0.027427
5627,0
5628,0.010579
5629,0
5630,0
5631,0
5632,0
5633,0.028807
5634,0
5635,0.024086
5636,0.00064692
5637,0
5638,0.012261
5639,0
5640,0
5641,0.012332
5642,0
5643,0
5644,0
5645,0
5646,0
5647,0
5648,0.031077
5649,0.012822
5650,0.027427
5651,0
5652,0.010579
5653,0
5654,0
5655,0
5656,0
5657,0.028807
5658,0
5659,0.024086
5660,0.00064692
5661,0
5662,0.012261
5663,0
5664,0
5665,0.012332
5666,0
5667,0
5668,0
5669,0
5670,0
5671,0
5672,0.031077
5673,0.012822
5674,0.027427
5675,0
5676,0.010579
5677,0
5678,0
5679,0
5680,0
5681,0.028807
5682,0
5683,0.024086
5684,0.00064692
5685,0
5686,0.012261
5687,0
5688,0
5689,0.012332
5690,0
5691,0
5692,0
5693,0
5694,0
5695,0
5696,0.031077
5697,0.012822
5698,0.027427
5699,0
5700,0.010579
5701,0
5702,0
5703,0
5704,0
5705,0.028807
5706,0
5707,0.024086
5708,0.00064692
5709,0
5710,0.012261
5711,0
5712,0
5713,0.012332
5714,0
5715,0
5716,0
5717,0
5718,0
5719,0
5720,0.031077
5721,0.012822
5722,0.027427
5723,0
5724,0.010579
5725,0
5726,0
5727,0
5728,0
5729,0.028807
5730,0
5731,0.024086
5732,0.00064692
5733,0
5734,0.012261
5735,0
5736,0
5737,0.012332
5738,0
5739,0
5740,0
5741,0
5742,0
5743,0
5744,0.031077
5745,0.012822
5746,0.027427
5747,0
5748,0.010579
5749,0
5750,0
5751,0
5752,0
5753,0.028807
5754,0
5755,0.024086
5756,0.00064692
5757,0
5758,0.012261
5759,0
5760,0
5761,0.012332
5762,0
5763,0
5764,0
5765,0
5766,0
5767,0
5768,0.031077
5769,0.012822
5770,0.027427
5771,0
5772,0.010579
5773,0
5774,0
5775,0
5776,0
5777,0.028807
5778,0
5779,0.024086
5780,0.00064692
5781,0
5782,0.012261
5783,0
5784,0
5785,0.012332
5786,0
5787,0
5788,0
5789,0
5790,0
5791,0
5792,0.031077
5793,0.012822
5794,0.027427
5795,0
5796,0.010579
5797,0
5798,0
5799,0
5800,0
5801,0.028807
5802,0
5803,0.024086
5804,0.00064692
5805,0
5806,0.012261
5807,0
5808,0
5809,0.012332
5810,0
5811,0
5812,0
5813,0
5814,0
5815,0
5816,0.031077
5817,0.012822
5818,0.027427
5819,0
5820,0.010579
5821,0
5822,0
5823,0
5824,0
5825,0.028807
5826,0
5827,0.024086
5828,0.00064692
5829,0
5830,0.012261
5831,0
5832,0
5833,0.012332
5834,0
5835,0
5836,0
5837,0
5838,0
5839,0
5840,0.031077
5841,0.012822
5842,0.027427
5843,0
5844,0.010579
5845,0
5846,0
5847,0
5848,0
5849,0.028807
5850,0
5851,0.024086
5852,0.00064692
5853,0
5854,0.012261
5855,0
5856,0
5857,0.012332
5858,0
5859,0
5860,0
5861,0
5862,0
5863,0
5864,0.031077
5865,0.012822
5866,0.027427
5867,0
5868,0.010579
5869,0
5870,0
5871,0
5872,0
5873,0.028807
5874,0
5875,0.024086
5876,0.00064692
5877,0
5878,0.012261
5879,0
5880,0
5881,0.012332
5882,0
5883,0
5884,0
5885,0
5886,0
5887,0
5888,0.031077
5889,0.012822
5890,0.027427
5891,0
5892,0.010579
5893,0
5894,0
5895,0
5896,0
5897,0.028807
5898,0
5899,0.024086
5900,0.00064692
5901,0
5902,0.012261
5903,0
5904,0
5905,0.012332
5906,0
5907,0
5908,0
5909,0
5910,0
5911,0
5912,0.031077
5913,0.012822
5914,0.027427
5915,0
5916,0.010579
5917,0
5918,0
5919,0
5920,0
5921,0.028807
5922,0
5923,0.024086
5924,0.00064692
5925,0
5926,0.012261
5927,0
5928,0
5929,0.012332
5930,0
5931,0
5932,0
5933,0
5934,0
5935,0
5936,0.031077
5937,0.012822
5938,0.027427
5939,0
5940,0.010579
5941,0
5942,0
5943,0
5944,0
5945,0.028807
5946,0
5947,0.024086
5948,0.00064692
5949,0
5950,0.012261
5951,0
5952,0
5953,0.012332
5954,0
5955,0
5956,0
5957,0
5958,0
5959,0
5960,0.031077
5961,0.012822
5962,0.027427
5963,0
5964,0.010579
5965,0
5966,0
5967,0
5968,0
5969,0.028807
5970,0
5971,0.024086
5972,0.00064692
5973,0
5974,0.012261
5975,0
5976,0
5977,0.012332
5978,0
5979,0
5980,0
5981,0
5982,0
5983,0
5984,0.031077
5985,0.012822
5986,0.027427
5987,0
5988,0.010579
5989,0
5990,0
5991,0
5992,0
5993,0.028807
5994,0
5995,0.024086
5996,0.00064692
5997,0
5998,0.012261
5999,0
6000,0
6001,0.012332
6002,0
6003,0
6004,0
6005,0
6006,0
6007,0
6008,0.031077
6009,0.012822
6010,0.027427
6011,0
6012,0.010579
6013,0
6014,0
6015,0
6016,0
6017,0.028807
6018,0
6019,0.024086
6020,0.00064692
6021,0
6022,0.012261
6023,0
6024,0
6025,0.012332
6026,0
6027,0
6028,0
6029,0
6030,0
6031,0
6032,0.031077
6033,0.012822
6034,0.027427
6035,0
6036,0.010579
6037,0
6038,0
6039,0
6040,0
6041,0.028807
6042,0
6043,0.024086
6044,0.00064692
6045,0
6046,0.012261
6047,0
6048,0
6049,0.012332
6050,0
6051,0
6052,0
6053,0
6054,0
6055,0
6056,0.031077
6057,0.012822
6058,0.027427
6059,0
6060,0.010579
6061,0
6062,0
6063,0
6064,0
6065,0.028807
6066,0
6067,0.024086
6068,0.00064692
6069,0
6070,0.012261
6071,0
6072,0
6073,0.012332
6074,0
6075,0
6076,0
6077,0
6078,0
6079,0
6080,0.031077
6081,0.012822
6082,0.027427
6083,0
6084,0.010579
6085,0
6086,0
6087,0
6088,0
6089,0.028807
6090,0
6091,0.024086
6092,0.00064692
6093,0
6094,0.012261
6095,0
6096,0
6097,0.012332
6098,0
6099,0
6100,0
6101,0
6102,0
6103,0
6104,0.031077
6105,0.012822
6106,0.027427
6107,0
6108,0.010579
6109,0
6110,0
6111,0
6112,0
6113,0.028807
6114,0
6115,0.024086
6116,0.00064692
6117,0
6118,0.012261
6119,0
6120,0
6121,0.012332
6122,0
6123,0
6124,0
6125,0
6126,0
6127,0
6128,0.031077
6129,0.012822
6130,0.027427
6131,0
6132,0.010579
6133,0
6134,0
6135,0
6136,0
6137,0.028807
6138,0
6139,0.024086
6140,0.00064692
6141,0
6142,0.012261
6143,0
6144,0
6145,0.012332
6146,0
6147,0
6148,0
6149,0
6150,0
6151,0
6152,0.031077
6153,0.012822
6154,0.027427
6155,0
6156,0.010579
6157,0
6158,0
6159,0
6160,0
6161,0.028807
6162,0
6163,0.024086
6164,0.00064692
6165,0
6166,0.012261
6167,0
6168,0
6169,0.012332
6170,0
6171,0
6172,0
6173,0
6174,0
6175,0
6176,0.031077
6177,0.012822
6178,0.027427
6179,0
6180,0.010579
6181,0
6182,0
6183,0
6184,0
6185,0.028807
6186,0
6187,0.024086
6188,0.00064692
6189,0
6190,0.012261
6191,0
6192,0
6193,0.012332
6194,0
6195,0
6196,0
6197,0
6198,0
6199,0
6200,0.031077
6201,0.012822
6202,0.027427
6203,0
6204,0.010579
6205,0
6206,0
6207,0
6208,0
6209,0.028807
6210,0
6211,0.024086
6212,0.00064692
6213,0
6214,0.012261
6215,0
6216,0
6217,0.012332
6218,0
6219,0
6220,0
6221,0
6222,0
6223,0
6224,0.031077
6225,0.012822
6226,0.027427
6227,0
6228,0.010579
6229,0
6230,0
6231,0
6232,0
6233,0.028807
6234,0
6235,0.024086
6236,0.00064692
6237,0
6238,0.012261
6239,0
6240,0
6241,0.012332
6242,0
6243,0
6244,0
6245,0
6246,0
6247,0
6248,0.031077
6249,0.012822
6250,0.027427
6251,0
6252,0.010579
6253,0
6254,0
6255,0
6256,0
6257,0.028807
6258,0
6259,0.024086
6260,0.00064692
6261,0
6262,0.012261
6263,0
6264,0
6265,0.012332
6266,0
6267,0
6268,0
6269,0
6270,0
6271,0
6272,0.031077
6273,0.012822
6274,0.027427
6275,0
6276,0.010579
6277,0
6278,0
6279,0
6280,0
6281,0.028807
6282,0
6283,0.024086
6284,0.00064692
6285,0
6286,0.012261
6287,0
6288,0
6289,0.012332
6290,0
6291,0
6292,0
6293,0
6294,0
6295,0
6296,0.031077
6297,0.012822
6298,0.027427
6299,0
6300,0.010579
6301,0
6302,0
6303,0
6304,0
6305,0.028807
6306,0
6307,0.024086
6308,0.00064692
6309,0
6310,0.012261
6311,0
6312,0
6313,0.012332
6314,0
6315,0
6316,0
6317,0
6318,0
6319,0
6320,0.031077
6321,0.012822
6322,0.027427
6323,0
6324,0.010579
6325,0
6326,0
6327,0
6328,0
6329,0.028807
6330,0
6331,0.024086
6332,0.00064692
6333,0
6334,0.012261
6335,0
6336,0
6337,0.012332
6338,0
6339,0
6340,0
6341,0
6342,0
6343,0
6344,0.031077
6345,0.012822
6346,0.027427
6347,0
6348,0.010579
6349,0
6350,0
6351,0
6352,0
6353,0.028807
6354,0
6355,0.024086
6356,0.00064692
6357,0
6358,0.012261
6359,0
6360,0
6361,0.012332
6362,0
6363,0
6364,0
6365,0
6366,0
6367,0
6368,0.031077
6369,0.012822
6370,0.027427
6371,0
6372,0.010579
6373,0
6374,0
6375,0
6376,0
6377,0.028807
6378,0
6379,0.024086
6380,0.00064692
6381,0
6382,0.012261
6383,0
6384,0
6385,0.012332
6386,0
6387,0
6388,0
6389,0
6390,0
6391,0
6392,0.031077
6393,0.012822
6394,0.027427
6395,0
6396,0.010579
6397,0
6398,0
6399,0
6400,0
6401,0.028807
6402,0
6403,0.024086
6404,0.00064692
6405,0
6406,0.012261
6407,0
6408,0
6409,0.012332
6410,0
6411,0
6412,0
6413,0
6414,0
6415,0
6416,0.031077
6417,0.012822
6418,0.027427
6419,0
6420,0.010579
6421,0
6422,0
6423,0
6424,0
6425,0.028807
6426,0
6427,0.024086
6428,0.00064692
6429,0
6430,0.012261
6431,0
6432,0
6433,0.012332
6434,0
6435,0
6436,0
6437,0
6438,0
6439,0
6440,0.031077
6441,0.012822
6442,0.027427
6443,0
6444,0.010579
6445,0
6446,0
6447,0
6448,0
6449,0.028807
6450,0
6451,0.024086
6452,0.00064692
6453,0
6454,0.012261
6455,0
6456,0
6457,0.012332
6458,0
6459,0
6460,0
6461,0
6462,0
6463,0
6464,0.031077
6465,0.012822
6466,0.027427
6467,0
6468,0.010579
6469,0
6470,0
6471,0
6472,0
6473,0.028807
6474,0
6475,0.024086
6476,0.00064692
6477,0
6478,0.012261
6479,0
6480,0
6481,0.012332
6482,0
6483,0
6484,0
6485,0
6486,0
6487,0
6488,0.031077
6489,0.012822
6490,0.027427
6491,0
6492,0.010579
6493,0
6494,0
6495,0
6496,0
6497,0.028807
6498,0
6499,0.024086
6500,0.00064692
6501,0
6502,0.012261
6503,0
6504,0
6505,0.012332
6506,0
6507,0
6508,0
6509,0
6510,0
6511,0
6512,0.031077
6513,0.012822
6514,0.027427
6515,0
6516,0.010579
6517,0
6518,0
6519,0
6520,0
6521,0.028807
6522,0
6523,0.024086
6524,0.00064692
6525,0
6526,0.012261
6527,0
6528,0
6529,0.012332
6530,0
6531,0
6532,0
6533,0
6534,0
6535,0
6536,0.031077
6537,0.012822
6538,0.027427
6539,0
6540,0.010579
6541,0
6542,0
6543,0
6544,0
6545,0.028807
6546,0
6547,0.024086
6548,0.00064692
6549,0
6550,0.012261
6551,0
6552,0
6553,0.012332
6554,0
6555,0
6556,0
6557,0
6558,0
6559,0
6560,0.031077
6561,0.012822
6562,0.027427
6563,0
6564,0.010579
6565,0
6566,0
6567,0
6568,0
6569,0.028807
6570,0
6571,0.024086
6572,0.00064692
6573,0
6574,0.012261
6575,0
6576,0
6577,0.012332
6578,0
6579,0
6580,0
6581,0
6582,0
6583,0
6584,0.031077
6585,0.012822
6586,0.027427
6587,0
6588,0.010579
6589,0
6590,0
6591,0
6592,0
6593,0.028807
6594,0
6595,0.024086
6596,0.00064692
6597,0
6598,0.012261
6599,0
6600,0
6601,0.012332
6602,0
6603,0
6604,0
6605,0
6606,0
6607,0
6608,0.031077
6609,0.012822
6610,0.027427
6611,0
6612,0.010579
6613,0
6614,0
6615,0
6616,0
6617,0.028807
6618,0
6619,0.024086
6620,0.00064692
6621,0
6622,0.012261
6623,0
6624,0
6625,0.012332
6626,0
6627,0
6628,0
6629,0
6630,0
6631,0
6632,0.031077
6633,0.012822
6634,0.027427
6635,0
6636,0.010579
6637,0
6638,0
6639,0
6640,0
6641,0.028807
6642,0
6643,0.024086
6644,0.00064692
6645,0
6646,0.012261
6647,0
6648,0
6649,0.012332
6650,0
6651,0
6652,0
6653,0
6654,0
6655,0
6656,0.031077
6657,0.012822
6658,0.027427
6659,0
6660,0.010579
6661,0
6662,0
6663,0
6664,0
6665,0.028807
6666,0
6667,0.024086
6668,0.00064692
6669,0
6670,0.012261
6671,0
6672,0
6673,0.012332
6674,0
6675,0
6676,0
6677,0
6678,0
6679,0
6680,0.031077
6681,0.012822
6682,0.027427
6683,0
6684,0.010579
6685,0
6686,0
6687,0
6688,0
6689,0.028807
6690,0
6691,0.024086
6692,0.00064692
6693,0
6694,0.012261
6695,0
6696,0
6697,0.012332
6698,0
6699,0
6700,0
6701,0
6702,0
6703,0
6704,0.031077
6705,0.012822
6706,0.027427
6707,0
6708,0.010579
6709,0
6710,0
6711,0
6712,0
6713,0.028807
6714,0
6715,0.024086
6716,0.00064692
6717,0
6718,0.012261
6719,0
6720,0
6721,0.012332
6722,0
6723,0
6724,0
6725,0
6726,0
6727,0
6728,0.031077
6729,0.012822
6730,0.027427
6731,0
6732,0.010579
6733,0
6734,0
6735,0
6736,0
6737,0.028807
6738,0
6739,0.024086
6740,0.00064692
6741,0
6742,0.012261
6743,0
6744,0
6745,0.012332
6746,0
6747,0
6748,0
6749,0
6750,0
6751,0
6752,0.031077
6753,0.012822
6754,0.027427
6755,0
6756,0.010579
6757,0
6758,0
6759,0
6760,0
6761,0.028807
6762,0
6763,0.024086
6764,0.00064692
6765,0
6766,0.012261
6767,0
6768,0
6769,0.012332
6770,0
6771,0
6772,0
6773,0
6774,0
6775,0
6776,0.031077
6777,0.012822
6778,0.027427
6779,0
6780,0.010579
6781,0
6782,0
6783,0
6784,0
6785,0.028807
6786,0
6787,0.024086
6788,0.00064692
6789,0
6790,0.012261
6791,0
6792,0
6793,0.012332
6794,0
6795,0
6796,0
6797,0
6798,0
6799,0
6800,0.031077
6801,0.012822
6802,0.027427
6803,0
6804,0.010579
6805,0
6806,0
6807,0
6808,0
6809,0.028807
6810,0
6811,0.024086
6812,0.00064692
6813,0
6814,0.012261
6815,0
6816,0
6817,0.012332
6818,0
6819,0
6820,0
6821,0
6822,0
6823,0
6824,0.031077
6825,0.012822
6826,0.027427
6827,0
6828,0.010579
6829,0
6830,0
6831,0
6832,0
6833,0.028807
6834,0
6835,0.024086
6836,0.00064692
6837,0
6838,0.012261
6839,0
6840,0
6841,0.012332
6842,0
6843,0
6844,0
6845,0
6846,0
6847,0
6848,0.031077
6849,0.012822
6850,0.027427
6851,0
6852,0.010579
6853,0
6854,0
6855,0
6856,0
6857,0.028807
6858,0
6859,0.024086
6860,0.00064692
6861,0
6862,0.012261
6863,0
6864,0
6865,0.012332
6866,0
6867,0
6868,0
6869,0
6870,0
6871,0
6872,0.031077
6873,0.012822
6874,0.027427
6875,0
6876,0.010579
6877,0
6878,0
6879,0
6880,0
6881,0.028807
6882,0
6883,0.024086
6884,0.00064692
6885,0
6886,0.012261
6887,0
6888,0
6889,0.012332
6890,0
6891,0
6892,0
6893,0
6894,0
6895,0
6896,0.031077
6897,0.012822
6898,0.027427
6899,0
6900,0.010579
6901,0
6902,0
6903,0
6904,0
6905,0.028807
6906,0
6907,0.024086
6908,0.00064692
6909,0
6910,0.012261
6911,0
6912,0
6913,0.012332
6914,0
6915,0
6916,0
6917,0
6918,0
6919,0
6920,0.031077
6921,0.012822
6922,0.027427
6923,0
6924,0.010579
6925,0
6926,0
6927,0
6928,0
6929,0.028807
6930,0
6931,0.024086
6932,0.00064692
6933,0
6934,0.012261
6935,0
6936,0
6937,0.012332
6938,0
6939,0
6940,0
6941,0
6942,0
6943,0
6944,0.031077
6945,0.012822
6946,0.027427
6947,0
6948,0.010579
6949,0
6950,0
6951,0
6952,0
6953,0.028807
6954,0
6955,0.024086
6956,0.00064692
6957,0
6958,0.012261
6959,0
6960,0
6961,0.012332
6962,0
6963,0
6964,0
6965,0
6966,0
6967,0
6968,0.031077
6969,0.012822
6970,0.027427
6971,0
6972,0.010579
6973,0
6974,0
6975,0
6976,0
6977,0.028807
6978,0
6979,0.024086
6980,0.00064692
6981,0
6982,0.012261
6983,0
6984,0
6985,0.012332
6986,0
6987,0
6988,0
6989,0
6990,0
6991,0
6992,0.031077
6993,0.012822
6994,0.027427
6995,0
6996,0.010579
6997,0
6998,0
6999,0
7000,0
7001,0.028807
7002,0
7003,0.024086
7004,0.00064692
7005,0
7006,0.012261
7007,0
7008,0
7009,0.012332
7010,0
7011,0
7012,0
7013,0
7014,0
7015,0
7016,0.031077
7017,0.012822
7018,0.027427
7019,0
7020,0.010579
7021,0
7022,0
7023,0
7024,0
7025,0.028807
7026,0
7027,0.024086
7028,0.00064692
7029,0
7030,0.012261
7031,0
7032,0
7033,0.012332
7034,0
7035,0
7036,0
7037,0
7038,0
7039,0
7040,0.031077
7041,0.012822
7042,0.027427
7043,0
7044,0.010579
7045,0
7046,0
7047,0
7048,0
7049,0.028807
7050,0
7051,0.024086
7052,0.00064692
7053,0
7054,0.012261
7055,0
7056,0
7057,0.012332
7058,0
7059,0
7060,0
7061,0
7062,0
7063,0
7064,0.031077
7065,0.012822
7066,0.027427
7067,0
7068,0.010579
7069,0
7070,0
7071,0
7072,0
7073,0.028807
7074,0
7075,0.024086
7076,0.00064692
7077,0
7078,0.012261
7079,0
7080,0
7081,0.012332
7082,0
7083,0
7084,0
7085,0
7086,0
7087,0
7088,0.031077
7089,0.012822
7090,0.027427
7091,0
7092,0.010579
7093,0
7094,0
7095,0
7096,0
7097,0.028807
7098,0
7099,0.024086
7100,0.00064692
7101,0
7102,0.012261
7103,0
7104,0
7105,0.012332
7106,0
7107,0
7108,0
7109,0
7110,0
7111,0
7112,0.031077
7113,0.012822
7114,0.027427
7115,0
7116,0.010579
7117,0
7118,0
7119,0
7120,0
7121,0.028807
7122,0
7123,0.024086
7124,0.00064692
7125,0
7126,0.012261
7127,0
7128,0
7129,0.012332
7130,0
7131,0
7132,0
7133,0
7134,0
7135,0
7136,0.031077
7137,0.012822
7138,0.027427
7139,0
7140,0.010579
7141,0
7142,0
7143,0
7144,0
7145,0.028807
7146,0
7147,0.024086
7148,0.00064692
7149,0
7150,0.012261
7151,0
7152,0
7153,0.012332
7154,0
7155,0
7156,0
7157,0
7158,0
7159,0
7160,0.031077
7161,0.012822
7162,0.027427
7163,0
7164,0.010579
7165,0
7166,0
7167,0
7168,0
7169,0.028807
7170,0
7171,0.024086
7172,0.00064692
7173,0
7174,0.012261
7175,0
7176,0
7177,0.012332
7178,0
7179,0
7180,0
7181,0
7182,0
7183,0
7184,0.031077
7185,0.012822
7186,0.027427
7187,0
7188,0.010579
7189,0
7190,0
7191,0
7192,0
7193,0.028807
7194,0
7195,0.024086
7196,0.00064692
7197,0
7198,0.012261
7199,0
7200,0
7201,0.012332
7202,0
7203,0
7204,0
7205,0
7206,0
7207,0
7208,0.031077
7209,0.012822
7210,0.027427
7211,0
7212,0.010579
7213,0
7214,0
7215,0
7216,0
7217,0.028807
7218,0
7219,0.024086
7220,0.00064692
7221,0
7222,0.012261
7223,0
7224,0
7225,0.012332
7226,0
7227,0
7228,0
7229,0
7230,0
7231,0
7232,0.031077
7233,0.012822
7234,0.027427
7235,0
7236,0.010579
7237,0
7238,0
7239,0
7240,0
7241,0.028807
7242,0
7243,0.024086
7244,0.00064692
7245,0
7246,0.012261
7247,0
7248,0
7249,0.012332
7250,0
7251,0
7252,0
7253,0
7254,0
7255,0
7256,0.031077
7257,0.012822
7258,0.027427
7259,0
7260,0.010579
7261,0
7262,0
7263,0
7264,0
7265,0.028807
7266,0
7267,0.024086
7268,0.00064692
7269,0
7270,0.012261
7271,0
7272,0
7273,0.012332
7274,0
7275,0
7276,0
7277,0
7278,0
7279,0
7280,0.031077
7281,0.012822
7282,0.027427
7283,0
7284,0.010579
7285,0
7286,0
7287,0
7288,0
7289,0.028807
7290,0
7291,0.024086
7292,0.00064692
7293,0
7294,0.012261
7295,0
7296,0
7297,0.012332
7298,0
7299,0
7300,0
7301,0
7302,0
7303,0
7304,0.031077
7305,0.012822
7306,0.027427
7307,0
7308,0.010579
7309,0
7310,0
7311,0
7312,0
7313,0.028807
7314,0
7315,0.024086
7316,0.00064692
7317,0
7318,0.012261
7319,0
7320,0
7321,0.012332
7322,0
7323,0
7324,0
7325,0
7326,0
7327,0
7328,0.031077
7329,0.012822
7330,0.027427
7331,0
7332,0.010579
7333,0
7334,0
7335,0
7336,0
7337,0.028807
7338,0
7339,0.024086
7340,0.00064692
7341,0
7342,0.012261
7343,0
7344,0
7345,0.012332
7346,0
7347,0
7348,0
7349,0
7350,0
7351,0
7352,0.031077
7353,0.012822
7354,0.027427
7355,0
7356,0.010579
7357,0
7358,0
7359,0
7360,0
7361,0.028807
7362,0
7363,0.024086
7364,0.00064692
7365,0
7366,0.012261
7367,0
7368,0
7369,0.012332
7370,0
7371,0
7372,0
7373,0
7374,0
7375,0
7376,0.031077
7377,0.012822
7378,0.027427
7379,0
7380,0.010579
7381,0
7382,0
7383,0
7384,0
7385,0.028807
7386,0
7387,0.024086
7388,0.00064692
7389,0
7390,0.012261
7391,0
7392,0
7393,0.012332
7394,0
7395,0
7396,0
7397,0
7398,0
7399,0
7400,0.031077
7401,0.012822
7402,0.027427
7403,0
7404,0.010579
7405,0
7406,0
7407,0
7408,0
7409,0.028807
7410,0
7411,0.024086
7412,0.00064692
7413,0
7414,0.012261
7415,0
7416,0
7417,0.012332
7418,0
7419,0
7420,0
7421,0
7422,0
7423,0
7424,0.031077
7425,0.012822
7426,0.027427
7427,0
7428,0.010579
7429,0
7430,0
7431,0
7432,0
7433,0.028807
7434,0
7435,0.024086
7436,0.00064692
7437,0
7438,0.012261
7439,0
7440,0
7441,0.012332
7442,0
7443,0
7444,0
7445,0
7446,0
7447,0
7448,0.031077
7449,0.012822
7450,0.027427
7451,0
7452,0.010579
7453,0
7454,0
7455,0
7456,0
7457,0.028807
7458,0
7459,0.024086
7460,0.00064692
7461,0
7462,0.012261
7463,0
7464,0
7465,0.012332
7466,0
7467,0
7468,0
7469,0
7470,0
7471,0
7472,0.031077
7473,0.012822
7474,0.027427
7475,0
7476,0.010579
7477,0
7478,0
7479,0
7480,0
7481,0.028807
7482,0
7483,0.024086
7484,0.00064692
7485,0
7486,0.012261
7487,0
7488,0
7489,0.012332
7490,0
7491,0
7492,0
7493,0
7494,0
7495,0
7496,0.031077
7497,0.012822
7498,0.027427
7499,0
7500,0.010579
7501,0
7502,0
7503,0
7504,0
7505,0.028807
7506,0
7507,0.024086
7508,0.00064692
7509,0
7510,0.012261
7511,0
7512,0
7513,0.012332
7514,0
7515,0
7516,0
7517,0
7518,0
7519,0
7520,0.031077
7521,0.012822
7522,0.027427
7523,0
7524,0.010579
7525,0
7526,0
7527,0
7528,0
7529,0.028807
7530,0
7531,0.024086
7532,0.00064692
7533,0
7534,0.012261
7535,0
7536,0
7537,0.012332
7538,0
7539,0
7540,0
7541,0
7542,0
7543,0
7544,0.031077
7545,0.012822
7546,0.027427
7547,0
7548,0.010579
7549,0
7550,0
7551,0
7552,0
7553,0.028807
7554,0
7555,0.024086
7556,0.00064692
7557,0
7558,0.012261
7559,0
7560,0
7561,0.012332
7562,0
7563,0
7564,0
7565,0
7566,0
7567,0
7568,0.031077
7569,0.012822
7570,0.027427
7571,0
7572,0.010579
7573,0
7574,0
7575,0
7576,0
7577,0.028807
7578,0
7579,0.024086
7580,0.00064692
7581,0
7582,0.012261
7583,0
7584,0
7585,0.012332
7586,0
7587,0
7588,0
7589,0
7590,0
7591,0
7592,0.031077
7593,0.012822
7594,0.027427
7595,0
7596,0.010579
7597,0
7598,0
7599,0
7600,0
7601,0.028807
7602,0
7603,0.024086
7604,0.00064692
7605,0
7606,0.012261
7607,0
7608,0
7609,0.012332
7610,0
7611,0
7612,0
7613,0
7614,0
7615,0
7616,0.031077
7617,0.012822
7618,0.027427
7619,0
7620,0.010579
7621,0
7622,0
7623,0
7624,0
7625,0.028807
7626,0
7627,0.024086
7628,0.00064692
7629,0
7630,0.012261
7631,0
7632,0
7633,0.012332
7634,0
7635,0
7636,0
7637,0
7638,0
7639,0
7640,0.031077
7641,0.012822
7642,0.027427
7643,0
7644,0.010579
7645,0
7646,0
7647,0
7648,0
7649,0.028807
7650,0
7651,0.024086
7652,0.00064692
7653,0
7654,0.012261
7655,0
7656,0
7657,0.012332
7658,0
7659,0
7660,0
7661,0
7662,0
7663,0
7664,0.031077
7665,0.012822
7666,0.027427
7667,0
7668,0.010579
7669,0
7670,0
7671,0
7672,0
7673,0.028807
7674,0
7675,0.024086
7676,0.00064692
7677,0
7678,0.012261
7679,0
7680,0
7681,0.012332
7682,0
7683,0
7684,0
7685,0
7686,0
7687,0
7688,0.031077
7689,0.012822
7690,0.027427
7691,0
7692,0.010579
7693,0
7694,0
7695,0
7696,0
7697,0.028807
7698,0
7699,0.024086
7700,0.00064692
7701,0
7702,0.012261
7703,0
7704,0
7705,0.012332
7706,0
7707,0
7708,0
7709,0
7710,0
7711,0
7712,0.031077
7713,0.012822
7714,0.027427
7715,0
7716,0.010579
7717,0
7718,0
7719,0
7720,0
7721,0.028807
7722,0
7723,0.024086
7724,0.00064692
7725,0
7726,0.012261
7727,0
7728,0
7729,0.012332
7730,0
7731,0
7732,0
7733,0
7734,0
7735,0
7736,0.031077
7737,0.012822
7738,0.027427
7739,0
7740,0.010579
7741,0
7742,0
7743,0
7744,0
7745,0.028807
7746,0
7747,0.024086
7748,0.00064692
7749,0
7750,0.012261
7751,0
7752,0
7753,0.012332
7754,0
7755,0
7756,0
7757,0
7758,0
7759,0
7760,0.031077
7761,0.012822
7762,0.027427
7763,0
7764,0.010579
7765,0
7766,0
7767,0
7768,0
7769,0.028807
7770,0
7771,0.024086
7772,0.00064692
7773,0
7774,0.012261
7775,0
7776,0
7777,0.012332
7778,0
7779,0
7780,0
7781,0
7782,0
7783,0
7784,0.031077
7785,0.012822
7786,0.027427
7787,0
7788,0.010579
7789,0
7790,0
7791,0
7792,0
7793,0.028807
7794,0
7795,0.024086
7796,0.00064692
7797,0
7798,0.012261
7799,0
7800,0
7801,0.012332
7802,0
7803,0
7804,0
7805,0
7806,0
7807,0
7808,0.031077
7809,0.012822
7810,0.027427
7811,0
7812,0.010579
7813,0
7814,0
7815,0
7816,0
7817,0.028807
7818,0
7819,0.024086
7820,0.00064692
7821,0
7822,0.012261
7823,0
7824,0
7825,0.012332
7826,0
7827,0
7828,0
7829,0
7830,0
7831,0
7832,0.031077
7833,0.012822
7834,0.027427
7835,0
7836,0.010579
7837,0
7838,0
7839,0
7840,0
7841,0.028807
7842,0
7843,0.024086
7844,0.00064692
7845,0
7846,0.012261
7847,0
7848,0
7849,0.012332
7850,0
7851,0
7852,0
7853,0
7854,0
7855,0
7856,0.031077
7857,0.012822
7858,0.027427
7859,0
7860,0.010579
7861,0
7862,0
7863,0
7864,0
7865,0.028807
7866,0
7867,0.024086
7868,0.00064692
7869,0
7870,0.012261
7871,0
7872,0
7873,0.012332
7874,0
7875,0
7876,0
7877,0
7878,0
7879,0
7880,0.031077
7881,0.012822
7882,0.027427
7883,0
7884,0.010579
7885,0
7886,0
7887,0
7888,0
7889,0.028807
7890,0
7891,0.024086
7892,0.00064692
7893,0
7894,0.012261
7895,0
7896,0
7897,0.012332
7898,0
7899,0
7900,0
7901,0
7902,0
7903,0
7904,0.031077
7905,0.012822
7906,0.027427
7907,0
7908,0.010579
7909,0
7910,0
7911,0
7912,0
7913,0.028807
7914,0
7915,0.024086
7916,0.00064692
7917,0
7918,0.012261
7919,0
7920,0
7921,0.012332
7922,0
7923,0
7924,0
7925,0
7926,0
7927,0
7928,0.031077
7929,0.012822
7930,0.027427
7931,0
7932,0.010579
7933,0
7934,0
7935,0
7936,0
7937,0.028807
7938,0
7939,0.024086
7940,0.00064692
7941,0
7942,0.012261
7943,0
7944,0
7945,0.012332
7946,0
7947,0
7948,0
7949,0
7950,0
7951,0
7952,0.031077
7953,0.012822
7954,0.027427
7955,0
7956,0.010579
7957,0
7958,0
7959,0
7960,0
7961,0.028807
7962,0
7963,0.024086
7964,0.00064692
7965,0
7966,0.012261
7967,0
7968,0
7969,0.012332
7970,0
7971,0
7972,0
7973,0
7974,0
7975,0
7976,0.031077
7977,0.012822
7978,0.027427
7979,0
7980,0.010579
7981,0
7982,0
7983,0
7984,0
7985,0.028807
7986,0
7987,0.024086
7988,0.00064692
7989,0
7990,0.012261
7991,0
7992,0
7993,0.012332
7994,0
7995,0
7996,0
7997,0
7998,0
7999,0
8000,0.031077
8001,0.012822
8002,0.027427
8003,0
8004,0.010579
8005,0
8006,0
8007,0
8008,0
8009,0.028807
8010,0
8011,0.024086
8012,0.00064692
8013,0
8014,0.012261
8015,0
8016,0
8017,0.012332
8018,0
8019,0
8020,0
8021,0
8022,0
8023,0
8024,0.031077
8025,0.012822
8026,0.027427
8027,0
8028,0.010579
8029,0
8030,0
8031,0
8032,0
8033,0.028807
8034,0
8035,0.024086
8036,0.00064692
8037,0
8038,0.012261
8039,0
8040,0
8041,0.012332
8042,0
8043,0
8044,0
8045,0
8046,0
8047,0
8048,0.031077
8049,0.012822
8050,0.027427
8051,0
8052,0.010579
8053,0
8054,0
8055,0
8056,0
8057,0.028807
8058,0
8059,0.024086
8060,0.00064692
8061,0
8062,0.012261
8063,0
8064,0
8065,0.012332
8066,0
8067,0
8068,0
8069,0
8070,0
8071,0
8072,0.031077
8073,0.012822
8074,0.027427
8075,0
8076,0.010579
8077,0
8078,0
8079,0
8080,0
8081,0.028807
8082,0
8083,0.024086
8084,0.00064692
8085,0
8086,0.012261
8087,0
8088,0
8089,0.012332
8090,0
8091,0
8092,0
8093,0
8094,0
8095,0
8096,0.031077
8097,0.012822
8098,0.027427
8099,0
8100,0.010579
8101,0
8102,0
8103,0
8104,0
8105,0.028807
8106,0
8107,0.024086
8108,0.00064692
8109,0
8110,0.012261
8111,0
8112,0
8113,0.012332
8114,0
8115,0
8116,0
8117,0
8118,0
8119,0
8120,0.031077
8121,0.012822
8122,0.027427
8123,0
8124,0.010579
8125,0
8126,0
8127,0
8128,0
8129,0.028807
8130,0
8131,0.024086
8132,0.00064692
8133,0
8134,0.012261
8135,0
8136,0
8137,0.012332
8138,0
8139,0
8140,0
8141,0
8142,0
8143,0
8144,0.031077
8145,0.012822
8146,0.027427
8147,0
8148,0.010579
8149,0
8150,0
8151,0
8152,0
8153,0.028807
8154,0
8155,0.024086
8156,0.00064692
8157,0
8158,0.012261
8159,0
8160,0
8161,0.012332
8162,0
8163,0
8164,0
8165,0
8166,0
8167,0
8168,0.031077
8169,0.012822
8170,0.027427
8171,0
8172,0.010579
8173,0
8174,0
8175,0
8176,0
8177,0.028807
8178,0
8179,0.024086
8180,0.00064692
8181,0
8182,0.012261
8183,0
8184,0
8185,0.012332
8186,0
8187,0
8188,0
8189,0
8190,0
8191,0
8192,0.031077
8193,0.012822
8194,0.027427
8195,0
8196,0.010579
8197,0
8198,0
8199,0
8200,0
8201,0.028807
8202,0
8203,0.024086
8204,0.00064692
8205,0
8206,0.012261
8207,0
8208,0
8209,0.012332
8210,0
8211,0
8212,0
8213,0
8214,0
8215,0
8216,0.031077
8217,0.012822
8218,0.027427
8219,0
8220,0.010579
8221,0
8222,0
8223,0
8224,0
8225,0.028807
8226,0
8227,0.024086
8228,0.00064692
8229,0
8230,0.012261
8231,0
8232,0
8233,0.012332
8234,0
8235,0
8236,0
8237,0
8238,0
8239,0
8240,0.031077
8241,0.012822
8242,0.027427
8243,0
8244,0.010579
8245,0
8246,0
8247,0
8248,0
8249,0.028807
8250,0
8251,0.024086
8252,0.00064692
8253,0
8254,0.012261
8255,0
8256,0
8257,0.012332
8258,0
8259,0
8260,0
8261,0
8262,0
8263,0
8264,0.031077
8265,0.012822
8266,0.027427
8267,0
8268,0.010579
8269,0
8270,0
8271,0
8272,0
8273,0.028807
8274,0
8275,0.024086
8276,0.00064692
8277,0
8278,0.012261
8279,0
8280,0
8281,0.012332
8282,0
8283,0
8284,0
8285,0
8286,0
8287,0
8288,0.031077
8289,0.012822
8290,0.027427
8291,0
8292,0.010579
8293,0
8294,0
8295,0
8296,0
8297,0.028807
8298,0
8299,0.024086
8300,0.00064692
8301,0
8302,0.012261
8303,0
8304,0
8305,0.012332
8306,0
8307,0
8308,0
8309,0
8310,0
8311,0
8312,0.031077
8313,0.012822
8314,0.027427
8315,0
8316,0.010579
8317,0
8318,0
8319,0
8320,0
8321,0.028807
8322,0
8323,0.024086
8324,0.00064692
8325,0
8326,0.012261
8327,0
8328,0
8329,0.012332
8330,0
8331,0
8332,0
8333,0
8334,0
8335,0
8336,0.031077
8337,0.012822
8338,0.027427
8339,0
8340,0.010579
8341,0
8342,0
8343,0
8344,0
8345,0.028807
8346,0
8347,0.024086
8348,0.00064692
8349,0
8350,0.012261
8351,0
8352,0
8353,0.012332
8354,0
8355,0
8356,0
8357,0
8358,0
8359,0
8360,0.031077
8361,0.012822
8362,0.027427
8363,0
8364,0.010579
8365,0
8366,0
8367,0
8368,0
8369,0.028807
8370,0
8371,0.024086
8372,0.00064692
8373,0
8374,0.012261
8375,0
8376,0
8377,0.012332
8378,0
8379,0
8380,0
8381,0
8382,0
8383,0
8384,0.031077
8385,0.012822
8386,0.027427
8387,0
8388,0.010579
8389,0
8390,0
8391,0
8392,0
8393,0.028807
8394,0
8395,0.024086
8396,0.00064692
8397,0
8398,0.012261
8399,0
8400,0
8401,0.012332
8402,0
8403,0
8404,0
8405,0
8406,0
8407,0
8408,0.031077
8409,0.012822
8410,0.027427
8411,0
8412,0.010579
8413,0
8414,0
8415,0
8416,0
8417,0.028807
8418,0
8419,0.024086
8420,0.00064692
8421,0
8422,0.012261
8423,0
8424,0
8425,0.012332
8426,0
8427,0
8428,0
8429,0
8430,0
8431,0
8432,0.031077
8433,0.012822
8434,0.027427
8435,0
8436,0.010579
8437,0
8438,0
8439,0
8440,0
8441,0.028807
8442,0
8443,0.024086
8444,0.00064692
8445,0
8446,0.012261
8447,0
8448,0
8449,0.012332
8450,0
8451,0
8452,0
8453,0
8454,0
8455,0
8456,0.031077
8457,0.012822
8458,0.027427
8459,0
8460,0.010579
8461,0
8462,0
8463,0
8464,0
8465,0.028807
8466,0
8467,0.024086
8468,0.00064692
8469,0
8470,0.012261
8471,0
8472,0
8473,0.012332
8474,0
8475,0
8476,0
8477,0
8478,0
8479,0
8480,0.031077
8481,0.012822
8482,0.027427
8483,0
8484,0.010579
8485,0
8486,0
8487,0
8488,0
8489,0.028807
8490,0
8491,0.024086
8492,0.00064692
8493,0
8494,0.012261
8495,0
8496,0
8497,0.012332
8498,0
8499,0
8500,0
8501,0
8502,0
8503,0
8504,0.031077
8505,0.012822
8506,0.027427
8507,0
8508,0.010579
8509,0
8510,0
8511,0
8512,0
8513,0.028807
8514,0
8515,0.024086
8516,0.00064692
8517,0
8518,0.012261
8519,0
8520,0
8521,0.012332
8522,0
8523,0
8524,0
8525,0
8526,0
8527,0
8528,0.031077
8529,0.012822
8530,0.027427
8531,0
8532,0.010579
8533,0
8534,0
8535,0
8536,0
8537,0.028807
8538,0
8539,0.024086
8540,0.00064692
8541,0
8542,0.012261
8543,0
8544,0
8545,0.012332
8546,0
8547,0
8548,0
8549,0
8550,0
8551,0
8552,0.031077
8553,0.012822
8554,0.027427
8555,0
8556,0.010579
8557,0
8558,0
8559,0
8560,0
8561,0.028807
8562,0
8563,0.024086
8564,0.00064692
8565,0
8566,0.012261
8567,0
8568,0
8569,0.012332
8570,0
8571,0
8572,0
8573,0
8574,0
8575,0
8576,0.031077
8577,0.012822
8578,0.027427
8579,0
8580,0.010579
8581,0
8582,0
8583,0
8584,0
8585,0.028807
8586,0
8587,0.024086
8588,0.00064692
8589,0
8590,0.012261
8591,0
8592,0
8593,0.012332
8594,0
8595,0
8596,0
8597,0
8598,0
8599,0
8600,0.031077
8601,0.012822
8602,0.027427
8603,0
8604,0.010579
8605,0
8606,0
8607,0
8608,0
8609,0.028807
8610,0
8611,0.024086
8612,0.00064692
8613,0
8614,0.012261
8615,0
8616,0
8617,0.012332
8618,0
8619,0
8620,0
8621,0
8622,0
8623,0
8624,0.031077
8625,0.012822
8626,0.027427
8627,0
8628,0.010579
8629,0
8630,0
8631,0
8632,0
8633,0.028807
8634,0
8635,0.024086
8636,0.00064692
8637,0
8638,0.012261
8639,0
8640,0
8641,0.012332
8642,0
8643,0
8644,0
8645,0
8646,0
8647,0
8648,0.031077
8649,0.012822
8650,0.027427
8651,0
8652,0.010579
8653,0
8654,0
8655,0
8656,0
8657,0.028807
8658,0
8659,0.024086
8660,0.00064692
8661,0
8662,0.012261
8663,0
8664,0
8665,0.012332
8666,0
8667,0
8668,0
8669,0
8670,0
8671,0
8672,0.031077
8673,0.012822
8674,0.027427
8675,0
8676,0.010579
8677,0
8678,0
8679,0
8680,0
8681,0.028807
8682,0
8683,0.024086
8684,0.00064692
8685,0
8686,0.012261
8687,0
8688,0
8689,0.012332
8690,0
8691,0
8692,0
8693,0
8694,0
8695,0
8696,0.031077
8697,0.012822
8698,0.027427
8699,0
8700,0.010579
8701,0
8702,0
8703,0
8704,0
8705,0.028807
8706,0
8707,0.024086
8708,0.00064692
8709,0
8710,0.012261
8711,0
8712,0
8713,0.012332
8714,0
8715,0
8716,0
8717,0
8718,0
8719,0
8720,0.031077
8721,0.012822
8722,0.027427
8723,0
8724,0.010579
8725,0
8726,0
8727,0
8728,0
8729,0.028807
8730,0
8731,0.024086
8732,0.00064692
8733,0
8734,0.012261
8735,0
8736,0
8737,0.012332
8738,0
8739,0
8740,0
8741,0
8742,0
8743,0
8744,0.031077
8745,0.012822
8746,0.027427
8747,0
8748,0.010579
8749,0
8750,0
8751,0
8752,0
8753,0.028807
8754,0
8755,0.024086
8756,0.00064692
8757,0
8758,0.012261
8759,0
8760,0
