Interval,S1_21,
1,0
2,0
3,0
4,0
5,0
6,0.02024
7,0.0077054
8,0.068961
9,0.069746
10,0.03207
11,0.023937
12,0.028412
13,0.02412
14,0.013764
15,0
16,0
17,0.023214
18,0.058178
19,0.061081
20,0.012655
21,0.021415
22,0.011863
23,0
24,0
25,0
26,0
27,0
28,0
29,0
30,0.02024
31,0.0077054
32,0.068961
33,0.069746
34,0.03207
35,0.023937
36,0.028412
37,0.02412
38,0.013764
39,0
40,0
41,0.023214
42,0.058178
43,0.061081
44,0.012655
45,0.021415
46,0.011863
47,0
48,0
49,0
50,0
51,0
52,0
53,0
54,0.02024
55,0.0077054
56,0.068961
57,0.069746
58,0.03207
59,0.023937
60,0.028412
61,0.02412
62,0.013764
63,0
64,0
65,0.023214
66,0.058178
67,0.061081
68,0.012655
69,0.021415
70,0.011863
71,0
72,0
73,0
74,0
75,0
76,0
77,0
78,0.02024
79,0.0077054
80,0.068961
81,0.069746
82,0.03207
83,0.023937
84,0.028412
85,0.02412
86,0.013764
87,0
88,0
89,0.023214
90,0.058178
91,0.061081
92,0.012655
93,0.021415
94,0.011863
95,0
96,0
97,0
98,0
99,0
100,0
101,0
102,0.02024
103,0.0077054
104,0.068961
105,0.069746
106,0.03207
107,0.023937
108,0.028412
109,0.02412
110,0.013764
111,0
112,0
113,0.023214
114,0.058178
115,0.061081
116,0.012655
117,0.021415
118,0.011863
119,0
120,0
121,0
122,0
123,0
124,0
125,0
126,0.02024
127,0.0077054
128,0.068961
129,0.069746
130,0.03207
131,0.023937
132,0.028412
133,0.02412
134,0.013764
135,0
136,0
137,0.023214
138,0.058178
139,0.061081
140,0.012655
141,0.021415
142,0.011863
143,0
144,0
145,0
146,0
147,0
148,0
149,0
150,0.02024
151,0.0077054
152,0.068961
153,0.069746
154,0.03207
155,0.023937
156,0.028412
157,0.02412
158,0.013764
159,0
160,0
161,0.023214
162,0.058178
163,0.061081
164,0.012655
165,0.021415
166,0.011863
167,0
168,0
169,0
170,0
171,0
172,0
173,0
174,0.02024
175,0.0077054
176,0.068961
177,0.069746
178,0.03207
179,0.023937
180,0.028412
181,0.02412
182,0.013764
183,0
184,0
185,0.023214
186,0.058178
187,0.061081
188,0.012655
189,0.021415
190,0.011863
191,0
192,0
193,0
194,0
195,0
196,0
197,0
198,0.02024
199,0.0077054
200,0.068961
201,0.069746
202,0.03207
203,0.023937
204,0.028412
205,0.02412
206,0.013764
207,0
208,0
209,0.023214
210,0.058178
211,0.061081
212,0.012655
213,0.021415
214,0.011863
215,0
216,0
217,0
218,0
219,0
220,0
221,0
222,0.02024
223,0.0077054
224,0.068961
225,0.069746
226,0.03207
227,0.023937
228,0.028412
229,0.02412
230,0.013764
231,0
232,0
233,0.023214
234,0.058178
235,0.061081
236,0.012655
237,0.021415
238,0.011863
239,0
240,0
241,0
242,0
243,0
244,0
245,0
246,0.02024
247,0.0077054
248,0.068961
249,0.069746
250,0.03207
251,0.023937
252,0.028412
253,0.02412
254,0.013764
255,0
256,0
257,0.023214
258,0.058178
259,0.061081
260,0.012655
261,0.021415
262,0.011863
263,0
264,0
265,0
266,0
267,0
268,0
269,0
270,0.02024
271,0.0077054
272,0.068961
273,0.069746
274,0.03207
275,0.023937
276,0.028412
277,0.02412
278,0.013764
279,0
280,0
281,0.023214
282,0.058178
283,0.061081
284,0.012655
285,0.021415
286,0.011863
287,0
288,0
289,0
290,0
291,0
292,0
293,0
294,0.02024
295,0.0077054
296,0.068961
297,0.069746
298,0.03207
299,0.023937
300,0.028412
301,0.02412
302,0.013764
303,0
304,0
305,0.023214
306,0.058178
307,0.061081
308,0.012655
309,0.021415
310,0.011863
311,0
312,0
313,0
314,0
315,0
316,0
317,0
318,0.02024
319,0.0077054
320,0.068961
321,0.069746
322,0.03207
323,0.023937
324,0.028412
325,0.02412
326,0.013764
327,0
328,0
329,0.023214
330,0.058178
331,0.061081
332,0.012655
333,0.021415
334,0.011863
335,0
336,0
337,0
338,0
339,0
340,0
341,0
342,0.02024
343,0.0077054
344,0.068961
345,0.069746
346,0.03207
347,0.023937
348,0.028412
349,0.02412
350,0.013764
351,0
352,0
353,0.023214
354,0.058178
355,0.061081
356,0.012655
357,0.021415
358,0.011863
359,0
360,0
361,0
362,0
363,0
364,0
365,0
366,0.02024
367,0.0077054
368,0.068961
369,0.069746
370,0.03207
371,0.023937
372,0.028412
373,0.02412
374,0.013764
375,0
376,0
377,0.023214
378,0.058178
379,0.061081
380,0.012655
381,0.021415
382,0.011863
383,0
384,0
385,0
386,0
387,0
388,0
389,0
390,0.02024
391,0.0077054
392,0.068961
393,0.069746
394,0.03207
395,0.023937
396,0.028412
397,0.02412
398,0.013764
399,0
400,0
401,0.023214
402,0.058178
403,0.061081
404,0.012655
405,0.021415
406,0.011863
407,0
408,0
409,0
410,0
411,0
412,0
413,0
414,0.02024
415,0.0077054
416,0.068961
417,0.069746
418,0.03207
419,0.023937
420,0.028412
421,0.02412
422,0.013764
423,0
424,0
425,0.023214
426,0.058178
427,0.061081
428,0.012655
429,0.021415
430,0.011863
431,0
432,0
433,0
434,0
435,0
436,0
437,0
438,0.02024
439,0.0077054
440,0.068961
441,0.069746
442,0.03207
443,0.023937
444,0.028412
445,0.02412
446,0.013764
447,0
448,0
449,0.023214
450,0.058178
451,0.061081
452,0.012655
453,0.021415
454,0.011863
455,0
456,0
457,0
458,0
459,0
460,0
461,0
462,0.02024
463,0.0077054
464,0.068961
465,0.069746
466,0.03207
467,0.023937
468,0.028412
469,0.02412
470,0.013764
471,0
472,0
473,0.023214
474,0.058178
475,0.061081
476,0.012655
477,0.021415
478,0.011863
479,0
480,0
481,0
482,0
483,0
484,0
485,0
486,0.02024
487,0.0077054
488,0.068961
489,0.069746
490,0.03207
491,0.023937
492,0.028412
493,0.02412
494,0.013764
495,0
496,0
497,0.023214
498,0.058178
499,0.061081
500,0.012655
501,0.021415
502,0.011863
503,0
504,0
505,0
506,0
507,0
508,0
509,0
510,0.02024
511,0.0077054
512,0.068961
513,0.069746
514,0.03207
515,0.023937
516,0.028412
517,0.02412
518,0.013764
519,0
520,0
521,0.023214
522,0.058178
523,0.061081
524,0.012655
525,0.021415
526,0.011863
527,0
528,0
529,0
530,0
531,0
532,0
533,0
534,0.02024
535,0.0077054
536,0.068961
537,0.069746
538,0.03207
539,0.023937
540,0.028412
541,0.02412
542,0.013764
543,0
544,0
545,0.023214
546,0.058178
547,0.061081
548,0.012655
549,0.021415
550,0.011863
551,0
552,0
553,0
554,0
555,0
556,0
557,0
558,0.02024
559,0.0077054
560,0.068961
561,0.069746
562,0.03207
563,0.023937
564,0.028412
565,0.02412
566,0.013764
567,0
568,0
569,0.023214
570,0.058178
571,0.061081
572,0.012655
573,0.021415
574,0.011863
575,0
576,0
577,0
578,0
579,0
580,0
581,0
582,0.02024
583,0.0077054
584,0.068961
585,0.069746
586,0.03207
587,0.023937
588,0.028412
589,0.02412
590,0.013764
591,0
592,0
593,0.023214
594,0.058178
595,0.061081
596,0.012655
597,0.021415
598,0.011863
599,0
600,0
601,0
602,0
603,0
604,0
605,0
606,0.02024
607,0.0077054
608,0.068961
609,0.069746
610,0.03207
611,0.023937
612,0.028412
613,0.02412
614,0.013764
615,0
616,0
617,0.023214
618,0.058178
619,0.061081
620,0.012655
621,0.021415
622,0.011863
623,0
624,0
625,0
626,0
627,0
628,0
629,0
630,0.02024
631,0.0077054
632,0.068961
633,0.069746
634,0.03207
635,0.023937
636,0.028412
637,0.02412
638,0.013764
639,0
640,0
641,0.023214
642,0.058178
643,0.061081
644,0.012655
645,0.021415
646,0.011863
647,0
648,0
649,0
650,0
651,0
652,0
653,0
654,0.02024
655,0.0077054
656,0.068961
657,0.069746
658,0.03207
659,0.023937
660,0.028412
661,0.02412
662,0.013764
663,0
664,0
665,0.023214
666,0.058178
667,0.061081
668,0.012655
669,0.021415
670,0.011863
671,0
672,0
673,0
674,0
675,0
676,0
677,0
678,0.02024
679,0.0077054
680,0.068961
681,0.069746
682,0.03207
683,0.023937
684,0.028412
685,0.02412
686,0.013764
687,0
688,0
689,0.023214
690,0.058178
691,0.061081
692,0.012655
693,0.021415
694,0.011863
695,0
696,0
697,0
698,0
699,0
700,0
701,0
702,0.02024
703,0.0077054
704,0.068961
705,0.069746
706,0.03207
707,0.023937
708,0.028412
709,0.02412
710,0.013764
711,0
712,0
713,0.023214
714,0.058178
715,0.061081
716,0.012655
717,0.021415
718,0.011863
719,0
720,0
721,0
722,0
723,0
724,0
725,0
726,0.02024
727,0.0077054
728,0.068961
729,0.069746
730,0.03207
731,0.023937
732,0.028412
733,0.02412
734,0.013764
735,0
736,0
737,0.023214
738,0.058178
739,0.061081
740,0.012655
741,0.021415
742,0.011863
743,0
744,0
745,0
746,0
747,0
748,0
749,0
750,0.02024
751,0.0077054
752,0.068961
753,0.069746
754,0.03207
755,0.023937
756,0.028412
757,0.02412
758,0.013764
759,0
760,0
761,0.023214
762,0.058178
763,0.061081
764,0.012655
765,0.021415
766,0.011863
767,0
768,0
769,0
770,0
771,0
772,0
773,0
774,0.02024
775,0.0077054
776,0.068961
777,0.069746
778,0.03207
779,0.023937
780,0.028412
781,0.02412
782,0.013764
783,0
784,0
785,0.023214
786,0.058178
787,0.061081
788,0.012655
789,0.021415
790,0.011863
791,0
792,0
793,0
794,0
795,0
796,0
797,0
798,0.02024
799,0.0077054
800,0.068961
801,0.069746
802,0.03207
803,0.023937
804,0.028412
805,0.02412
806,0.013764
807,0
808,0
809,0.023214
810,0.058178
811,0.061081
812,0.012655
813,0.021415
814,0.011863
815,0
816,0
817,0
818,0
819,0
820,0
821,0
822,0.02024
823,0.0077054
824,0.068961
825,0.069746
826,0.03207
827,0.023937
828,0.028412
829,0.02412
830,0.013764
831,0
832,0
833,0.023214
834,0.058178
835,0.061081
836,0.012655
837,0.021415
838,0.011863
839,0
840,0
841,0
842,0
843,0
844,0
845,0
846,0.02024
847,0.0077054
848,0.068961
849,0.069746
850,0.03207
851,0.023937
852,0.028412
853,0.02412
854,0.013764
855,0
856,0
857,0.023214
858,0.058178
859,0.061081
860,0.012655
861,0.021415
862,0.011863
863,0
864,0
865,0
866,0
867,0
868,0
869,0
870,0.02024
871,0.0077054
872,0.068961
873,0.069746
874,0.03207
875,0.023937
876,0.028412
877,0.02412
878,0.013764
879,0
880,0
881,0.023214
882,0.058178
883,0.061081
884,0.012655
885,0.021415
886,0.011863
887,0
888,0
889,0
890,0
891,0
892,0
893,0
894,0.02024
895,0.0077054
896,0.068961
897,0.069746
898,0.03207
899,0.023937
900,0.028412
901,0.02412
902,0.013764
903,0
904,0
905,0.023214
906,0.058178
907,0.061081
908,0.012655
909,0.021415
910,0.011863
911,0
912,0
913,0
914,0
915,0
916,0
917,0
918,0.02024
919,0.0077054
920,0.068961
921,0.069746
922,0.03207
923,0.023937
924,0.028412
925,0.02412
926,0.013764
927,0
928,0
929,0.023214
930,0.058178
931,0.061081
932,0.012655
933,0.021415
934,0.011863
935,0
936,0
937,0
938,0
939,0
940,0
941,0
942,0.02024
943,0.0077054
944,0.068961
945,0.069746
946,0.03207
947,0.023937
948,0.028412
949,0.02412
950,0.013764
951,0
952,0
953,0.023214
954,0.058178
955,0.061081
956,0.012655
957,0.021415
958,0.011863
959,0
960,0
961,0
962,0
963,0
964,0
965,0
966,0.02024
967,0.0077054
968,0.068961
969,0.069746
970,0.03207
971,0.023937
972,0.028412
973,0.02412
974,0.013764
975,0
976,0
977,0.023214
978,0.058178
979,0.061081
980,0.012655
981,0.021415
982,0.011863
983,0
984,0
985,0
986,0
987,0
988,0
989,0
990,0.02024
991,0.0077054
992,0.068961
993,0.069746
994,0.03207
995,0.023937
996,0.028412
997,0.02412
998,0.013764
999,0
1000,0
1001,0.023214
1002,0.058178
1003,0.061081
1004,0.012655
1005,0.021415
1006,0.011863
1007,0
1008,0
1009,0
1010,0
1011,0
1012,0
1013,0
1014,0.02024
1015,0.0077054
1016,0.068961
1017,0.069746
1018,0.03207
1019,0.023937
1020,0.028412
1021,0.02412
1022,0.013764
1023,0
1024,0
1025,0.023214
1026,0.058178
1027,0.061081
1028,0.012655
1029,0.021415
1030,0.011863
1031,0
1032,0
1033,0
1034,0
1035,0
1036,0
1037,0
1038,0.02024
1039,0.0077054
1040,0.068961
1041,0.069746
1042,0.03207
1043,0.023937
1044,0.028412
1045,0.02412
1046,0.013764
1047,0
1048,0
1049,0.023214
1050,0.058178
1051,0.061081
1052,0.012655
1053,0.021415
1054,0.011863
1055,0
1056,0
1057,0
1058,0
1059,0
1060,0
1061,0
1062,0.02024
1063,0.0077054
1064,0.068961
1065,0.069746
1066,0.03207
1067,0.023937
1068,0.028412
1069,0.02412
1070,0.013764
1071,0
1072,0
1073,0.023214
1074,0.058178
1075,0.061081
1076,0.012655
1077,0.021415
1078,0.011863
1079,0
1080,0
1081,0
1082,0
1083,0
1084,0
1085,0
1086,0.02024
1087,0.0077054
1088,0.068961
1089,0.069746
1090,0.03207
1091,0.023937
1092,0.028412
1093,0.02412
1094,0.013764
1095,0
1096,0
1097,0.023214
1098,0.058178
1099,0.061081
1100,0.012655
1101,0.021415
1102,0.011863
1103,0
1104,0
1105,0
1106,0
1107,0
1108,0
1109,0
1110,0.02024
1111,0.0077054
1112,0.068961
1113,0.069746
1114,0.03207
1115,0.023937
1116,0.028412
1117,0.02412
1118,0.013764
1119,0
1120,0
1121,0.023214
1122,0.058178
1123,0.061081
1124,0.012655
1125,0.021415
1126,0.011863
1127,0
1128,0
1129,0
1130,0
1131,0
1132,0
1133,0
1134,0.02024
1135,0.0077054
1136,0.068961
1137,0.069746
1138,0.03207
1139,0.023937
1140,0.028412
1141,0.02412
1142,0.013764
1143,0
1144,0
1145,0.023214
1146,0.058178
1147,0.061081
1148,0.012655
1149,0.021415
1150,0.011863
1151,0
1152,0
1153,0
1154,0
1155,0
1156,0
1157,0
1158,0.02024
1159,0.0077054
1160,0.068961
1161,0.069746
1162,0.03207
1163,0.023937
1164,0.028412
1165,0.02412
1166,0.013764
1167,0
1168,0
1169,0.023214
1170,0.058178
1171,0.061081
1172,0.012655
1173,0.021415
1174,0.011863
1175,0
1176,0
1177,0
1178,0
1179,0
1180,0
1181,0
1182,0.02024
1183,0.0077054
1184,0.068961
1185,0.069746
1186,0.03207
1187,0.023937
1188,0.028412
1189,0.02412
1190,0.013764
1191,0
1192,0
1193,0.023214
1194,0.058178
1195,0.061081
1196,0.012655
1197,0.021415
1198,0.011863
1199,0
1200,0
1201,0
1202,0
1203,0
1204,0
1205,0
1206,0.02024
1207,0.0077054
1208,0.068961
1209,0.069746
1210,0.03207
1211,0.023937
1212,0.028412
1213,0.02412
1214,0.013764
1215,0
1216,0
1217,0.023214
1218,0.058178
1219,0.061081
1220,0.012655
1221,0.021415
1222,0.011863
1223,0
1224,0
1225,0
1226,0
1227,0
1228,0
1229,0
1230,0.02024
1231,0.0077054
1232,0.068961
1233,0.069746
1234,0.03207
1235,0.023937
1236,0.028412
1237,0.02412
1238,0.013764
1239,0
1240,0
1241,0.023214
1242,0.058178
1243,0.061081
1244,0.012655
1245,0.021415
1246,0.011863
1247,0
1248,0
1249,0
1250,0
1251,0
1252,0
1253,0
1254,0.02024
1255,0.0077054
1256,0.068961
1257,0.069746
1258,0.03207
1259,0.023937
1260,0.028412
1261,0.02412
1262,0.013764
1263,0
1264,0
1265,0.023214
1266,0.058178
1267,0.061081
1268,0.012655
1269,0.021415
1270,0.011863
1271,0
1272,0
1273,0
1274,0
1275,0
1276,0
1277,0
1278,0.02024
1279,0.0077054
1280,0.068961
1281,0.069746
1282,0.03207
1283,0.023937
1284,0.028412
1285,0.02412
1286,0.013764
1287,0
1288,0
1289,0.023214
1290,0.058178
1291,0.061081
1292,0.012655
1293,0.021415
1294,0.011863
1295,0
1296,0
1297,0
1298,0
1299,0
1300,0
1301,0
1302,0.02024
1303,0.0077054
1304,0.068961
1305,0.069746
1306,0.03207
1307,0.023937
1308,0.028412
1309,0.02412
1310,0.013764
1311,0
1312,0
1313,0.023214
1314,0.058178
1315,0.061081
1316,0.012655
1317,0.021415
1318,0.011863
1319,0
1320,0
1321,0
1322,0
1323,0
1324,0
1325,0
1326,0.02024
1327,0.0077054
1328,0.068961
1329,0.069746
1330,0.03207
1331,0.023937
1332,0.028412
1333,0.02412
1334,0.013764
1335,0
1336,0
1337,0.023214
1338,0.058178
1339,0.061081
1340,0.012655
1341,0.021415
1342,0.011863
1343,0
1344,0
1345,0
1346,0
1347,0
1348,0
1349,0
1350,0.02024
1351,0.0077054
1352,0.068961
1353,0.069746
1354,0.03207
1355,0.023937
1356,0.028412
1357,0.02412
1358,0.013764
1359,0
1360,0
1361,0.023214
1362,0.058178
1363,0.061081
1364,0.012655
1365,0.021415
1366,0.011863
1367,0
1368,0
1369,0
1370,0
1371,0
1372,0
1373,0
1374,0.02024
1375,0.0077054
1376,0.068961
1377,0.069746
1378,0.03207
1379,0.023937
1380,0.028412
1381,0.02412
1382,0.013764
1383,0
1384,0
1385,0.023214
1386,0.058178
1387,0.061081
1388,0.012655
1389,0.021415
1390,0.011863
1391,0
1392,0
1393,0
1394,0
1395,0
1396,0
1397,0
1398,0.02024
1399,0.0077054
1400,0.068961
1401,0.069746
1402,0.03207
1403,0.023937
1404,0.028412
1405,0.02412
1406,0.013764
1407,0
1408,0
1409,0.023214
1410,0.058178
1411,0.061081
1412,0.012655
1413,0.021415
1414,0.011863
1415,0
1416,0
1417,0
1418,0
1419,0
1420,0
1421,0
1422,0.02024
1423,0.0077054
1424,0.068961
1425,0.069746
1426,0.03207
1427,0.023937
1428,0.028412
1429,0.02412
1430,0.013764
1431,0
1432,0
1433,0.023214
1434,0.058178
1435,0.061081
1436,0.012655
1437,0.021415
1438,0.011863
1439,0
1440,0
1441,0
1442,0
1443,0
1444,0
1445,0
1446,0.02024
1447,0.0077054
1448,0.068961
1449,0.069746
1450,0.03207
1451,0.023937
1452,0.028412
1453,0.02412
1454,0.013764
1455,0
1456,0
1457,0.023214
1458,0.058178
1459,0.061081
1460,0.012655
1461,0.021415
1462,0.011863
1463,0
1464,0
1465,0
1466,0
1467,0
1468,0
1469,0
1470,0.02024
1471,0.0077054
1472,0.068961
1473,0.069746
1474,0.03207
1475,0.023937
1476,0.028412
1477,0.02412
1478,0.013764
1479,0
1480,0
1481,0.023214
1482,0.058178
1483,0.061081
1484,0.012655
1485,0.021415
1486,0.011863
1487,0
1488,0
1489,0
1490,0
1491,0
1492,0
1493,0
1494,0.02024
1495,0.0077054
1496,0.068961
1497,0.069746
1498,0.03207
1499,0.023937
1500,0.028412
1501,0.02412
1502,0.013764
1503,0
1504,0
1505,0.023214
1506,0.058178
1507,0.061081
1508,0.012655
1509,0.021415
1510,0.011863
1511,0
1512,0
1513,0
1514,0
1515,0
1516,0
1517,0
1518,0.02024
1519,0.0077054
1520,0.068961
1521,0.069746
1522,0.03207
1523,0.023937
1524,0.028412
1525,0.02412
1526,0.013764
1527,0
1528,0
1529,0.023214
1530,0.058178
1531,0.061081
1532,0.012655
1533,0.021415
1534,0.011863
1535,0
1536,0
1537,0
1538,0
1539,0
1540,0
1541,0
1542,0.02024
1543,0.0077054
1544,0.068961
1545,0.069746
1546,0.03207
1547,0.023937
1548,0.028412
1549,0.02412
1550,0.013764
1551,0
1552,0
1553,0.023214
1554,0.058178
1555,0.061081
1556,0.012655
1557,0.021415
1558,0.011863
1559,0
1560,0
1561,0
1562,0
1563,0
1564,0
1565,0
1566,0.02024
1567,0.0077054
1568,0.068961
1569,0.069746
1570,0.03207
1571,0.023937
1572,0.028412
1573,0.02412
1574,0.013764
1575,0
1576,0
1577,0.023214
1578,0.058178
1579,0.061081
1580,0.012655
1581,0.021415
1582,0.011863
1583,0
1584,0
1585,0
1586,0
1587,0
1588,0
1589,0
1590,0.02024
1591,0.0077054
1592,0.068961
1593,0.069746
1594,0.03207
1595,0.023937
1596,0.028412
1597,0.02412
1598,0.013764
1599,0
1600,0
1601,0.023214
1602,0.058178
1603,0.061081
1604,0.012655
1605,0.021415
1606,0.011863
1607,0
1608,0
1609,0
1610,0
1611,0
1612,0
1613,0
1614,0.02024
1615,0.0077054
1616,0.068961
1617,0.069746
1618,0.03207
1619,0.023937
1620,0.028412
1621,0.02412
1622,0.013764
1623,0
1624,0
1625,0.023214
1626,0.058178
1627,0.061081
1628,0.012655
1629,0.021415
1630,0.011863
1631,0
1632,0
1633,0
1634,0
1635,0
1636,0
1637,0
1638,0.02024
1639,0.0077054
1640,0.068961
1641,0.069746
1642,0.03207
1643,0.023937
1644,0.028412
1645,0.02412
1646,0.013764
1647,0
1648,0
1649,0.023214
1650,0.058178
1651,0.061081
1652,0.012655
1653,0.021415
1654,0.011863
1655,0
1656,0
1657,0
1658,0
1659,0
1660,0
1661,0
1662,0.02024
1663,0.0077054
1664,0.068961
1665,0.069746
1666,0.03207
1667,0.023937
1668,0.028412
1669,0.02412
1670,0.013764
1671,0
1672,0
1673,0.023214
1674,0.058178
1675,0.061081
1676,0.012655
1677,0.021415
1678,0.011863
1679,0
1680,0
1681,0
1682,0
1683,0
1684,0
1685,0
1686,0.02024
1687,0.0077054
1688,0.068961
1689,0.069746
1690,0.03207
1691,0.023937
1692,0.028412
1693,0.02412
1694,0.013764
1695,0
1696,0
1697,0.023214
1698,0.058178
1699,0.061081
1700,0.012655
1701,0.021415
1702,0.011863
1703,0
1704,0
1705,0
1706,0
1707,0
1708,0
1709,0
1710,0.02024
1711,0.0077054
1712,0.068961
1713,0.069746
1714,0.03207
1715,0.023937
1716,0.028412
1717,0.02412
1718,0.013764
1719,0
1720,0
1721,0.023214
1722,0.058178
1723,0.061081
1724,0.012655
1725,0.021415
1726,0.011863
1727,0
1728,0
1729,0
1730,0
1731,0
1732,0
1733,0
1734,0.02024
1735,0.0077054
1736,0.068961
1737,0.069746
1738,0.03207
1739,0.023937
1740,0.028412
1741,0.02412
1742,0.013764
1743,0
1744,0
1745,0.023214
1746,0.058178
1747,0.061081
1748,0.012655
1749,0.021415
1750,0.011863
1751,0
1752,0
1753,0
1754,0
1755,0
1756,0
1757,0
1758,0.02024
1759,0.0077054
1760,0.068961
1761,0.069746
1762,0.03207
1763,0.023937
1764,0.028412
1765,0.02412
1766,0.013764
1767,0
1768,0
1769,0.023214
1770,0.058178
1771,0.061081
1772,0.012655
1773,0.021415
1774,0.011863
1775,0
1776,0
1777,0
1778,0
1779,0
1780,0
1781,0
1782,0.02024
1783,0.0077054
1784,0.068961
1785,0.069746
1786,0.03207
1787,0.023937
1788,0.028412
1789,0.02412
1790,0.013764
1791,0
1792,0
1793,0.023214
1794,0.058178
1795,0.061081
1796,0.012655
1797,0.021415
1798,0.011863
1799,0
1800,0
1801,0
1802,0
1803,0
1804,0
1805,0
1806,0.02024
1807,0.0077054
1808,0.068961
1809,0.069746
1810,0.03207
1811,0.023937
1812,0.028412
1813,0.02412
1814,0.013764
1815,0
1816,0
1817,0.023214
1818,0.058178
1819,0.061081
1820,0.012655
1821,0.021415
1822,0.011863
1823,0
1824,0
1825,0
1826,0
1827,0
1828,0
1829,0
1830,0.02024
1831,0.0077054
1832,0.068961
1833,0.069746
1834,0.03207
1835,0.023937
1836,0.028412
1837,0.02412
1838,0.013764
1839,0
1840,0
1841,0.023214
1842,0.058178
1843,0.061081
1844,0.012655
1845,0.021415
1846,0.011863
1847,0
1848,0
1849,0
1850,0
1851,0
1852,0
1853,0
1854,0.02024
1855,0.0077054
1856,0.068961
1857,0.069746
1858,0.03207
1859,0.023937
1860,0.028412
1861,0.02412
1862,0.013764
1863,0
1864,0
1865,0.023214
1866,0.058178
1867,0.061081
1868,0.012655
1869,0.021415
1870,0.011863
1871,0
1872,0
1873,0
1874,0
1875,0
1876,0
1877,0
1878,0.02024
1879,0.0077054
1880,0.068961
1881,0.069746
1882,0.03207
1883,0.023937
1884,0.028412
1885,0.02412
1886,0.013764
1887,0
1888,0
1889,0.023214
1890,0.058178
1891,0.061081
1892,0.012655
1893,0.021415
1894,0.011863
1895,0
1896,0
1897,0
1898,0
1899,0
1900,0
1901,0
1902,0.02024
1903,0.0077054
1904,0.068961
1905,0.069746
1906,0.03207
1907,0.023937
1908,0.028412
1909,0.02412
1910,0.013764
1911,0
1912,0
1913,0.023214
1914,0.058178
1915,0.061081
1916,0.012655
1917,0.021415
1918,0.011863
1919,0
1920,0
1921,0
1922,0
1923,0
1924,0
1925,0
1926,0.02024
1927,0.0077054
1928,0.068961
1929,0.069746
1930,0.03207
1931,0.023937
1932,0.028412
1933,0.02412
1934,0.013764
1935,0
1936,0
1937,0.023214
1938,0.058178
1939,0.061081
1940,0.012655
1941,0.021415
1942,0.011863
1943,0
1944,0
1945,0
1946,0
1947,0
1948,0
1949,0
1950,0.02024
1951,0.0077054
1952,0.068961
1953,0.069746
1954,0.03207
1955,0.023937
1956,0.028412
1957,0.02412
1958,0.013764
1959,0
1960,0
1961,0.023214
1962,0.058178
1963,0.061081
1964,0.012655
1965,0.021415
1966,0.011863
1967,0
1968,0
1969,0
1970,0
1971,0
1972,0
1973,0
1974,0.02024
1975,0.0077054
1976,0.068961
1977,0.069746
1978,0.03207
1979,0.023937
1980,0.028412
1981,0.02412
1982,0.013764
1983,0
1984,0
1985,0.023214
1986,0.058178
1987,0.061081
1988,0.012655
1989,0.021415
1990,0.011863
1991,0
1992,0
1993,0
1994,0
1995,0
1996,0
1997,0
1998,0.02024
1999,0.0077054
2000,0.068961
2001,0.069746
2002,0.03207
2003,0.023937
2004,0.028412
2005,0.02412
2006,0.013764
2007,0
2008,0
2009,0.023214
2010,0.058178
2011,0.061081
2012,0.012655
2013,0.021415
2014,0.011863
2015,0
2016,0
2017,0
2018,0
2019,0
2020,0
2021,0
2022,0.02024
2023,0.0077054
2024,0.068961
2025,0.069746
2026,0.03207
2027,0.023937
2028,0.028412
2029,0.02412
2030,0.013764
2031,0
2032,0
2033,0.023214
2034,0.058178
2035,0.061081
2036,0.012655
2037,0.021415
2038,0.011863
2039,0
2040,0
2041,0
2042,0
2043,0
2044,0
2045,0
2046,0.02024
2047,0.0077054
2048,0.068961
2049,0.069746
2050,0.03207
2051,0.023937
2052,0.028412
2053,0.02412
2054,0.013764
2055,0
2056,0
2057,0.023214
2058,0.058178
2059,0.061081
2060,0.012655
2061,0.021415
2062,0.011863
2063,0
2064,0
2065,0
2066,0
2067,0
2068,0
2069,0
2070,0.02024
2071,0.0077054
2072,0.068961
2073,0.069746
2074,0.03207
2075,0.023937
2076,0.028412
2077,0.02412
2078,0.013764
2079,0
2080,0
2081,0.023214
2082,0.058178
2083,0.061081
2084,0.012655
2085,0.021415
2086,0.011863
2087,0
2088,0
2089,0
2090,0
2091,0
2092,0
2093,0
2094,0.02024
2095,0.0077054
2096,0.068961
2097,0.069746
2098,0.03207
2099,0.023937
2100,0.028412
2101,0.02412
2102,0.013764
2103,0
2104,0
2105,0.023214
2106,0.058178
2107,0.061081
2108,0.012655
2109,0.021415
2110,0.011863
2111,0
2112,0
2113,0
2114,0
2115,0
2116,0
2117,0
2118,0.02024
2119,0.0077054
2120,0.068961
2121,0.069746
2122,0.03207
2123,0.023937
2124,0.028412
2125,0.02412
2126,0.013764
2127,0
2128,0
2129,0.023214
2130,0.058178
2131,0.061081
2132,0.012655
2133,0.021415
2134,0.011863
2135,0
2136,0
2137,0
2138,0
2139,0
2140,0
2141,0
2142,0.02024
2143,0.0077054
2144,0.068961
2145,0.069746
2146,0.03207
2147,0.023937
2148,0.028412
2149,0.02412
2150,0.013764
2151,0
2152,0
2153,0.023214
2154,0.058178
2155,0.061081
2156,0.012655
2157,0.021415
2158,0.011863
2159,0
2160,0
2161,0
2162,0
2163,0
2164,0
2165,0
2166,0.02024
2167,0.0077054
2168,0.068961
2169,0.069746
2170,0.03207
2171,0.023937
2172,0.028412
2173,0.02412
2174,0.013764
2175,0
2176,0
2177,0.023214
2178,0.058178
2179,0.061081
2180,0.012655
2181,0.021415
2182,0.011863
2183,0
2184,0
2185,0
2186,0
2187,0
2188,0
2189,0
2190,0.02024
2191,0.0077054
2192,0.068961
2193,0.069746
2194,0.03207
2195,0.023937
2196,0.028412
2197,0.02412
2198,0.013764
2199,0
2200,0
2201,0.023214
2202,0.058178
2203,0.061081
2204,0.012655
2205,0.021415
2206,0.011863
2207,0
2208,0
2209,0
2210,0
2211,0
2212,0
2213,0
2214,0.02024
2215,0.0077054
2216,0.068961
2217,0.069746
2218,0.03207
2219,0.023937
2220,0.028412
2221,0.02412
2222,0.013764
2223,0
2224,0
2225,0.023214
2226,0.058178
2227,0.061081
2228,0.012655
2229,0.021415
2230,0.011863
2231,0
2232,0
2233,0
2234,0
2235,0
2236,0
2237,0
2238,0.02024
2239,0.0077054
2240,0.068961
2241,0.069746
2242,0.03207
2243,0.023937
2244,0.028412
2245,0.02412
2246,0.013764
2247,0
2248,0
2249,0.023214
2250,0.058178
2251,0.061081
2252,0.012655
2253,0.021415
2254,0.011863
2255,0
2256,0
2257,0
2258,0
2259,0
2260,0
2261,0
2262,0.02024
2263,0.0077054
2264,0.068961
2265,0.069746
2266,0.03207
2267,0.023937
2268,0.028412
2269,0.02412
2270,0.013764
2271,0
2272,0
2273,0.023214
2274,0.058178
2275,0.061081
2276,0.012655
2277,0.021415
2278,0.011863
2279,0
2280,0
2281,0
2282,0
2283,0
2284,0
2285,0
2286,0.02024
2287,0.0077054
2288,0.068961
2289,0.069746
2290,0.03207
2291,0.023937
2292,0.028412
2293,0.02412
2294,0.013764
2295,0
2296,0
2297,0.023214
2298,0.058178
2299,0.061081
2300,0.012655
2301,0.021415
2302,0.011863
2303,0
2304,0
2305,0
2306,0
2307,0
2308,0
2309,0
2310,0.02024
2311,0.0077054
2312,0.068961
2313,0.069746
2314,0.03207
2315,0.023937
2316,0.028412
2317,0.02412
2318,0.013764
2319,0
2320,0
2321,0.023214
2322,0.058178
2323,0.061081
2324,0.012655
2325,0.021415
2326,0.011863
2327,0
2328,0
2329,0
2330,0
2331,0
2332,0
2333,0
2334,0.02024
2335,0.0077054
2336,0.068961
2337,0.069746
2338,0.03207
2339,0.023937
2340,0.028412
2341,0.02412
2342,0.013764
2343,0
2344,0
2345,0.023214
2346,0.058178
2347,0.061081
2348,0.012655
2349,0.021415
2350,0.011863
2351,0
2352,0
2353,0
2354,0
2355,0
2356,0
2357,0
2358,0.02024
2359,0.0077054
2360,0.068961
2361,0.069746
2362,0.03207
2363,0.023937
2364,0.028412
2365,0.02412
2366,0.013764
2367,0
2368,0
2369,0.023214
2370,0.058178
2371,0.061081
2372,0.012655
2373,0.021415
2374,0.011863
2375,0
2376,0
2377,0
2378,0
2379,0
2380,0
2381,0
2382,0.02024
2383,0.0077054
2384,0.068961
2385,0.069746
2386,0.03207
2387,0.023937
2388,0.028412
2389,0.02412
2390,0.013764
2391,0
2392,0
2393,0.023214
2394,0.058178
2395,0.061081
2396,0.012655
2397,0.021415
2398,0.011863
2399,0
2400,0
2401,0
2402,0
2403,0
2404,0
2405,0
2406,0.02024
2407,0.0077054
2408,0.068961
2409,0.069746
2410,0.03207
2411,0.023937
2412,0.028412
2413,0.02412
2414,0.013764
2415,0
2416,0
2417,0.023214
2418,0.058178
2419,0.061081
2420,0.012655
2421,0.021415
2422,0.011863
2423,0
2424,0
2425,0
2426,0
2427,0
2428,0
2429,0
2430,0.02024
2431,0.0077054
2432,0.068961
2433,0.069746
2434,0.03207
2435,0.023937
2436,0.028412
2437,0.02412
2438,0.013764
2439,0
2440,0
2441,0.023214
2442,0.058178
2443,0.061081
2444,0.012655
2445,0.021415
2446,0.011863
2447,0
2448,0
2449,0
2450,0
2451,0
2452,0
2453,0
2454,0.02024
2455,0.0077054
2456,0.068961
2457,0.069746
2458,0.03207
2459,0.023937
2460,0.028412
2461,0.02412
2462,0.013764
2463,0
2464,0
2465,0.023214
2466,0.058178
2467,0.061081
2468,0.012655
2469,0.021415
2470,0.011863
2471,0
2472,0
2473,0
2474,0
2475,0
2476,0
2477,0
2478,0.02024
2479,0.0077054
2480,0.068961
2481,0.069746
2482,0.03207
2483,0.023937
2484,0.028412
2485,0.02412
2486,0.013764
2487,0
2488,0
2489,0.023214
2490,0.058178
2491,0.061081
2492,0.012655
2493,0.021415
2494,0.011863
2495,0
2496,0
2497,0
2498,0
2499,0
2500,0
2501,0
2502,0.02024
2503,0.0077054
2504,0.068961
2505,0.069746
2506,0.03207
2507,0.023937
2508,0.028412
2509,0.02412
2510,0.013764
2511,0
2512,0
2513,0.023214
2514,0.058178
2515,0.061081
2516,0.012655
2517,0.021415
2518,0.011863
2519,0
2520,0
2521,0
2522,0
2523,0
2524,0
2525,0
2526,0.02024
2527,0.0077054
2528,0.068961
2529,0.069746
2530,0.03207
2531,0.023937
2532,0.028412
2533,0.02412
2534,0.013764
2535,0
2536,0
2537,0.023214
2538,0.058178
2539,0.061081
2540,0.012655
2541,0.021415
2542,0.011863
2543,0
2544,0
2545,0
2546,0
2547,0
2548,0
2549,0
2550,0.02024
2551,0.0077054
2552,0.068961
2553,0.069746
2554,0.03207
2555,0.023937
2556,0.028412
2557,0.02412
2558,0.013764
2559,0
2560,0
2561,0.023214
2562,0.058178
2563,0.061081
2564,0.012655
2565,0.021415
2566,0.011863
2567,0
2568,0
2569,0
2570,0
2571,0
2572,0
2573,0
2574,0.02024
2575,0.0077054
2576,0.068961
2577,0.069746
2578,0.03207
2579,0.023937
2580,0.028412
2581,0.02412
2582,0.013764
2583,0
2584,0
2585,0.023214
2586,0.058178
2587,0.061081
2588,0.012655
2589,0.021415
2590,0.011863
2591,0
2592,0
2593,0
2594,0
2595,0
2596,0
2597,0
2598,0.02024
2599,0.0077054
2600,0.068961
2601,0.069746
2602,0.03207
2603,0.023937
2604,0.028412
2605,0.02412
2606,0.013764
2607,0
2608,0
2609,0.023214
2610,0.058178
2611,0.061081
2612,0.012655
2613,0.021415
2614,0.011863
2615,0
2616,0
2617,0
2618,0
2619,0
2620,0
2621,0
2622,0.02024
2623,0.0077054
2624,0.068961
2625,0.069746
2626,0.03207
2627,0.023937
2628,0.028412
2629,0.02412
2630,0.013764
2631,0
2632,0
2633,0.023214
2634,0.058178
2635,0.061081
2636,0.012655
2637,0.021415
2638,0.011863
2639,0
2640,0
2641,0
2642,0
2643,0
2644,0
2645,0
2646,0.02024
2647,0.0077054
2648,0.068961
2649,0.069746
2650,0.03207
2651,0.023937
2652,0.028412
2653,0.02412
2654,0.013764
2655,0
2656,0
2657,0.023214
2658,0.058178
2659,0.061081
2660,0.012655
2661,0.021415
2662,0.011863
2663,0
2664,0
2665,0
2666,0
2667,0
2668,0
2669,0
2670,0.02024
2671,0.0077054
2672,0.068961
2673,0.069746
2674,0.03207
2675,0.023937
2676,0.028412
2677,0.02412
2678,0.013764
2679,0
2680,0
2681,0.023214
2682,0.058178
2683,0.061081
2684,0.012655
2685,0.021415
2686,0.011863
2687,0
2688,0
2689,0
2690,0
2691,0
2692,0
2693,0
2694,0.02024
2695,0.0077054
2696,0.068961
2697,0.069746
2698,0.03207
2699,0.023937
2700,0.028412
2701,0.02412
2702,0.013764
2703,0
2704,0
2705,0.023214
2706,0.058178
2707,0.061081
2708,0.012655
2709,0.021415
2710,0.011863
2711,0
2712,0
2713,0
2714,0
2715,0
2716,0
2717,0
2718,0.02024
2719,0.0077054
2720,0.068961
2721,0.069746
2722,0.03207
2723,0.023937
2724,0.028412
2725,0.02412
2726,0.013764
2727,0
2728,0
2729,0.023214
2730,0.058178
2731,0.061081
2732,0.012655
2733,0.021415
2734,0.011863
2735,0
2736,0
2737,0
2738,0
2739,0
2740,0
2741,0
2742,0.02024
2743,0.0077054
2744,0.068961
2745,0.069746
2746,0.03207
2747,0.023937
2748,0.028412
2749,0.02412
2750,0.013764
2751,0
2752,0
2753,0.023214
2754,0.058178
2755,0.061081
2756,0.012655
2757,0.021415
2758,0.011863
2759,0
2760,0
2761,0
2762,0
2763,0
2764,0
2765,0
2766,0.02024
2767,0.0077054
2768,0.068961
2769,0.069746
2770,0.03207
2771,0.023937
2772,0.028412
2773,0.02412
2774,0.013764
2775,0
2776,0
2777,0.023214
2778,0.058178
2779,0.061081
2780,0.012655
2781,0.021415
2782,0.011863
2783,0
2784,0
2785,0
2786,0
2787,0
2788,0
2789,0
2790,0.02024
2791,0.0077054
2792,0.068961
2793,0.069746
2794,0.03207
2795,0.023937
2796,0.028412
2797,0.02412
2798,0.013764
2799,0
2800,0
2801,0.023214
2802,0.058178
2803,0.061081
2804,0.012655
2805,0.021415
2806,0.011863
2807,0
2808,0
2809,0
2810,0
2811,0
2812,0
2813,0
2814,0.02024
2815,0.0077054
2816,0.068961
2817,0.069746
2818,0.03207
2819,0.023937
2820,0.028412
2821,0.02412
2822,0.013764
2823,0
2824,0
2825,0.023214
2826,0.058178
2827,0.061081
2828,0.012655
2829,0.021415
2830,0.011863
2831,0
2832,0
2833,0
2834,0
2835,0
2836,0
2837,0
2838,0.02024
2839,0.0077054
2840,0.068961
2841,0.069746
2842,0.03207
2843,0.023937
2844,0.028412
2845,0.02412
2846,0.013764
2847,0
2848,0
2849,0.023214
2850,0.058178
2851,0.061081
2852,0.012655
2853,0.021415
2854,0.011863
2855,0
2856,0
2857,0
2858,0
2859,0
2860,0
2861,0
2862,0.02024
2863,0.0077054
2864,0.068961
2865,0.069746
2866,0.03207
2867,0.023937
2868,0.028412
2869,0.02412
2870,0.013764
2871,0
2872,0
2873,0.023214
2874,0.058178
2875,0.061081
2876,0.012655
2877,0.021415
2878,0.011863
2879,0
2880,0
2881,0
2882,0
2883,0
2884,0
2885,0
2886,0.02024
2887,0.0077054
2888,0.068961
2889,0.069746
2890,0.03207
2891,0.023937
2892,0.028412
2893,0.02412
2894,0.013764
2895,0
2896,0
2897,0.023214
2898,0.058178
2899,0.061081
2900,0.012655
2901,0.021415
2902,0.011863
2903,0
2904,0
2905,0
2906,0
2907,0
2908,0
2909,0
2910,0.02024
2911,0.0077054
2912,0.068961
2913,0.069746
2914,0.03207
2915,0.023937
2916,0.028412
2917,0.02412
2918,0.013764
2919,0
2920,0
2921,0.023214
2922,0.058178
2923,0.061081
2924,0.012655
2925,0.021415
2926,0.011863
2927,0
2928,0
2929,0
2930,0
2931,0
2932,0
2933,0
2934,0.02024
2935,0.0077054
2936,0.068961
2937,0.069746
2938,0.03207
2939,0.023937
2940,0.028412
2941,0.02412
2942,0.013764
2943,0
2944,0
2945,0.023214
2946,0.058178
2947,0.061081
2948,0.012655
2949,0.021415
2950,0.011863
2951,0
2952,0
2953,0
2954,0
2955,0
2956,0
2957,0
2958,0.02024
2959,0.0077054
2960,0.068961
2961,0.069746
2962,0.03207
2963,0.023937
2964,0.028412
2965,0.02412
2966,0.013764
2967,0
2968,0
2969,0.023214
2970,0.058178
2971,0.061081
2972,0.012655
2973,0.021415
2974,0.011863
2975,0
2976,0
2977,0
2978,0
2979,0
2980,0
2981,0
2982,0.02024
2983,0.0077054
2984,0.068961
2985,0.069746
2986,0.03207
2987,0.023937
2988,0.028412
2989,0.02412
2990,0.013764
2991,0
2992,0
2993,0.023214
2994,0.058178
2995,0.061081
2996,0.012655
2997,0.021415
2998,0.011863
2999,0
3000,0
3001,0
3002,0
3003,0
3004,0
3005,0
3006,0.02024
3007,0.0077054
3008,0.068961
3009,0.069746
3010,0.03207
3011,0.023937
3012,0.028412
3013,0.02412
3014,0.013764
3015,0
3016,0
3017,0.023214
3018,0.058178
3019,0.061081
3020,0.012655
3021,0.021415
3022,0.011863
3023,0
3024,0
3025,0
3026,0
3027,0
3028,0
3029,0
3030,0.02024
3031,0.0077054
3032,0.068961
3033,0.069746
3034,0.03207
3035,0.023937
3036,0.028412
3037,0.02412
3038,0.013764
3039,0
3040,0
3041,0.023214
3042,0.058178
3043,0.061081
3044,0.012655
3045,0.021415
3046,0.011863
3047,0
3048,0
3049,0
3050,0
3051,0
3052,0
3053,0
3054,0.02024
3055,0.0077054
3056,0.068961
3057,0.069746
3058,0.03207
3059,0.023937
3060,0.028412
3061,0.02412
3062,0.013764
3063,0
3064,0
3065,0.023214
3066,0.058178
3067,0.061081
3068,0.012655
3069,0.021415
3070,0.011863
3071,0
3072,0
3073,0
3074,0
3075,0
3076,0
3077,0
3078,0.02024
3079,0.0077054
3080,0.068961
3081,0.069746
3082,0.03207
3083,0.023937
3084,0.028412
3085,0.02412
3086,0.013764
3087,0
3088,0
3089,0.023214
3090,0.058178
3091,0.061081
3092,0.012655
3093,0.021415
3094,0.011863
3095,0
3096,0
3097,0
3098,0
3099,0
3100,0
3101,0
3102,0.02024
3103,0.0077054
3104,0.068961
3105,0.069746
3106,0.03207
3107,0.023937
3108,0.028412
3109,0.02412
3110,0.013764
3111,0
3112,0
3113,0.023214
3114,0.058178
3115,0.061081
3116,0.012655
3117,0.021415
3118,0.011863
3119,0
3120,0
3121,0
3122,0
3123,0
3124,0
3125,0
3126,0.02024
3127,0.0077054
3128,0.068961
3129,0.069746
3130,0.03207
3131,0.023937
3132,0.028412
3133,0.02412
3134,0.013764
3135,0
3136,0
3137,0.023214
3138,0.058178
3139,0.061081
3140,0.012655
3141,0.021415
3142,0.011863
3143,0
3144,0
3145,0
3146,0
3147,0
3148,0
3149,0
3150,0.02024
3151,0.0077054
3152,0.068961
3153,0.069746
3154,0.03207
3155,0.023937
3156,0.028412
3157,0.02412
3158,0.013764
3159,0
3160,0
3161,0.023214
3162,0.058178
3163,0.061081
3164,0.012655
3165,0.021415
3166,0.011863
3167,0
3168,0
3169,0
3170,0
3171,0
3172,0
3173,0
3174,0.02024
3175,0.0077054
3176,0.068961
3177,0.069746
3178,0.03207
3179,0.023937
3180,0.028412
3181,0.02412
3182,0.013764
3183,0
3184,0
3185,0.023214
3186,0.058178
3187,0.061081
3188,0.012655
3189,0.021415
3190,0.011863
3191,0
3192,0
3193,0
3194,0
3195,0
3196,0
3197,0
3198,0.02024
3199,0.0077054
3200,0.068961
3201,0.069746
3202,0.03207
3203,0.023937
3204,0.028412
3205,0.02412
3206,0.013764
3207,0
3208,0
3209,0.023214
3210,0.058178
3211,0.061081
3212,0.012655
3213,0.021415
3214,0.011863
3215,0
3216,0
3217,0
3218,0
3219,0
3220,0
3221,0
3222,0.02024
3223,0.0077054
3224,0.068961
3225,0.069746
3226,0.03207
3227,0.023937
3228,0.028412
3229,0.02412
3230,0.013764
3231,0
3232,0
3233,0.023214
3234,0.058178
3235,0.061081
3236,0.012655
3237,0.021415
3238,0.011863
3239,0
3240,0
3241,0
3242,0
3243,0
3244,0
3245,0
3246,0.02024
3247,0.0077054
3248,0.068961
3249,0.069746
3250,0.03207
3251,0.023937
3252,0.028412
3253,0.02412
3254,0.013764
3255,0
3256,0
3257,0.023214
3258,0.058178
3259,0.061081
3260,0.012655
3261,0.021415
3262,0.011863
3263,0
3264,0
3265,0
3266,0
3267,0
3268,0
3269,0
3270,0.02024
3271,0.0077054
3272,0.068961
3273,0.069746
3274,0.03207
3275,0.023937
3276,0.028412
3277,0.02412
3278,0.013764
3279,0
3280,0
3281,0.023214
3282,0.058178
3283,0.061081
3284,0.012655
3285,0.021415
3286,0.011863
3287,0
3288,0
3289,0
3290,0
3291,0
3292,0
3293,0
3294,0.02024
3295,0.0077054
3296,0.068961
3297,0.069746
3298,0.03207
3299,0.023937
3300,0.028412
3301,0.02412
3302,0.013764
3303,0
3304,0
3305,0.023214
3306,0.058178
3307,0.061081
3308,0.012655
3309,0.021415
3310,0.011863
3311,0
3312,0
3313,0
3314,0
3315,0
3316,0
3317,0
3318,0.02024
3319,0.0077054
3320,0.068961
3321,0.069746
3322,0.03207
3323,0.023937
3324,0.028412
3325,0.02412
3326,0.013764
3327,0
3328,0
3329,0.023214
3330,0.058178
3331,0.061081
3332,0.012655
3333,0.021415
3334,0.011863
3335,0
3336,0
3337,0
3338,0
3339,0
3340,0
3341,0
3342,0.02024
3343,0.0077054
3344,0.068961
3345,0.069746
3346,0.03207
3347,0.023937
3348,0.028412
3349,0.02412
3350,0.013764
3351,0
3352,0
3353,0.023214
3354,0.058178
3355,0.061081
3356,0.012655
3357,0.021415
3358,0.011863
3359,0
3360,0
3361,0
3362,0
3363,0
3364,0
3365,0
3366,0.02024
3367,0.0077054
3368,0.068961
3369,0.069746
3370,0.03207
3371,0.023937
3372,0.028412
3373,0.02412
3374,0.013764
3375,0
3376,0
3377,0.023214
3378,0.058178
3379,0.061081
3380,0.012655
3381,0.021415
3382,0.011863
3383,0
3384,0
3385,0
3386,0
3387,0
3388,0
3389,0
3390,0.02024
3391,0.0077054
3392,0.068961
3393,0.069746
3394,0.03207
3395,0.023937
3396,0.028412
3397,0.02412
3398,0.013764
3399,0
3400,0
3401,0.023214
3402,0.058178
3403,0.061081
3404,0.012655
3405,0.021415
3406,0.011863
3407,0
3408,0
3409,0
3410,0
3411,0
3412,0
3413,0
3414,0.02024
3415,0.0077054
3416,0.068961
3417,0.069746
3418,0.03207
3419,0.023937
3420,0.028412
3421,0.02412
3422,0.013764
3423,0
3424,0
3425,0.023214
3426,0.058178
3427,0.061081
3428,0.012655
3429,0.021415
3430,0.011863
3431,0
3432,0
3433,0
3434,0
3435,0
3436,0
3437,0
3438,0.02024
3439,0.0077054
3440,0.068961
3441,0.069746
3442,0.03207
3443,0.023937
3444,0.028412
3445,0.02412
3446,0.013764
3447,0
3448,0
3449,0.023214
3450,0.058178
3451,0.061081
3452,0.012655
3453,0.021415
3454,0.011863
3455,0
3456,0
3457,0
3458,0
3459,0
3460,0
3461,0
3462,0.02024
3463,0.0077054
3464,0.068961
3465,0.069746
3466,0.03207
3467,0.023937
3468,0.028412
3469,0.02412
3470,0.013764
3471,0
3472,0
3473,0.023214
3474,0.058178
3475,0.061081
3476,0.012655
3477,0.021415
3478,0.011863
3479,0
3480,0
3481,0
3482,0
3483,0
3484,0
3485,0
3486,0.02024
3487,0.0077054
3488,0.068961
3489,0.069746
3490,0.03207
3491,0.023937
3492,0.028412
3493,0.02412
3494,0.013764
3495,0
3496,0
3497,0.023214
3498,0.058178
3499,0.061081
3500,0.012655
3501,0.021415
3502,0.011863
3503,0
3504,0
3505,0
3506,0
3507,0
3508,0
3509,0
3510,0.02024
3511,0.0077054
3512,0.068961
3513,0.069746
3514,0.03207
3515,0.023937
3516,0.028412
3517,0.02412
3518,0.013764
3519,0
3520,0
3521,0.023214
3522,0.058178
3523,0.061081
3524,0.012655
3525,0.021415
3526,0.011863
3527,0
3528,0
3529,0
3530,0
3531,0
3532,0
3533,0
3534,0.02024
3535,0.0077054
3536,0.068961
3537,0.069746
3538,0.03207
3539,0.023937
3540,0.028412
3541,0.02412
3542,0.013764
3543,0
3544,0
3545,0.023214
3546,0.058178
3547,0.061081
3548,0.012655
3549,0.021415
3550,0.011863
3551,0
3552,0
3553,0
3554,0
3555,0
3556,0
3557,0
3558,0.02024
3559,0.0077054
3560,0.068961
3561,0.069746
3562,0.03207
3563,0.023937
3564,0.028412
3565,0.02412
3566,0.013764
3567,0
3568,0
3569,0.023214
3570,0.058178
3571,0.061081
3572,0.012655
3573,0.021415
3574,0.011863
3575,0
3576,0
3577,0
3578,0
3579,0
3580,0
3581,0
3582,0.02024
3583,0.0077054
3584,0.068961
3585,0.069746
3586,0.03207
3587,0.023937
3588,0.028412
3589,0.02412
3590,0.013764
3591,0
3592,0
3593,0.023214
3594,0.058178
3595,0.061081
3596,0.012655
3597,0.021415
3598,0.011863
3599,0
3600,0
3601,0
3602,0
3603,0
3604,0
3605,0
3606,0.02024
3607,0.0077054
3608,0.068961
3609,0.069746
3610,0.03207
3611,0.023937
3612,0.028412
3613,0.02412
3614,0.013764
3615,0
3616,0
3617,0.023214
3618,0.058178
3619,0.061081
3620,0.012655
3621,0.021415
3622,0.011863
3623,0
3624,0
3625,0
3626,0
3627,0
3628,0
3629,0
3630,0.02024
3631,0.0077054
3632,0.068961
3633,0.069746
3634,0.03207
3635,0.023937
3636,0.028412
3637,0.02412
3638,0.013764
3639,0
3640,0
3641,0.023214
3642,0.058178
3643,0.061081
3644,0.012655
3645,0.021415
3646,0.011863
3647,0
3648,0
3649,0
3650,0
3651,0
3652,0
3653,0
3654,0.02024
3655,0.0077054
3656,0.068961
3657,0.069746
3658,0.03207
3659,0.023937
3660,0.028412
3661,0.02412
3662,0.013764
3663,0
3664,0
3665,0.023214
3666,0.058178
3667,0.061081
3668,0.012655
3669,0.021415
3670,0.011863
3671,0
3672,0
3673,0
3674,0
3675,0
3676,0
3677,0
3678,0.02024
3679,0.0077054
3680,0.068961
3681,0.069746
3682,0.03207
3683,0.023937
3684,0.028412
3685,0.02412
3686,0.013764
3687,0
3688,0
3689,0.023214
3690,0.058178
3691,0.061081
3692,0.012655
3693,0.021415
3694,0.011863
3695,0
3696,0
3697,0
3698,0
3699,0
3700,0
3701,0
3702,0.02024
3703,0.0077054
3704,0.068961
3705,0.069746
3706,0.03207
3707,0.023937
3708,0.028412
3709,0.02412
3710,0.013764
3711,0
3712,0
3713,0.023214
3714,0.058178
3715,0.061081
3716,0.012655
3717,0.021415
3718,0.011863
3719,0
3720,0
3721,0
3722,0
3723,0
3724,0
3725,0
3726,0.02024
3727,0.0077054
3728,0.068961
3729,0.069746
3730,0.03207
3731,0.023937
3732,0.028412
3733,0.02412
3734,0.013764
3735,0
3736,0
3737,0.023214
3738,0.058178
3739,0.061081
3740,0.012655
3741,0.021415
3742,0.011863
3743,0
3744,0
3745,0
3746,0
3747,0
3748,0
3749,0
3750,0.02024
3751,0.0077054
3752,0.068961
3753,0.069746
3754,0.03207
3755,0.023937
3756,0.028412
3757,0.02412
3758,0.013764
3759,0
3760,0
3761,0.023214
3762,0.058178
3763,0.061081
3764,0.012655
3765,0.021415
3766,0.011863
3767,0
3768,0
3769,0
3770,0
3771,0
3772,0
3773,0
3774,0.02024
3775,0.0077054
3776,0.068961
3777,0.069746
3778,0.03207
3779,0.023937
3780,0.028412
3781,0.02412
3782,0.013764
3783,0
3784,0
3785,0.023214
3786,0.058178
3787,0.061081
3788,0.012655
3789,0.021415
3790,0.011863
3791,0
3792,0
3793,0
3794,0
3795,0
3796,0
3797,0
3798,0.02024
3799,0.0077054
3800,0.068961
3801,0.069746
3802,0.03207
3803,0.023937
3804,0.028412
3805,0.02412
3806,0.013764
3807,0
3808,0
3809,0.023214
3810,0.058178
3811,0.061081
3812,0.012655
3813,0.021415
3814,0.011863
3815,0
3816,0
3817,0
3818,0
3819,0
3820,0
3821,0
3822,0.02024
3823,0.0077054
3824,0.068961
3825,0.069746
3826,0.03207
3827,0.023937
3828,0.028412
3829,0.02412
3830,0.013764
3831,0
3832,0
3833,0.023214
3834,0.058178
3835,0.061081
3836,0.012655
3837,0.021415
3838,0.011863
3839,0
3840,0
3841,0
3842,0
3843,0
3844,0
3845,0
3846,0.02024
3847,0.0077054
3848,0.068961
3849,0.069746
3850,0.03207
3851,0.023937
3852,0.028412
3853,0.02412
3854,0.013764
3855,0
3856,0
3857,0.023214
3858,0.058178
3859,0.061081
3860,0.012655
3861,0.021415
3862,0.011863
3863,0
3864,0
3865,0
3866,0
3867,0
3868,0
3869,0
3870,0.02024
3871,0.0077054
3872,0.068961
3873,0.069746
3874,0.03207
3875,0.023937
3876,0.028412
3877,0.02412
3878,0.013764
3879,0
3880,0
3881,0.023214
3882,0.058178
3883,0.061081
3884,0.012655
3885,0.021415
3886,0.011863
3887,0
3888,0
3889,0
3890,0
3891,0
3892,0
3893,0
3894,0.02024
3895,0.0077054
3896,0.068961
3897,0.069746
3898,0.03207
3899,0.023937
3900,0.028412
3901,0.02412
3902,0.013764
3903,0
3904,0
3905,0.023214
3906,0.058178
3907,0.061081
3908,0.012655
3909,0.021415
3910,0.011863
3911,0
3912,0
3913,0
3914,0
3915,0
3916,0
3917,0
3918,0.02024
3919,0.0077054
3920,0.068961
3921,0.069746
3922,0.03207
3923,0.023937
3924,0.028412
3925,0.02412
3926,0.013764
3927,0
3928,0
3929,0.023214
3930,0.058178
3931,0.061081
3932,0.012655
3933,0.021415
3934,0.011863
3935,0
3936,0
3937,0
3938,0
3939,0
3940,0
3941,0
3942,0.02024
3943,0.0077054
3944,0.068961
3945,0.069746
3946,0.03207
3947,0.023937
3948,0.028412
3949,0.02412
3950,0.013764
3951,0
3952,0
3953,0.023214
3954,0.058178
3955,0.061081
3956,0.012655
3957,0.021415
3958,0.011863
3959,0
3960,0
3961,0
3962,0
3963,0
3964,0
3965,0
3966,0.02024
3967,0.0077054
3968,0.068961
3969,0.069746
3970,0.03207
3971,0.023937
3972,0.028412
3973,0.02412
3974,0.013764
3975,0
3976,0
3977,0.023214
3978,0.058178
3979,0.061081
3980,0.012655
3981,0.021415
3982,0.011863
3983,0
3984,0
3985,0
3986,0
3987,0
3988,0
3989,0
3990,0.02024
3991,0.0077054
3992,0.068961
3993,0.069746
3994,0.03207
3995,0.023937
3996,0.028412
3997,0.02412
3998,0.013764
3999,0
4000,0
4001,0.023214
4002,0.058178
4003,0.061081
4004,0.012655
4005,0.021415
4006,0.011863
4007,0
4008,0
4009,0
4010,0
4011,0
4012,0
4013,0
4014,0.02024
4015,0.0077054
4016,0.068961
4017,0.069746
4018,0.03207
4019,0.023937
4020,0.028412
4021,0.02412
4022,0.013764
4023,0
4024,0
4025,0.023214
4026,0.058178
4027,0.061081
4028,0.012655
4029,0.021415
4030,0.011863
4031,0
4032,0
4033,0
4034,0
4035,0
4036,0
4037,0
4038,0.02024
4039,0.0077054
4040,0.068961
4041,0.069746
4042,0.03207
4043,0.023937
4044,0.028412
4045,0.02412
4046,0.013764
4047,0
4048,0
4049,0.023214
4050,0.058178
4051,0.061081
4052,0.012655
4053,0.021415
4054,0.011863
4055,0
4056,0
4057,0
4058,0
4059,0
4060,0
4061,0
4062,0.02024
4063,0.0077054
4064,0.068961
4065,0.069746
4066,0.03207
4067,0.023937
4068,0.028412
4069,0.02412
4070,0.013764
4071,0
4072,0
4073,0.023214
4074,0.058178
4075,0.061081
4076,0.012655
4077,0.021415
4078,0.011863
4079,0
4080,0
4081,0
4082,0
4083,0
4084,0
4085,0
4086,0.02024
4087,0.0077054
4088,0.068961
4089,0.069746
4090,0.03207
4091,0.023937
4092,0.028412
4093,0.02412
4094,0.013764
4095,0
4096,0
4097,0.023214
4098,0.058178
4099,0.061081
4100,0.012655
4101,0.021415
4102,0.011863
4103,0
4104,0
4105,0
4106,0
4107,0
4108,0
4109,0
4110,0.02024
4111,0.0077054
4112,0.068961
4113,0.069746
4114,0.03207
4115,0.023937
4116,0.028412
4117,0.02412
4118,0.013764
4119,0
4120,0
4121,0.023214
4122,0.058178
4123,0.061081
4124,0.012655
4125,0.021415
4126,0.011863
4127,0
4128,0
4129,0
4130,0
4131,0
4132,0
4133,0
4134,0.02024
4135,0.0077054
4136,0.068961
4137,0.069746
4138,0.03207
4139,0.023937
4140,0.028412
4141,0.02412
4142,0.013764
4143,0
4144,0
4145,0.023214
4146,0.058178
4147,0.061081
4148,0.012655
4149,0.021415
4150,0.011863
4151,0
4152,0
4153,0
4154,0
4155,0
4156,0
4157,0
4158,0.02024
4159,0.0077054
4160,0.068961
4161,0.069746
4162,0.03207
4163,0.023937
4164,0.028412
4165,0.02412
4166,0.013764
4167,0
4168,0
4169,0.023214
4170,0.058178
4171,0.061081
4172,0.012655
4173,0.021415
4174,0.011863
4175,0
4176,0
4177,0
4178,0
4179,0
4180,0
4181,0
4182,0.02024
4183,0.0077054
4184,0.068961
4185,0.069746
4186,0.03207
4187,0.023937
4188,0.028412
4189,0.02412
4190,0.013764
4191,0
4192,0
4193,0.023214
4194,0.058178
4195,0.061081
4196,0.012655
4197,0.021415
4198,0.011863
4199,0
4200,0
4201,0
4202,0
4203,0
4204,0
4205,0
4206,0.02024
4207,0.0077054
4208,0.068961
4209,0.069746
4210,0.03207
4211,0.023937
4212,0.028412
4213,0.02412
4214,0.013764
4215,0
4216,0
4217,0.023214
4218,0.058178
4219,0.061081
4220,0.012655
4221,0.021415
4222,0.011863
4223,0
4224,0
4225,0
4226,0
4227,0
4228,0
4229,0
4230,0.02024
4231,0.0077054
4232,0.068961
4233,0.069746
4234,0.03207
4235,0.023937
4236,0.028412
4237,0.02412
4238,0.013764
4239,0
4240,0
4241,0.023214
4242,0.058178
4243,0.061081
4244,0.012655
4245,0.021415
4246,0.011863
4247,0
4248,0
4249,0
4250,0
4251,0
4252,0
4253,0
4254,0.02024
4255,0.0077054
4256,0.068961
4257,0.069746
4258,0.03207
4259,0.023937
4260,0.028412
4261,0.02412
4262,0.013764
4263,0
4264,0
4265,0.023214
4266,0.058178
4267,0.061081
4268,0.012655
4269,0.021415
4270,0.011863
4271,0
4272,0
4273,0
4274,0
4275,0
4276,0
4277,0
4278,0.02024
4279,0.0077054
4280,0.068961
4281,0.069746
4282,0.03207
4283,0.023937
4284,0.028412
4285,0.02412
4286,0.013764
4287,0
4288,0
4289,0.023214
4290,0.058178
4291,0.061081
4292,0.012655
4293,0.021415
4294,0.011863
4295,0
4296,0
4297,0
4298,0
4299,0
4300,0
4301,0
4302,0.02024
4303,0.0077054
4304,0.068961
4305,0.069746
4306,0.03207
4307,0.023937
4308,0.028412
4309,0.02412
4310,0.013764
4311,0
4312,0
4313,0.023214
4314,0.058178
4315,0.061081
4316,0.012655
4317,0.021415
4318,0.011863
4319,0
4320,0
4321,0
4322,0
4323,0
4324,0
4325,0
4326,0.02024
4327,0.0077054
4328,0.068961
4329,0.069746
4330,0.03207
4331,0.023937
4332,0.028412
4333,0.02412
4334,0.013764
4335,0
4336,0
4337,0.023214
4338,0.058178
4339,0.061081
4340,0.012655
4341,0.021415
4342,0.011863
4343,0
4344,0
4345,0
4346,0
4347,0
4348,0
4349,0
4350,0.02024
4351,0.0077054
4352,0.068961
4353,0.069746
4354,0.03207
4355,0.023937
4356,0.028412
4357,0.02412
4358,0.013764
4359,0
4360,0
4361,0.023214
4362,0.058178
4363,0.061081
4364,0.012655
4365,0.021415
4366,0.011863
4367,0
4368,0
4369,0
4370,0
4371,0
4372,0
4373,0
4374,0.02024
4375,0.0077054
4376,0.068961
4377,0.069746
4378,0.03207
4379,0.023937
4380,0.028412
4381,0.02412
4382,0.013764
4383,0
4384,0
4385,0.023214
4386,0.058178
4387,0.061081
4388,0.012655
4389,0.021415
4390,0.011863
4391,0
4392,0
4393,0
4394,0
4395,0
4396,0
4397,0
4398,0.02024
4399,0.0077054
4400,0.068961
4401,0.069746
4402,0.03207
4403,0.023937
4404,0.028412
4405,0.02412
4406,0.013764
4407,0
4408,0
4409,0.023214
4410,0.058178
4411,0.061081
4412,0.012655
4413,0.021415
4414,0.011863
4415,0
4416,0
4417,0
4418,0
4419,0
4420,0
4421,0
4422,0.02024
4423,0.0077054
4424,0.068961
4425,0.069746
4426,0.03207
4427,0.023937
4428,0.028412
4429,0.02412
4430,0.013764
4431,0
4432,0
4433,0.023214
4434,0.058178
4435,0.061081
4436,0.012655
4437,0.021415
4438,0.011863
4439,0
4440,0
4441,0
4442,0
4443,0
4444,0
4445,0
4446,0.02024
4447,0.0077054
4448,0.068961
4449,0.069746
4450,0.03207
4451,0.023937
4452,0.028412
4453,0.02412
4454,0.013764
4455,0
4456,0
4457,0.023214
4458,0.058178
4459,0.061081
4460,0.012655
4461,0.021415
4462,0.011863
4463,0
4464,0
4465,0
4466,0
4467,0
4468,0
4469,0
4470,0.02024
4471,0.0077054
4472,0.068961
4473,0.069746
4474,0.03207
4475,0.023937
4476,0.028412
4477,0.02412
4478,0.013764
4479,0
4480,0
4481,0.023214
4482,0.058178
4483,0.061081
4484,0.012655
4485,0.021415
4486,0.011863
4487,0
4488,0
4489,0
4490,0
4491,0
4492,0
4493,0
4494,0.02024
4495,0.0077054
4496,0.068961
4497,0.069746
4498,0.03207
4499,0.023937
4500,0.028412
4501,0.02412
4502,0.013764
4503,0
4504,0
4505,0.023214
4506,0.058178
4507,0.061081
4508,0.012655
4509,0.021415
4510,0.011863
4511,0
4512,0
4513,0
4514,0
4515,0
4516,0
4517,0
4518,0.02024
4519,0.0077054
4520,0.068961
4521,0.069746
4522,0.03207
4523,0.023937
4524,0.028412
4525,0.02412
4526,0.013764
4527,0
4528,0
4529,0.023214
4530,0.058178
4531,0.061081
4532,0.012655
4533,0.021415
4534,0.011863
4535,0
4536,0
4537,0
4538,0
4539,0
4540,0
4541,0
4542,0.02024
4543,0.0077054
4544,0.068961
4545,0.069746
4546,0.03207
4547,0.023937
4548,0.028412
4549,0.02412
4550,0.013764
4551,0
4552,0
4553,0.023214
4554,0.058178
4555,0.061081
4556,0.012655
4557,0.021415
4558,0.011863
4559,0
4560,0
4561,0
4562,0
4563,0
4564,0
4565,0
4566,0.02024
4567,0.0077054
4568,0.068961
4569,0.069746
4570,0.03207
4571,0.023937
4572,0.028412
4573,0.02412
4574,0.013764
4575,0
4576,0
4577,0.023214
4578,0.058178
4579,0.061081
4580,0.012655
4581,0.021415
4582,0.011863
4583,0
4584,0
4585,0
4586,0
4587,0
4588,0
4589,0
4590,0.02024
4591,0.0077054
4592,0.068961
4593,0.069746
4594,0.03207
4595,0.023937
4596,0.028412
4597,0.02412
4598,0.013764
4599,0
4600,0
4601,0.023214
4602,0.058178
4603,0.061081
4604,0.012655
4605,0.021415
4606,0.011863
4607,0
4608,0
4609,0
4610,0
4611,0
4612,0
4613,0
4614,0.02024
4615,0.0077054
4616,0.068961
4617,0.069746
4618,0.03207
4619,0.023937
4620,0.028412
4621,0.02412
4622,0.013764
4623,0
4624,0
4625,0.023214
4626,0.058178
4627,0.061081
4628,0.012655
4629,0.021415
4630,0.011863
4631,0
4632,0
4633,0
4634,0
4635,0
4636,0
4637,0
4638,0.02024
4639,0.0077054
4640,0.068961
4641,0.069746
4642,0.03207
4643,0.023937
4644,0.028412
4645,0.02412
4646,0.013764
4647,0
4648,0
4649,0.023214
4650,0.058178
4651,0.061081
4652,0.012655
4653,0.021415
4654,0.011863
4655,0
4656,0
4657,0
4658,0
4659,0
4660,0
4661,0
4662,0.02024
4663,0.0077054
4664,0.068961
4665,0.069746
4666,0.03207
4667,0.023937
4668,0.028412
4669,0.02412
4670,0.013764
4671,0
4672,0
4673,0.023214
4674,0.058178
4675,0.061081
4676,0.012655
4677,0.021415
4678,0.011863
4679,0
4680,0
4681,0
4682,0
4683,0
4684,0
4685,0
4686,0.02024
4687,0.0077054
4688,0.068961
4689,0.069746
4690,0.03207
4691,0.023937
4692,0.028412
4693,0.02412
4694,0.013764
4695,0
4696,0
4697,0.023214
4698,0.058178
4699,0.061081
4700,0.012655
4701,0.021415
4702,0.011863
4703,0
4704,0
4705,0
4706,0
4707,0
4708,0
4709,0
4710,0.02024
4711,0.0077054
4712,0.068961
4713,0.069746
4714,0.03207
4715,0.023937
4716,0.028412
4717,0.02412
4718,0.013764
4719,0
4720,0
4721,0.023214
4722,0.058178
4723,0.061081
4724,0.012655
4725,0.021415
4726,0.011863
4727,0
4728,0
4729,0
4730,0
4731,0
4732,0
4733,0
4734,0.02024
4735,0.0077054
4736,0.068961
4737,0.069746
4738,0.03207
4739,0.023937
4740,0.028412
4741,0.02412
4742,0.013764
4743,0
4744,0
4745,0.023214
4746,0.058178
4747,0.061081
4748,0.012655
4749,0.021415
4750,0.011863
4751,0
4752,0
4753,0
4754,0
4755,0
4756,0
4757,0
4758,0.02024
4759,0.0077054
4760,0.068961
4761,0.069746
4762,0.03207
4763,0.023937
4764,0.028412
4765,0.02412
4766,0.013764
4767,0
4768,0
4769,0.023214
4770,0.058178
4771,0.061081
4772,0.012655
4773,0.021415
4774,0.011863
4775,0
4776,0
4777,0
4778,0
4779,0
4780,0
4781,0
4782,0.02024
4783,0.0077054
4784,0.068961
4785,0.069746
4786,0.03207
4787,0.023937
4788,0.028412
4789,0.02412
4790,0.013764
4791,0
4792,0
4793,0.023214
4794,0.058178
4795,0.061081
4796,0.012655
4797,0.021415
4798,0.011863
4799,0
4800,0
4801,0
4802,0
4803,0
4804,0
4805,0
4806,0.02024
4807,0.0077054
4808,0.068961
4809,0.069746
4810,0.03207
4811,0.023937
4812,0.028412
4813,0.02412
4814,0.013764
4815,0
4816,0
4817,0.023214
4818,0.058178
4819,0.061081
4820,0.012655
4821,0.021415
4822,0.011863
4823,0
4824,0
4825,0
4826,0
4827,0
4828,0
4829,0
4830,0.02024
4831,0.0077054
4832,0.068961
4833,0.069746
4834,0.03207
4835,0.023937
4836,0.028412
4837,0.02412
4838,0.013764
4839,0
4840,0
4841,0.023214
4842,0.058178
4843,0.061081
4844,0.012655
4845,0.021415
4846,0.011863
4847,0
4848,0
4849,0
4850,0
4851,0
4852,0
4853,0
4854,0.02024
4855,0.0077054
4856,0.068961
4857,0.069746
4858,0.03207
4859,0.023937
4860,0.028412
4861,0.02412
4862,0.013764
4863,0
4864,0
4865,0.023214
4866,0.058178
4867,0.061081
4868,0.012655
4869,0.021415
4870,0.011863
4871,0
4872,0
4873,0
4874,0
4875,0
4876,0
4877,0
4878,0.02024
4879,0.0077054
4880,0.068961
4881,0.069746
4882,0.03207
4883,0.023937
4884,0.028412
4885,0.02412
4886,0.013764
4887,0
4888,0
4889,0.023214
4890,0.058178
4891,0.061081
4892,0.012655
4893,0.021415
4894,0.011863
4895,0
4896,0
4897,0
4898,0
4899,0
4900,0
4901,0
4902,0.02024
4903,0.0077054
4904,0.068961
4905,0.069746
4906,0.03207
4907,0.023937
4908,0.028412
4909,0.02412
4910,0.013764
4911,0
4912,0
4913,0.023214
4914,0.058178
4915,0.061081
4916,0.012655
4917,0.021415
4918,0.011863
4919,0
4920,0
4921,0
4922,0
4923,0
4924,0
4925,0
4926,0.02024
4927,0.0077054
4928,0.068961
4929,0.069746
4930,0.03207
4931,0.023937
4932,0.028412
4933,0.02412
4934,0.013764
4935,0
4936,0
4937,0.023214
4938,0.058178
4939,0.061081
4940,0.012655
4941,0.021415
4942,0.011863
4943,0
4944,0
4945,0
4946,0
4947,0
4948,0
4949,0
4950,0.02024
4951,0.0077054
4952,0.068961
4953,0.069746
4954,0.03207
4955,0.023937
4956,0.028412
4957,0.02412
4958,0.013764
4959,0
4960,0
4961,0.023214
4962,0.058178
4963,0.061081
4964,0.012655
4965,0.021415
4966,0.011863
4967,0
4968,0
4969,0
4970,0
4971,0
4972,0
4973,0
4974,0.02024
4975,0.0077054
4976,0.068961
4977,0.069746
4978,0.03207
4979,0.023937
4980,0.028412
4981,0.02412
4982,0.013764
4983,0
4984,0
4985,0.023214
4986,0.058178
4987,0.061081
4988,0.012655
4989,0.021415
4990,0.011863
4991,0
4992,0
4993,0
4994,0
4995,0
4996,0
4997,0
4998,0.02024
4999,0.0077054
5000,0.068961
5001,0.069746
5002,0.03207
5003,0.023937
5004,0.028412
5005,0.02412
5006,0.013764
5007,0
5008,0
5009,0.023214
5010,0.058178
5011,0.061081
5012,0.012655
5013,0.021415
5014,0.011863
5015,0
5016,0
5017,0
5018,0
5019,0
5020,0
5021,0
5022,0.02024
5023,0.0077054
5024,0.068961
5025,0.069746
5026,0.03207
5027,0.023937
5028,0.028412
5029,0.02412
5030,0.013764
5031,0
5032,0
5033,0.023214
5034,0.058178
5035,0.061081
5036,0.012655
5037,0.021415
5038,0.011863
5039,0
5040,0
5041,0
5042,0
5043,0
5044,0
5045,0
5046,0.02024
5047,0.0077054
5048,0.068961
5049,0.069746
5050,0.03207
5051,0.023937
5052,0.028412
5053,0.02412
5054,0.013764
5055,0
5056,0
5057,0.023214
5058,0.058178
5059,0.061081
5060,0.012655
5061,0.021415
5062,0.011863
5063,0
5064,0
5065,0
5066,0
5067,0
5068,0
5069,0
5070,0.02024
5071,0.0077054
5072,0.068961
5073,0.069746
5074,0.03207
5075,0.023937
5076,0.028412
5077,0.02412
5078,0.013764
5079,0
5080,0
5081,0.023214
5082,0.058178
5083,0.061081
5084,0.012655
5085,0.021415
5086,0.011863
5087,0
5088,0
5089,0
5090,0
5091,0
5092,0
5093,0
5094,0.02024
5095,0.0077054
5096,0.068961
5097,0.069746
5098,0.03207
5099,0.023937
5100,0.028412
5101,0.02412
5102,0.013764
5103,0
5104,0
5105,0.023214
5106,0.058178
5107,0.061081
5108,0.012655
5109,0.021415
5110,0.011863
5111,0
5112,0
5113,0
5114,0
5115,0
5116,0
5117,0
5118,0.02024
5119,0.0077054
5120,0.068961
5121,0.069746
5122,0.03207
5123,0.023937
5124,0.028412
5125,0.02412
5126,0.013764
5127,0
5128,0
5129,0.023214
5130,0.058178
5131,0.061081
5132,0.012655
5133,0.021415
5134,0.011863
5135,0
5136,0
5137,0
5138,0
5139,0
5140,0
5141,0
5142,0.02024
5143,0.0077054
5144,0.068961
5145,0.069746
5146,0.03207
5147,0.023937
5148,0.028412
5149,0.02412
5150,0.013764
5151,0
5152,0
5153,0.023214
5154,0.058178
5155,0.061081
5156,0.012655
5157,0.021415
5158,0.011863
5159,0
5160,0
5161,0
5162,0
5163,0
5164,0
5165,0
5166,0.02024
5167,0.0077054
5168,0.068961
5169,0.069746
5170,0.03207
5171,0.023937
5172,0.028412
5173,0.02412
5174,0.013764
5175,0
5176,0
5177,0.023214
5178,0.058178
5179,0.061081
5180,0.012655
5181,0.021415
5182,0.011863
5183,0
5184,0
5185,0
5186,0
5187,0
5188,0
5189,0
5190,0.02024
5191,0.0077054
5192,0.068961
5193,0.069746
5194,0.03207
5195,0.023937
5196,0.028412
5197,0.02412
5198,0.013764
5199,0
5200,0
5201,0.023214
5202,0.058178
5203,0.061081
5204,0.012655
5205,0.021415
5206,0.011863
5207,0
5208,0
5209,0
5210,0
5211,0
5212,0
5213,0
5214,0.02024
5215,0.0077054
5216,0.068961
5217,0.069746
5218,0.03207
5219,0.023937
5220,0.028412
5221,0.02412
5222,0.013764
5223,0
5224,0
5225,0.023214
5226,0.058178
5227,0.061081
5228,0.012655
5229,0.021415
5230,0.011863
5231,0
5232,0
5233,0
5234,0
5235,0
5236,0
5237,0
5238,0.02024
5239,0.0077054
5240,0.068961
5241,0.069746
5242,0.03207
5243,0.023937
5244,0.028412
5245,0.02412
5246,0.013764
5247,0
5248,0
5249,0.023214
5250,0.058178
5251,0.061081
5252,0.012655
5253,0.021415
5254,0.011863
5255,0
5256,0
5257,0
5258,0
5259,0
5260,0
5261,0
5262,0.02024
5263,0.0077054
5264,0.068961
5265,0.069746
5266,0.03207
5267,0.023937
5268,0.028412
5269,0.02412
5270,0.013764
5271,0
5272,0
5273,0.023214
5274,0.058178
5275,0.061081
5276,0.012655
5277,0.021415
5278,0.011863
5279,0
5280,0
5281,0
5282,0
5283,0
5284,0
5285,0
5286,0.02024
5287,0.0077054
5288,0.068961
5289,0.069746
5290,0.03207
5291,0.023937
5292,0.028412
5293,0.02412
5294,0.013764
5295,0
5296,0
5297,0.023214
5298,0.058178
5299,0.061081
5300,0.012655
5301,0.021415
5302,0.011863
5303,0
5304,0
5305,0
5306,0
5307,0
5308,0
5309,0
5310,0.02024
5311,0.0077054
5312,0.068961
5313,0.069746
5314,0.03207
5315,0.023937
5316,0.028412
5317,0.02412
5318,0.013764
5319,0
5320,0
5321,0.023214
5322,0.058178
5323,0.061081
5324,0.012655
5325,0.021415
5326,0.011863
5327,0
5328,0
5329,0
5330,0
5331,0
5332,0
5333,0
5334,0.02024
5335,0.0077054
5336,0.068961
5337,0.069746
5338,0.03207
5339,0.023937
5340,0.028412
5341,0.02412
5342,0.013764
5343,0
5344,0
5345,0.023214
5346,0.058178
5347,0.061081
5348,0.012655
5349,0.021415
5350,0.011863
5351,0
5352,0
5353,0
5354,0
5355,0
5356,0
5357,0
5358,0.02024
5359,0.0077054
5360,0.068961
5361,0.069746
5362,0.03207
5363,0.023937
5364,0.028412
5365,0.02412
5366,0.013764
5367,0
5368,0
5369,0.023214
5370,0.058178
5371,0.061081
5372,0.012655
5373,0.021415
5374,0.011863
5375,0
5376,0
5377,0
5378,0
5379,0
5380,0
5381,0
5382,0.02024
5383,0.0077054
5384,0.068961
5385,0.069746
5386,0.03207
5387,0.023937
5388,0.028412
5389,0.02412
5390,0.013764
5391,0
5392,0
5393,0.023214
5394,0.058178
5395,0.061081
5396,0.012655
5397,0.021415
5398,0.011863
5399,0
5400,0
5401,0
5402,0
5403,0
5404,0
5405,0
5406,0.02024
5407,0.0077054
5408,0.068961
5409,0.069746
5410,0.03207
5411,0.023937
5412,0.028412
5413,0.02412
5414,0.013764
5415,0
5416,0
5417,0.023214
5418,0.058178
5419,0.061081
5420,0.012655
5421,0.021415
5422,0.011863
5423,0
5424,0
5425,0
5426,0
5427,0
5428,0
5429,0
5430,0.02024
5431,0.0077054
5432,0.068961
5433,0.069746
5434,0.03207
5435,0.023937
5436,0.028412
5437,0.02412
5438,0.013764
5439,0
5440,0
5441,0.023214
5442,0.058178
5443,0.061081
5444,0.012655
5445,0.021415
5446,0.011863
5447,0
5448,0
5449,0
5450,0
5451,0
5452,0
5453,0
5454,0.02024
5455,0.0077054
5456,0.068961
5457,0.069746
5458,0.03207
5459,0.023937
5460,0.028412
5461,0.02412
5462,0.013764
5463,0
5464,0
5465,0.023214
5466,0.058178
5467,0.061081
5468,0.012655
5469,0.021415
5470,0.011863
5471,0
5472,0
5473,0
5474,0
5475,0
5476,0
5477,0
5478,0.02024
5479,0.0077054
5480,0.068961
5481,0.069746
5482,0.03207
5483,0.023937
5484,0.028412
5485,0.02412
5486,0.013764
5487,0
5488,0
5489,0.023214
5490,0.058178
5491,0.061081
5492,0.012655
5493,0.021415
5494,0.011863
5495,0
5496,0
5497,0
5498,0
5499,0
5500,0
5501,0
5502,0.02024
5503,0.0077054
5504,0.068961
5505,0.069746
5506,0.03207
5507,0.023937
5508,0.028412
5509,0.02412
5510,0.013764
5511,0
5512,0
5513,0.023214
5514,0.058178
5515,0.061081
5516,0.012655
5517,0.021415
5518,0.011863
5519,0
5520,0
5521,0
5522,0
5523,0
5524,0
5525,0
5526,0.02024
5527,0.0077054
5528,0.068961
5529,0.069746
5530,0.03207
5531,0.023937
5532,0.028412
5533,0.02412
5534,0.013764
5535,0
5536,0
5537,0.023214
5538,0.058178
5539,0.061081
5540,0.012655
5541,0.021415
5542,0.011863
5543,0
5544,0
5545,0
5546,0
5547,0
5548,0
5549,0
5550,0.02024
5551,0.0077054
5552,0.068961
5553,0.069746
5554,0.03207
5555,0.023937
5556,0.028412
5557,0.02412
5558,0.013764
5559,0
5560,0
5561,0.023214
5562,0.058178
5563,0.061081
5564,0.012655
5565,0.021415
5566,0.011863
5567,0
5568,0
5569,0
5570,0
5571,0
5572,0
5573,0
5574,0.02024
5575,0.0077054
5576,0.068961
5577,0.069746
5578,0.03207
5579,0.023937
5580,0.028412
5581,0.02412
5582,0.013764
5583,0
5584,0
5585,0.023214
5586,0.058178
5587,0.061081
5588,0.012655
5589,0.021415
5590,0.011863
5591,0
5592,0
5593,0
5594,0
5595,0
5596,0
5597,0
5598,0.02024
5599,0.0077054
5600,0.068961
5601,0.069746
5602,0.03207
5603,0.023937
5604,0.028412
5605,0.02412
5606,0.013764
5607,0
5608,0
5609,0.023214
5610,0.058178
5611,0.061081
5612,0.012655
5613,0.021415
5614,0.011863
5615,0
5616,0
5617,0
5618,0
5619,0
5620,0
5621,0
5622,0.02024
5623,0.0077054
5624,0.068961
5625,0.069746
5626,0.03207
5627,0.023937
5628,0.028412
5629,0.02412
5630,0.013764
5631,0
5632,0
5633,0.023214
5634,0.058178
5635,0.061081
5636,0.012655
5637,0.021415
5638,0.011863
5639,0
5640,0
5641,0
5642,0
5643,0
5644,0
5645,0
5646,0.02024
5647,0.0077054
5648,0.068961
5649,0.069746
5650,0.03207
5651,0.023937
5652,0.028412
5653,0.02412
5654,0.013764
5655,0
5656,0
5657,0.023214
5658,0.058178
5659,0.061081
5660,0.012655
5661,0.021415
5662,0.011863
5663,0
5664,0
5665,0
5666,0
5667,0
5668,0
5669,0
5670,0.02024
5671,0.0077054
5672,0.068961
5673,0.069746
5674,0.03207
5675,0.023937
5676,0.028412
5677,0.02412
5678,0.013764
5679,0
5680,0
5681,0.023214
5682,0.058178
5683,0.061081
5684,0.012655
5685,0.021415
5686,0.011863
5687,0
5688,0
5689,0
5690,0
5691,0
5692,0
5693,0
5694,0.02024
5695,0.0077054
5696,0.068961
5697,0.069746
5698,0.03207
5699,0.023937
5700,0.028412
5701,0.02412
5702,0.013764
5703,0
5704,0
5705,0.023214
5706,0.058178
5707,0.061081
5708,0.012655
5709,0.021415
5710,0.011863
5711,0
5712,0
5713,0
5714,0
5715,0
5716,0
5717,0
5718,0.02024
5719,0.0077054
5720,0.068961
5721,0.069746
5722,0.03207
5723,0.023937
5724,0.028412
5725,0.02412
5726,0.013764
5727,0
5728,0
5729,0.023214
5730,0.058178
5731,0.061081
5732,0.012655
5733,0.021415
5734,0.011863
5735,0
5736,0
5737,0
5738,0
5739,0
5740,0
5741,0
5742,0.02024
5743,0.0077054
5744,0.068961
5745,0.069746
5746,0.03207
5747,0.023937
5748,0.028412
5749,0.02412
5750,0.013764
5751,0
5752,0
5753,0.023214
5754,0.058178
5755,0.061081
5756,0.012655
5757,0.021415
5758,0.011863
5759,0
5760,0
5761,0
5762,0
5763,0
5764,0
5765,0
5766,0.02024
5767,0.0077054
5768,0.068961
5769,0.069746
5770,0.03207
5771,0.023937
5772,0.028412
5773,0.02412
5774,0.013764
5775,0
5776,0
5777,0.023214
5778,0.058178
5779,0.061081
5780,0.012655
5781,0.021415
5782,0.011863
5783,0
5784,0
5785,0
5786,0
5787,0
5788,0
5789,0
5790,0.02024
5791,0.0077054
5792,0.068961
5793,0.069746
5794,0.03207
5795,0.023937
5796,0.028412
5797,0.02412
5798,0.013764
5799,0
5800,0
5801,0.023214
5802,0.058178
5803,0.061081
5804,0.012655
5805,0.021415
5806,0.011863
5807,0
5808,0
5809,0
5810,0
5811,0
5812,0
5813,0
5814,0.02024
5815,0.0077054
5816,0.068961
5817,0.069746
5818,0.03207
5819,0.023937
5820,0.028412
5821,0.02412
5822,0.013764
5823,0
5824,0
5825,0.023214
5826,0.058178
5827,0.061081
5828,0.012655
5829,0.021415
5830,0.011863
5831,0
5832,0
5833,0
5834,0
5835,0
5836,0
5837,0
5838,0.02024
5839,0.0077054
5840,0.068961
5841,0.069746
5842,0.03207
5843,0.023937
5844,0.028412
5845,0.02412
5846,0.013764
5847,0
5848,0
5849,0.023214
5850,0.058178
5851,0.061081
5852,0.012655
5853,0.021415
5854,0.011863
5855,0
5856,0
5857,0
5858,0
5859,0
5860,0
5861,0
5862,0.02024
5863,0.0077054
5864,0.068961
5865,0.069746
5866,0.03207
5867,0.023937
5868,0.028412
5869,0.02412
5870,0.013764
5871,0
5872,0
5873,0.023214
5874,0.058178
5875,0.061081
5876,0.012655
5877,0.021415
5878,0.011863
5879,0
5880,0
5881,0
5882,0
5883,0
5884,0
5885,0
5886,0.02024
5887,0.0077054
5888,0.068961
5889,0.069746
5890,0.03207
5891,0.023937
5892,0.028412
5893,0.02412
5894,0.013764
5895,0
5896,0
5897,0.023214
5898,0.058178
5899,0.061081
5900,0.012655
5901,0.021415
5902,0.011863
5903,0
5904,0
5905,0
5906,0
5907,0
5908,0
5909,0
5910,0.02024
5911,0.0077054
5912,0.068961
5913,0.069746
5914,0.03207
5915,0.023937
5916,0.028412
5917,0.02412
5918,0.013764
5919,0
5920,0
5921,0.023214
5922,0.058178
5923,0.061081
5924,0.012655
5925,0.021415
5926,0.011863
5927,0
5928,0
5929,0
5930,0
5931,0
5932,0
5933,0
5934,0.02024
5935,0.0077054
5936,0.068961
5937,0.069746
5938,0.03207
5939,0.023937
5940,0.028412
5941,0.02412
5942,0.013764
5943,0
5944,0
5945,0.023214
5946,0.058178
5947,0.061081
5948,0.012655
5949,0.021415
5950,0.011863
5951,0
5952,0
5953,0
5954,0
5955,0
5956,0
5957,0
5958,0.02024
5959,0.0077054
5960,0.068961
5961,0.069746
5962,0.03207
5963,0.023937
5964,0.028412
5965,0.02412
5966,0.013764
5967,0
5968,0
5969,0.023214
5970,0.058178
5971,0.061081
5972,0.012655
5973,0.021415
5974,0.011863
5975,0
5976,0
5977,0
5978,0
5979,0
5980,0
5981,0
5982,0.02024
5983,0.0077054
5984,0.068961
5985,0.069746
5986,0.03207
5987,0.023937
5988,0.028412
5989,0.02412
5990,0.013764
5991,0
5992,0
5993,0.023214
5994,0.058178
5995,0.061081
5996,0.012655
5997,0.021415
5998,0.011863
5999,0
6000,0
6001,0
6002,0
6003,0
6004,0
6005,0
6006,0.02024
6007,0.0077054
6008,0.068961
6009,0.069746
6010,0.03207
6011,0.023937
6012,0.028412
6013,0.02412
6014,0.013764
6015,0
6016,0
6017,0.023214
6018,0.058178
6019,0.061081
6020,0.012655
6021,0.021415
6022,0.011863
6023,0
6024,0
6025,0
6026,0
6027,0
6028,0
6029,0
6030,0.02024
6031,0.0077054
6032,0.068961
6033,0.069746
6034,0.03207
6035,0.023937
6036,0.028412
6037,0.02412
6038,0.013764
6039,0
6040,0
6041,0.023214
6042,0.058178
6043,0.061081
6044,0.012655
6045,0.021415
6046,0.011863
6047,0
6048,0
6049,0
6050,0
6051,0
6052,0
6053,0
6054,0.02024
6055,0.0077054
6056,0.068961
6057,0.069746
6058,0.03207
6059,0.023937
6060,0.028412
6061,0.02412
6062,0.013764
6063,0
6064,0
6065,0.023214
6066,0.058178
6067,0.061081
6068,0.012655
6069,0.021415
6070,0.011863
6071,0
6072,0
6073,0
6074,0
6075,0
6076,0
6077,0
6078,0.02024
6079,0.0077054
6080,0.068961
6081,0.069746
6082,0.03207
6083,0.023937
6084,0.028412
6085,0.02412
6086,0.013764
6087,0
6088,0
6089,0.023214
6090,0.058178
6091,0.061081
6092,0.012655
6093,0.021415
6094,0.011863
6095,0
6096,0
6097,0
6098,0
6099,0
6100,0
6101,0
6102,0.02024
6103,0.0077054
6104,0.068961
6105,0.069746
6106,0.03207
6107,0.023937
6108,0.028412
6109,0.02412
6110,0.013764
6111,0
6112,0
6113,0.023214
6114,0.058178
6115,0.061081
6116,0.012655
6117,0.021415
6118,0.011863
6119,0
6120,0
6121,0
6122,0
6123,0
6124,0
6125,0
6126,0.02024
6127,0.0077054
6128,0.068961
6129,0.069746
6130,0.03207
6131,0.023937
6132,0.028412
6133,0.02412
6134,0.013764
6135,0
6136,0
6137,0.023214
6138,0.058178
6139,0.061081
6140,0.012655
6141,0.021415
6142,0.011863
6143,0
6144,0
6145,0
6146,0
6147,0
6148,0
6149,0
6150,0.02024
6151,0.0077054
6152,0.068961
6153,0.069746
6154,0.03207
6155,0.023937
6156,0.028412
6157,0.02412
6158,0.013764
6159,0
6160,0
6161,0.023214
6162,0.058178
6163,0.061081
6164,0.012655
6165,0.021415
6166,0.011863
6167,0
6168,0
6169,0
6170,0
6171,0
6172,0
6173,0
6174,0.02024
6175,0.0077054
6176,0.068961
6177,0.069746
6178,0.03207
6179,0.023937
6180,0.028412
6181,0.02412
6182,0.013764
6183,0
6184,0
6185,0.023214
6186,0.058178
6187,0.061081
6188,0.012655
6189,0.021415
6190,0.011863
6191,0
6192,0
6193,0
6194,0
6195,0
6196,0
6197,0
6198,0.02024
6199,0.0077054
6200,0.068961
6201,0.069746
6202,0.03207
6203,0.023937
6204,0.028412
6205,0.02412
6206,0.013764
6207,0
6208,0
6209,0.023214
6210,0.058178
6211,0.061081
6212,0.012655
6213,0.021415
6214,0.011863
6215,0
6216,0
6217,0
6218,0
6219,0
6220,0
6221,0
6222,0.02024
6223,0.0077054
6224,0.068961
6225,0.069746
6226,0.03207
6227,0.023937
6228,0.028412
6229,0.02412
6230,0.013764
6231,0
6232,0
6233,0.023214
6234,0.058178
6235,0.061081
6236,0.012655
6237,0.021415
6238,0.011863
6239,0
6240,0
6241,0
6242,0
6243,0
6244,0
6245,0
6246,0.02024
6247,0.0077054
6248,0.068961
6249,0.069746
6250,0.03207
6251,0.023937
6252,0.028412
6253,0.02412
6254,0.013764
6255,0
6256,0
6257,0.023214
6258,0.058178
6259,0.061081
6260,0.012655
6261,0.021415
6262,0.011863
6263,0
6264,0
6265,0
6266,0
6267,0
6268,0
6269,0
6270,0.02024
6271,0.0077054
6272,0.068961
6273,0.069746
6274,0.03207
6275,0.023937
6276,0.028412
6277,0.02412
6278,0.013764
6279,0
6280,0
6281,0.023214
6282,0.058178
6283,0.061081
6284,0.012655
6285,0.021415
6286,0.011863
6287,0
6288,0
6289,0
6290,0
6291,0
6292,0
6293,0
6294,0.02024
6295,0.0077054
6296,0.068961
6297,0.069746
6298,0.03207
6299,0.023937
6300,0.028412
6301,0.02412
6302,0.013764
6303,0
6304,0
6305,0.023214
6306,0.058178
6307,0.061081
6308,0.012655
6309,0.021415
6310,0.011863
6311,0
6312,0
6313,0
6314,0
6315,0
6316,0
6317,0
6318,0.02024
6319,0.0077054
6320,0.068961
6321,0.069746
6322,0.03207
6323,0.023937
6324,0.028412
6325,0.02412
6326,0.013764
6327,0
6328,0
6329,0.023214
6330,0.058178
6331,0.061081
6332,0.012655
6333,0.021415
6334,0.011863
6335,0
6336,0
6337,0
6338,0
6339,0
6340,0
6341,0
6342,0.02024
6343,0.0077054
6344,0.068961
6345,0.069746
6346,0.03207
6347,0.023937
6348,0.028412
6349,0.02412
6350,0.013764
6351,0
6352,0
6353,0.023214
6354,0.058178
6355,0.061081
6356,0.012655
6357,0.021415
6358,0.011863
6359,0
6360,0
6361,0
6362,0
6363,0
6364,0
6365,0
6366,0.02024
6367,0.0077054
6368,0.068961
6369,0.069746
6370,0.03207
6371,0.023937
6372,0.028412
6373,0.02412
6374,0.013764
6375,0
6376,0
6377,0.023214
6378,0.058178
6379,0.061081
6380,0.012655
6381,0.021415
6382,0.011863
6383,0
6384,0
6385,0
6386,0
6387,0
6388,0
6389,0
6390,0.02024
6391,0.0077054
6392,0.068961
6393,0.069746
6394,0.03207
6395,0.023937
6396,0.028412
6397,0.02412
6398,0.013764
6399,0
6400,0
6401,0.023214
6402,0.058178
6403,0.061081
6404,0.012655
6405,0.021415
6406,0.011863
6407,0
6408,0
6409,0
6410,0
6411,0
6412,0
6413,0
6414,0.02024
6415,0.0077054
6416,0.068961
6417,0.069746
6418,0.03207
6419,0.023937
6420,0.028412
6421,0.02412
6422,0.013764
6423,0
6424,0
6425,0.023214
6426,0.058178
6427,0.061081
6428,0.012655
6429,0.021415
6430,0.011863
6431,0
6432,0
6433,0
6434,0
6435,0
6436,0
6437,0
6438,0.02024
6439,0.0077054
6440,0.068961
6441,0.069746
6442,0.03207
6443,0.023937
6444,0.028412
6445,0.02412
6446,0.013764
6447,0
6448,0
6449,0.023214
6450,0.058178
6451,0.061081
6452,0.012655
6453,0.021415
6454,0.011863
6455,0
6456,0
6457,0
6458,0
6459,0
6460,0
6461,0
6462,0.02024
6463,0.0077054
6464,0.068961
6465,0.069746
6466,0.03207
6467,0.023937
6468,0.028412
6469,0.02412
6470,0.013764
6471,0
6472,0
6473,0.023214
6474,0.058178
6475,0.061081
6476,0.012655
6477,0.021415
6478,0.011863
6479,0
6480,0
6481,0
6482,0
6483,0
6484,0
6485,0
6486,0.02024
6487,0.0077054
6488,0.068961
6489,0.069746
6490,0.03207
6491,0.023937
6492,0.028412
6493,0.02412
6494,0.013764
6495,0
6496,0
6497,0.023214
6498,0.058178
6499,0.061081
6500,0.012655
6501,0.021415
6502,0.011863
6503,0
6504,0
6505,0
6506,0
6507,0
6508,0
6509,0
6510,0.02024
6511,0.0077054
6512,0.068961
6513,0.069746
6514,0.03207
6515,0.023937
6516,0.028412
6517,0.02412
6518,0.013764
6519,0
6520,0
6521,0.023214
6522,0.058178
6523,0.061081
6524,0.012655
6525,0.021415
6526,0.011863
6527,0
6528,0
6529,0
6530,0
6531,0
6532,0
6533,0
6534,0.02024
6535,0.0077054
6536,0.068961
6537,0.069746
6538,0.03207
6539,0.023937
6540,0.028412
6541,0.02412
6542,0.013764
6543,0
6544,0
6545,0.023214
6546,0.058178
6547,0.061081
6548,0.012655
6549,0.021415
6550,0.011863
6551,0
6552,0
6553,0
6554,0
6555,0
6556,0
6557,0
6558,0.02024
6559,0.0077054
6560,0.068961
6561,0.069746
6562,0.03207
6563,0.023937
6564,0.028412
6565,0.02412
6566,0.013764
6567,0
6568,0
6569,0.023214
6570,0.058178
6571,0.061081
6572,0.012655
6573,0.021415
6574,0.011863
6575,0
6576,0
6577,0
6578,0
6579,0
6580,0
6581,0
6582,0.02024
6583,0.0077054
6584,0.068961
6585,0.069746
6586,0.03207
6587,0.023937
6588,0.028412
6589,0.02412
6590,0.013764
6591,0
6592,0
6593,0.023214
6594,0.058178
6595,0.061081
6596,0.012655
6597,0.021415
6598,0.011863
6599,0
6600,0
6601,0
6602,0
6603,0
6604,0
6605,0
6606,0.02024
6607,0.0077054
6608,0.068961
6609,0.069746
6610,0.03207
6611,0.023937
6612,0.028412
6613,0.02412
6614,0.013764
6615,0
6616,0
6617,0.023214
6618,0.058178
6619,0.061081
6620,0.012655
6621,0.021415
6622,0.011863
6623,0
6624,0
6625,0
6626,0
6627,0
6628,0
6629,0
6630,0.02024
6631,0.0077054
6632,0.068961
6633,0.069746
6634,0.03207
6635,0.023937
6636,0.028412
6637,0.02412
6638,0.013764
6639,0
6640,0
6641,0.023214
6642,0.058178
6643,0.061081
6644,0.012655
6645,0.021415
6646,0.011863
6647,0
6648,0
6649,0
6650,0
6651,0
6652,0
6653,0
6654,0.02024
6655,0.0077054
6656,0.068961
6657,0.069746
6658,0.03207
6659,0.023937
6660,0.028412
6661,0.02412
6662,0.013764
6663,0
6664,0
6665,0.023214
6666,0.058178
6667,0.061081
6668,0.012655
6669,0.021415
6670,0.011863
6671,0
6672,0
6673,0
6674,0
6675,0
6676,0
6677,0
6678,0.02024
6679,0.0077054
6680,0.068961
6681,0.069746
6682,0.03207
6683,0.023937
6684,0.028412
6685,0.02412
6686,0.013764
6687,0
6688,0
6689,0.023214
6690,0.058178
6691,0.061081
6692,0.012655
6693,0.021415
6694,0.011863
6695,0
6696,0
6697,0
6698,0
6699,0
6700,0
6701,0
6702,0.02024
6703,0.0077054
6704,0.068961
6705,0.069746
6706,0.03207
6707,0.023937
6708,0.028412
6709,0.02412
6710,0.013764
6711,0
6712,0
6713,0.023214
6714,0.058178
6715,0.061081
6716,0.012655
6717,0.021415
6718,0.011863
6719,0
6720,0
6721,0
6722,0
6723,0
6724,0
6725,0
6726,0.02024
6727,0.0077054
6728,0.068961
6729,0.069746
6730,0.03207
6731,0.023937
6732,0.028412
6733,0.02412
6734,0.013764
6735,0
6736,0
6737,0.023214
6738,0.058178
6739,0.061081
6740,0.012655
6741,0.021415
6742,0.011863
6743,0
6744,0
6745,0
6746,0
6747,0
6748,0
6749,0
6750,0.02024
6751,0.0077054
6752,0.068961
6753,0.069746
6754,0.03207
6755,0.023937
6756,0.028412
6757,0.02412
6758,0.013764
6759,0
6760,0
6761,0.023214
6762,0.058178
6763,0.061081
6764,0.012655
6765,0.021415
6766,0.011863
6767,0
6768,0
6769,0
6770,0
6771,0
6772,0
6773,0
6774,0.02024
6775,0.0077054
6776,0.068961
6777,0.069746
6778,0.03207
6779,0.023937
6780,0.028412
6781,0.02412
6782,0.013764
6783,0
6784,0
6785,0.023214
6786,0.058178
6787,0.061081
6788,0.012655
6789,0.021415
6790,0.011863
6791,0
6792,0
6793,0
6794,0
6795,0
6796,0
6797,0
6798,0.02024
6799,0.0077054
6800,0.068961
6801,0.069746
6802,0.03207
6803,0.023937
6804,0.028412
6805,0.02412
6806,0.013764
6807,0
6808,0
6809,0.023214
6810,0.058178
6811,0.061081
6812,0.012655
6813,0.021415
6814,0.011863
6815,0
6816,0
6817,0
6818,0
6819,0
6820,0
6821,0
6822,0.02024
6823,0.0077054
6824,0.068961
6825,0.069746
6826,0.03207
6827,0.023937
6828,0.028412
6829,0.02412
6830,0.013764
6831,0
6832,0
6833,0.023214
6834,0.058178
6835,0.061081
6836,0.012655
6837,0.021415
6838,0.011863
6839,0
6840,0
6841,0
6842,0
6843,0
6844,0
6845,0
6846,0.02024
6847,0.0077054
6848,0.068961
6849,0.069746
6850,0.03207
6851,0.023937
6852,0.028412
6853,0.02412
6854,0.013764
6855,0
6856,0
6857,0.023214
6858,0.058178
6859,0.061081
6860,0.012655
6861,0.021415
6862,0.011863
6863,0
6864,0
6865,0
6866,0
6867,0
6868,0
6869,0
6870,0.02024
6871,0.0077054
6872,0.068961
6873,0.069746
6874,0.03207
6875,0.023937
6876,0.028412
6877,0.02412
6878,0.013764
6879,0
6880,0
6881,0.023214
6882,0.058178
6883,0.061081
6884,0.012655
6885,0.021415
6886,0.011863
6887,0
6888,0
6889,0
6890,0
6891,0
6892,0
6893,0
6894,0.02024
6895,0.0077054
6896,0.068961
6897,0.069746
6898,0.03207
6899,0.023937
6900,0.028412
6901,0.02412
6902,0.013764
6903,0
6904,0
6905,0.023214
6906,0.058178
6907,0.061081
6908,0.012655
6909,0.021415
6910,0.011863
6911,0
6912,0
6913,0
6914,0
6915,0
6916,0
6917,0
6918,0.02024
6919,0.0077054
6920,0.068961
6921,0.069746
6922,0.03207
6923,0.023937
6924,0.028412
6925,0.02412
6926,0.013764
6927,0
6928,0
6929,0.023214
6930,0.058178
6931,0.061081
6932,0.012655
6933,0.021415
6934,0.011863
6935,0
6936,0
6937,0
6938,0
6939,0
6940,0
6941,0
6942,0.02024
6943,0.0077054
6944,0.068961
6945,0.069746
6946,0.03207
6947,0.023937
6948,0.028412
6949,0.02412
6950,0.013764
6951,0
6952,0
6953,0.023214
6954,0.058178
6955,0.061081
6956,0.012655
6957,0.021415
6958,0.011863
6959,0
6960,0
6961,0
6962,0
6963,0
6964,0
6965,0
6966,0.02024
6967,0.0077054
6968,0.068961
6969,0.069746
6970,0.03207
6971,0.023937
6972,0.028412
6973,0.02412
6974,0.013764
6975,0
6976,0
6977,0.023214
6978,0.058178
6979,0.061081
6980,0.012655
6981,0.021415
6982,0.011863
6983,0
6984,0
6985,0
6986,0
6987,0
6988,0
6989,0
6990,0.02024
6991,0.0077054
6992,0.068961
6993,0.069746
6994,0.03207
6995,0.023937
6996,0.028412
6997,0.02412
6998,0.013764
6999,0
7000,0
7001,0.023214
7002,0.058178
7003,0.061081
7004,0.012655
7005,0.021415
7006,0.011863
7007,0
7008,0
7009,0
7010,0
7011,0
7012,0
7013,0
7014,0.02024
7015,0.0077054
7016,0.068961
7017,0.069746
7018,0.03207
7019,0.023937
7020,0.028412
7021,0.02412
7022,0.013764
7023,0
7024,0
7025,0.023214
7026,0.058178
7027,0.061081
7028,0.012655
7029,0.021415
7030,0.011863
7031,0
7032,0
7033,0
7034,0
7035,0
7036,0
7037,0
7038,0.02024
7039,0.0077054
7040,0.068961
7041,0.069746
7042,0.03207
7043,0.023937
7044,0.028412
7045,0.02412
7046,0.013764
7047,0
7048,0
7049,0.023214
7050,0.058178
7051,0.061081
7052,0.012655
7053,0.021415
7054,0.011863
7055,0
7056,0
7057,0
7058,0
7059,0
7060,0
7061,0
7062,0.02024
7063,0.0077054
7064,0.068961
7065,0.069746
7066,0.03207
7067,0.023937
7068,0.028412
7069,0.02412
7070,0.013764
7071,0
7072,0
7073,0.023214
7074,0.058178
7075,0.061081
7076,0.012655
7077,0.021415
7078,0.011863
7079,0
7080,0
7081,0
7082,0
7083,0
7084,0
7085,0
7086,0.02024
7087,0.0077054
7088,0.068961
7089,0.069746
7090,0.03207
7091,0.023937
7092,0.028412
7093,0.02412
7094,0.013764
7095,0
7096,0
7097,0.023214
7098,0.058178
7099,0.061081
7100,0.012655
7101,0.021415
7102,0.011863
7103,0
7104,0
7105,0
7106,0
7107,0
7108,0
7109,0
7110,0.02024
7111,0.0077054
7112,0.068961
7113,0.069746
7114,0.03207
7115,0.023937
7116,0.028412
7117,0.02412
7118,0.013764
7119,0
7120,0
7121,0.023214
7122,0.058178
7123,0.061081
7124,0.012655
7125,0.021415
7126,0.011863
7127,0
7128,0
7129,0
7130,0
7131,0
7132,0
7133,0
7134,0.02024
7135,0.0077054
7136,0.068961
7137,0.069746
7138,0.03207
7139,0.023937
7140,0.028412
7141,0.02412
7142,0.013764
7143,0
7144,0
7145,0.023214
7146,0.058178
7147,0.061081
7148,0.012655
7149,0.021415
7150,0.011863
7151,0
7152,0
7153,0
7154,0
7155,0
7156,0
7157,0
7158,0.02024
7159,0.0077054
7160,0.068961
7161,0.069746
7162,0.03207
7163,0.023937
7164,0.028412
7165,0.02412
7166,0.013764
7167,0
7168,0
7169,0.023214
7170,0.058178
7171,0.061081
7172,0.012655
7173,0.021415
7174,0.011863
7175,0
7176,0
7177,0
7178,0
7179,0
7180,0
7181,0
7182,0.02024
7183,0.0077054
7184,0.068961
7185,0.069746
7186,0.03207
7187,0.023937
7188,0.028412
7189,0.02412
7190,0.013764
7191,0
7192,0
7193,0.023214
7194,0.058178
7195,0.061081
7196,0.012655
7197,0.021415
7198,0.011863
7199,0
7200,0
7201,0
7202,0
7203,0
7204,0
7205,0
7206,0.02024
7207,0.0077054
7208,0.068961
7209,0.069746
7210,0.03207
7211,0.023937
7212,0.028412
7213,0.02412
7214,0.013764
7215,0
7216,0
7217,0.023214
7218,0.058178
7219,0.061081
7220,0.012655
7221,0.021415
7222,0.011863
7223,0
7224,0
7225,0
7226,0
7227,0
7228,0
7229,0
7230,0.02024
7231,0.0077054
7232,0.068961
7233,0.069746
7234,0.03207
7235,0.023937
7236,0.028412
7237,0.02412
7238,0.013764
7239,0
7240,0
7241,0.023214
7242,0.058178
7243,0.061081
7244,0.012655
7245,0.021415
7246,0.011863
7247,0
7248,0
7249,0
7250,0
7251,0
7252,0
7253,0
7254,0.02024
7255,0.0077054
7256,0.068961
7257,0.069746
7258,0.03207
7259,0.023937
7260,0.028412
7261,0.02412
7262,0.013764
7263,0
7264,0
7265,0.023214
7266,0.058178
7267,0.061081
7268,0.012655
7269,0.021415
7270,0.011863
7271,0
7272,0
7273,0
7274,0
7275,0
7276,0
7277,0
7278,0.02024
7279,0.0077054
7280,0.068961
7281,0.069746
7282,0.03207
7283,0.023937
7284,0.028412
7285,0.02412
7286,0.013764
7287,0
7288,0
7289,0.023214
7290,0.058178
7291,0.061081
7292,0.012655
7293,0.021415
7294,0.011863
7295,0
7296,0
7297,0
7298,0
7299,0
7300,0
7301,0
7302,0.02024
7303,0.0077054
7304,0.068961
7305,0.069746
7306,0.03207
7307,0.023937
7308,0.028412
7309,0.02412
7310,0.013764
7311,0
7312,0
7313,0.023214
7314,0.058178
7315,0.061081
7316,0.012655
7317,0.021415
7318,0.011863
7319,0
7320,0
7321,0
7322,0
7323,0
7324,0
7325,0
7326,0.02024
7327,0.0077054
7328,0.068961
7329,0.069746
7330,0.03207
7331,0.023937
7332,0.028412
7333,0.02412
7334,0.013764
7335,0
7336,0
7337,0.023214
7338,0.058178
7339,0.061081
7340,0.012655
7341,0.021415
7342,0.011863
7343,0
7344,0
7345,0
7346,0
7347,0
7348,0
7349,0
7350,0.02024
7351,0.0077054
7352,0.068961
7353,0.069746
7354,0.03207
7355,0.023937
7356,0.028412
7357,0.02412
7358,0.013764
7359,0
7360,0
7361,0.023214
7362,0.058178
7363,0.061081
7364,0.012655
7365,0.021415
7366,0.011863
7367,0
7368,0
7369,0
7370,0
7371,0
7372,0
7373,0
7374,0.02024
7375,0.0077054
7376,0.068961
7377,0.069746
7378,0.03207
7379,0.023937
7380,0.028412
7381,0.02412
7382,0.013764
7383,0
7384,0
7385,0.023214
7386,0.058178
7387,0.061081
7388,0.012655
7389,0.021415
7390,0.011863
7391,0
7392,0
7393,0
7394,0
7395,0
7396,0
7397,0
7398,0.02024
7399,0.0077054
7400,0.068961
7401,0.069746
7402,0.03207
7403,0.023937
7404,0.028412
7405,0.02412
7406,0.013764
7407,0
7408,0
7409,0.023214
7410,0.058178
7411,0.061081
7412,0.012655
7413,0.021415
7414,0.011863
7415,0
7416,0
7417,0
7418,0
7419,0
7420,0
7421,0
7422,0.02024
7423,0.0077054
7424,0.068961
7425,0.069746
7426,0.03207
7427,0.023937
7428,0.028412
7429,0.02412
7430,0.013764
7431,0
7432,0
7433,0.023214
7434,0.058178
7435,0.061081
7436,0.012655
7437,0.021415
7438,0.011863
7439,0
7440,0
7441,0
7442,0
7443,0
7444,0
7445,0
7446,0.02024
7447,0.0077054
7448,0.068961
7449,0.069746
7450,0.03207
7451,0.023937
7452,0.028412
7453,0.02412
7454,0.013764
7455,0
7456,0
7457,0.023214
7458,0.058178
7459,0.061081
7460,0.012655
7461,0.021415
7462,0.011863
7463,0
7464,0
7465,0
7466,0
7467,0
7468,0
7469,0
7470,0.02024
7471,0.0077054
7472,0.068961
7473,0.069746
7474,0.03207
7475,0.023937
7476,0.028412
7477,0.02412
7478,0.013764
7479,0
7480,0
7481,0.023214
7482,0.058178
7483,0.061081
7484,0.012655
7485,0.021415
7486,0.011863
7487,0
7488,0
7489,0
7490,0
7491,0
7492,0
7493,0
7494,0.02024
7495,0.0077054
7496,0.068961
7497,0.069746
7498,0.03207
7499,0.023937
7500,0.028412
7501,0.02412
7502,0.013764
7503,0
7504,0
7505,0.023214
7506,0.058178
7507,0.061081
7508,0.012655
7509,0.021415
7510,0.011863
7511,0
7512,0
7513,0
7514,0
7515,0
7516,0
7517,0
7518,0.02024
7519,0.0077054
7520,0.068961
7521,0.069746
7522,0.03207
7523,0.023937
7524,0.028412
7525,0.02412
7526,0.013764
7527,0
7528,0
7529,0.023214
7530,0.058178
7531,0.061081
7532,0.012655
7533,0.021415
7534,0.011863
7535,0
7536,0
7537,0
7538,0
7539,0
7540,0
7541,0
7542,0.02024
7543,0.0077054
7544,0.068961
7545,0.069746
7546,0.03207
7547,0.023937
7548,0.028412
7549,0.02412
7550,0.013764
7551,0
7552,0
7553,0.023214
7554,0.058178
7555,0.061081
7556,0.012655
7557,0.021415
7558,0.011863
7559,0
7560,0
7561,0
7562,0
7563,0
7564,0
7565,0
7566,0.02024
7567,0.0077054
7568,0.068961
7569,0.069746
7570,0.03207
7571,0.023937
7572,0.028412
7573,0.02412
7574,0.013764
7575,0
7576,0
7577,0.023214
7578,0.058178
7579,0.061081
7580,0.012655
7581,0.021415
7582,0.011863
7583,0
7584,0
7585,0
7586,0
7587,0
7588,0
7589,0
7590,0.02024
7591,0.0077054
7592,0.068961
7593,0.069746
7594,0.03207
7595,0.023937
7596,0.028412
7597,0.02412
7598,0.013764
7599,0
7600,0
7601,0.023214
7602,0.058178
7603,0.061081
7604,0.012655
7605,0.021415
7606,0.011863
7607,0
7608,0
7609,0
7610,0
7611,0
7612,0
7613,0
7614,0.02024
7615,0.0077054
7616,0.068961
7617,0.069746
7618,0.03207
7619,0.023937
7620,0.028412
7621,0.02412
7622,0.013764
7623,0
7624,0
7625,0.023214
7626,0.058178
7627,0.061081
7628,0.012655
7629,0.021415
7630,0.011863
7631,0
7632,0
7633,0
7634,0
7635,0
7636,0
7637,0
7638,0.02024
7639,0.0077054
7640,0.068961
7641,0.069746
7642,0.03207
7643,0.023937
7644,0.028412
7645,0.02412
7646,0.013764
7647,0
7648,0
7649,0.023214
7650,0.058178
7651,0.061081
7652,0.012655
7653,0.021415
7654,0.011863
7655,0
7656,0
7657,0
7658,0
7659,0
7660,0
7661,0
7662,0.02024
7663,0.0077054
7664,0.068961
7665,0.069746
7666,0.03207
7667,0.023937
7668,0.028412
7669,0.02412
7670,0.013764
7671,0
7672,0
7673,0.023214
7674,0.058178
7675,0.061081
7676,0.012655
7677,0.021415
7678,0.011863
7679,0
7680,0
7681,0
7682,0
7683,0
7684,0
7685,0
7686,0.02024
7687,0.0077054
7688,0.068961
7689,0.069746
7690,0.03207
7691,0.023937
7692,0.028412
7693,0.02412
7694,0.013764
7695,0
7696,0
7697,0.023214
7698,0.058178
7699,0.061081
7700,0.012655
7701,0.021415
7702,0.011863
7703,0
7704,0
7705,0
7706,0
7707,0
7708,0
7709,0
7710,0.02024
7711,0.0077054
7712,0.068961
7713,0.069746
7714,0.03207
7715,0.023937
7716,0.028412
7717,0.02412
7718,0.013764
7719,0
7720,0
7721,0.023214
7722,0.058178
7723,0.061081
7724,0.012655
7725,0.021415
7726,0.011863
7727,0
7728,0
7729,0
7730,0
7731,0
7732,0
7733,0
7734,0.02024
7735,0.0077054
7736,0.068961
7737,0.069746
7738,0.03207
7739,0.023937
7740,0.028412
7741,0.02412
7742,0.013764
7743,0
7744,0
7745,0.023214
7746,0.058178
7747,0.061081
7748,0.012655
7749,0.021415
7750,0.011863
7751,0
7752,0
7753,0
7754,0
7755,0
7756,0
7757,0
7758,0.02024
7759,0.0077054
7760,0.068961
7761,0.069746
7762,0.03207
7763,0.023937
7764,0.028412
7765,0.02412
7766,0.013764
7767,0
7768,0
7769,0.023214
7770,0.058178
7771,0.061081
7772,0.012655
7773,0.021415
7774,0.011863
7775,0
7776,0
7777,0
7778,0
7779,0
7780,0
7781,0
7782,0.02024
7783,0.0077054
7784,0.068961
7785,0.069746
7786,0.03207
7787,0.023937
7788,0.028412
7789,0.02412
7790,0.013764
7791,0
7792,0
7793,0.023214
7794,0.058178
7795,0.061081
7796,0.012655
7797,0.021415
7798,0.011863
7799,0
7800,0
7801,0
7802,0
7803,0
7804,0
7805,0
7806,0.02024
7807,0.0077054
7808,0.068961
7809,0.069746
7810,0.03207
7811,0.023937
7812,0.028412
7813,0.02412
7814,0.013764
7815,0
7816,0
7817,0.023214
7818,0.058178
7819,0.061081
7820,0.012655
7821,0.021415
7822,0.011863
7823,0
7824,0
7825,0
7826,0
7827,0
7828,0
7829,0
7830,0.02024
7831,0.0077054
7832,0.068961
7833,0.069746
7834,0.03207
7835,0.023937
7836,0.028412
7837,0.02412
7838,0.013764
7839,0
7840,0
7841,0.023214
7842,0.058178
7843,0.061081
7844,0.012655
7845,0.021415
7846,0.011863
7847,0
7848,0
7849,0
7850,0
7851,0
7852,0
7853,0
7854,0.02024
7855,0.0077054
7856,0.068961
7857,0.069746
7858,0.03207
7859,0.023937
7860,0.028412
7861,0.02412
7862,0.013764
7863,0
7864,0
7865,0.023214
7866,0.058178
7867,0.061081
7868,0.012655
7869,0.021415
7870,0.011863
7871,0
7872,0
7873,0
7874,0
7875,0
7876,0
7877,0
7878,0.02024
7879,0.0077054
7880,0.068961
7881,0.069746
7882,0.03207
7883,0.023937
7884,0.028412
7885,0.02412
7886,0.013764
7887,0
7888,0
7889,0.023214
7890,0.058178
7891,0.061081
7892,0.012655
7893,0.021415
7894,0.011863
7895,0
7896,0
7897,0
7898,0
7899,0
7900,0
7901,0
7902,0.02024
7903,0.0077054
7904,0.068961
7905,0.069746
7906,0.03207
7907,0.023937
7908,0.028412
7909,0.02412
7910,0.013764
7911,0
7912,0
7913,0.023214
7914,0.058178
7915,0.061081
7916,0.012655
7917,0.021415
7918,0.011863
7919,0
7920,0
7921,0
7922,0
7923,0
7924,0
7925,0
7926,0.02024
7927,0.0077054
7928,0.068961
7929,0.069746
7930,0.03207
7931,0.023937
7932,0.028412
7933,0.02412
7934,0.013764
7935,0
7936,0
7937,0.023214
7938,0.058178
7939,0.061081
7940,0.012655
7941,0.021415
7942,0.011863
7943,0
7944,0
7945,0
7946,0
7947,0
7948,0
7949,0
7950,0.02024
7951,0.0077054
7952,0.068961
7953,0.069746
7954,0.03207
7955,0.023937
7956,0.028412
7957,0.02412
7958,0.013764
7959,0
7960,0
7961,0.023214
7962,0.058178
7963,0.061081
7964,0.012655
7965,0.021415
7966,0.011863
7967,0
7968,0
7969,0
7970,0
7971,0
7972,0
7973,0
7974,0.02024
7975,0.0077054
7976,0.068961
7977,0.069746
7978,0.03207
7979,0.023937
7980,0.028412
7981,0.02412
7982,0.013764
7983,0
7984,0
7985,0.023214
7986,0.058178
7987,0.061081
7988,0.012655
7989,0.021415
7990,0.011863
7991,0
7992,0
7993,0
7994,0
7995,0
7996,0
7997,0
7998,0.02024
7999,0.0077054
8000,0.068961
8001,0.069746
8002,0.03207
8003,0.023937
8004,0.028412
8005,0.02412
8006,0.013764
8007,0
8008,0
8009,0.023214
8010,0.058178
8011,0.061081
8012,0.012655
8013,0.021415
8014,0.011863
8015,0
8016,0
8017,0
8018,0
8019,0
8020,0
8021,0
8022,0.02024
8023,0.0077054
8024,0.068961
8025,0.069746
8026,0.03207
8027,0.023937
8028,0.028412
8029,0.02412
8030,0.013764
8031,0
8032,0
8033,0.023214
8034,0.058178
8035,0.061081
8036,0.012655
8037,0.021415
8038,0.011863
8039,0
8040,0
8041,0
8042,0
8043,0
8044,0
8045,0
8046,0.02024
8047,0.0077054
8048,0.068961
8049,0.069746
8050,0.03207
8051,0.023937
8052,0.028412
8053,0.02412
8054,0.013764
8055,0
8056,0
8057,0.023214
8058,0.058178
8059,0.061081
8060,0.012655
8061,0.021415
8062,0.011863
8063,0
8064,0
8065,0
8066,0
8067,0
8068,0
8069,0
8070,0.02024
8071,0.0077054
8072,0.068961
8073,0.069746
8074,0.03207
8075,0.023937
8076,0.028412
8077,0.02412
8078,0.013764
8079,0
8080,0
8081,0.023214
8082,0.058178
8083,0.061081
8084,0.012655
8085,0.021415
8086,0.011863
8087,0
8088,0
8089,0
8090,0
8091,0
8092,0
8093,0
8094,0.02024
8095,0.0077054
8096,0.068961
8097,0.069746
8098,0.03207
8099,0.023937
8100,0.028412
8101,0.02412
8102,0.013764
8103,0
8104,0
8105,0.023214
8106,0.058178
8107,0.061081
8108,0.012655
8109,0.021415
8110,0.011863
8111,0
8112,0
8113,0
8114,0
8115,0
8116,0
8117,0
8118,0.02024
8119,0.0077054
8120,0.068961
8121,0.069746
8122,0.03207
8123,0.023937
8124,0.028412
8125,0.02412
8126,0.013764
8127,0
8128,0
8129,0.023214
8130,0.058178
8131,0.061081
8132,0.012655
8133,0.021415
8134,0.011863
8135,0
8136,0
8137,0
8138,0
8139,0
8140,0
8141,0
8142,0.02024
8143,0.0077054
8144,0.068961
8145,0.069746
8146,0.03207
8147,0.023937
8148,0.028412
8149,0.02412
8150,0.013764
8151,0
8152,0
8153,0.023214
8154,0.058178
8155,0.061081
8156,0.012655
8157,0.021415
8158,0.011863
8159,0
8160,0
8161,0
8162,0
8163,0
8164,0
8165,0
8166,0.02024
8167,0.0077054
8168,0.068961
8169,0.069746
8170,0.03207
8171,0.023937
8172,0.028412
8173,0.02412
8174,0.013764
8175,0
8176,0
8177,0.023214
8178,0.058178
8179,0.061081
8180,0.012655
8181,0.021415
8182,0.011863
8183,0
8184,0
8185,0
8186,0
8187,0
8188,0
8189,0
8190,0.02024
8191,0.0077054
8192,0.068961
8193,0.069746
8194,0.03207
8195,0.023937
8196,0.028412
8197,0.02412
8198,0.013764
8199,0
8200,0
8201,0.023214
8202,0.058178
8203,0.061081
8204,0.012655
8205,0.021415
8206,0.011863
8207,0
8208,0
8209,0
8210,0
8211,0
8212,0
8213,0
8214,0.02024
8215,0.0077054
8216,0.068961
8217,0.069746
8218,0.03207
8219,0.023937
8220,0.028412
8221,0.02412
8222,0.013764
8223,0
8224,0
8225,0.023214
8226,0.058178
8227,0.061081
8228,0.012655
8229,0.021415
8230,0.011863
8231,0
8232,0
8233,0
8234,0
8235,0
8236,0
8237,0
8238,0.02024
8239,0.0077054
8240,0.068961
8241,0.069746
8242,0.03207
8243,0.023937
8244,0.028412
8245,0.02412
8246,0.013764
8247,0
8248,0
8249,0.023214
8250,0.058178
8251,0.061081
8252,0.012655
8253,0.021415
8254,0.011863
8255,0
8256,0
8257,0
8258,0
8259,0
8260,0
8261,0
8262,0.02024
8263,0.0077054
8264,0.068961
8265,0.069746
8266,0.03207
8267,0.023937
8268,0.028412
8269,0.02412
8270,0.013764
8271,0
8272,0
8273,0.023214
8274,0.058178
8275,0.061081
8276,0.012655
8277,0.021415
8278,0.011863
8279,0
8280,0
8281,0
8282,0
8283,0
8284,0
8285,0
8286,0.02024
8287,0.0077054
8288,0.068961
8289,0.069746
8290,0.03207
8291,0.023937
8292,0.028412
8293,0.02412
8294,0.013764
8295,0
8296,0
8297,0.023214
8298,0.058178
8299,0.061081
8300,0.012655
8301,0.021415
8302,0.011863
8303,0
8304,0
8305,0
8306,0
8307,0
8308,0
8309,0
8310,0.02024
8311,0.0077054
8312,0.068961
8313,0.069746
8314,0.03207
8315,0.023937
8316,0.028412
8317,0.02412
8318,0.013764
8319,0
8320,0
8321,0.023214
8322,0.058178
8323,0.061081
8324,0.012655
8325,0.021415
8326,0.011863
8327,0
8328,0
8329,0
8330,0
8331,0
8332,0
8333,0
8334,0.02024
8335,0.0077054
8336,0.068961
8337,0.069746
8338,0.03207
8339,0.023937
8340,0.028412
8341,0.02412
8342,0.013764
8343,0
8344,0
8345,0.023214
8346,0.058178
8347,0.061081
8348,0.012655
8349,0.021415
8350,0.011863
8351,0
8352,0
8353,0
8354,0
8355,0
8356,0
8357,0
8358,0.02024
8359,0.0077054
8360,0.068961
8361,0.069746
8362,0.03207
8363,0.023937
8364,0.028412
8365,0.02412
8366,0.013764
8367,0
8368,0
8369,0.023214
8370,0.058178
8371,0.061081
8372,0.012655
8373,0.021415
8374,0.011863
8375,0
8376,0
8377,0
8378,0
8379,0
8380,0
8381,0
8382,0.02024
8383,0.0077054
8384,0.068961
8385,0.069746
8386,0.03207
8387,0.023937
8388,0.028412
8389,0.02412
8390,0.013764
8391,0
8392,0
8393,0.023214
8394,0.058178
8395,0.061081
8396,0.012655
8397,0.021415
8398,0.011863
8399,0
8400,0
8401,0
8402,0
8403,0
8404,0
8405,0
8406,0.02024
8407,0.0077054
8408,0.068961
8409,0.069746
8410,0.03207
8411,0.023937
8412,0.028412
8413,0.02412
8414,0.013764
8415,0
8416,0
8417,0.023214
8418,0.058178
8419,0.061081
8420,0.012655
8421,0.021415
8422,0.011863
8423,0
8424,0
8425,0
8426,0
8427,0
8428,0
8429,0
8430,0.02024
8431,0.0077054
8432,0.068961
8433,0.069746
8434,0.03207
8435,0.023937
8436,0.028412
8437,0.02412
8438,0.013764
8439,0
8440,0
8441,0.023214
8442,0.058178
8443,0.061081
8444,0.012655
8445,0.021415
8446,0.011863
8447,0
8448,0
8449,0
8450,0
8451,0
8452,0
8453,0
8454,0.02024
8455,0.0077054
8456,0.068961
8457,0.069746
8458,0.03207
8459,0.023937
8460,0.028412
8461,0.02412
8462,0.013764
8463,0
8464,0
8465,0.023214
8466,0.058178
8467,0.061081
8468,0.012655
8469,0.021415
8470,0.011863
8471,0
8472,0
8473,0
8474,0
8475,0
8476,0
8477,0
8478,0.02024
8479,0.0077054
8480,0.068961
8481,0.069746
8482,0.03207
8483,0.023937
8484,0.028412
8485,0.02412
8486,0.013764
8487,0
8488,0
8489,0.023214
8490,0.058178
8491,0.061081
8492,0.012655
8493,0.021415
8494,0.011863
8495,0
8496,0
8497,0
8498,0
8499,0
8500,0
8501,0
8502,0.02024
8503,0.0077054
8504,0.068961
8505,0.069746
8506,0.03207
8507,0.023937
8508,0.028412
8509,0.02412
8510,0.013764
8511,0
8512,0
8513,0.023214
8514,0.058178
8515,0.061081
8516,0.012655
8517,0.021415
8518,0.011863
8519,0
8520,0
8521,0
8522,0
8523,0
8524,0
8525,0
8526,0.02024
8527,0.0077054
8528,0.068961
8529,0.069746
8530,0.03207
8531,0.023937
8532,0.028412
8533,0.02412
8534,0.013764
8535,0
8536,0
8537,0.023214
8538,0.058178
8539,0.061081
8540,0.012655
8541,0.021415
8542,0.011863
8543,0
8544,0
8545,0
8546,0
8547,0
8548,0
8549,0
8550,0.02024
8551,0.0077054
8552,0.068961
8553,0.069746
8554,0.03207
8555,0.023937
8556,0.028412
8557,0.02412
8558,0.013764
8559,0
8560,0
8561,0.023214
8562,0.058178
8563,0.061081
8564,0.012655
8565,0.021415
8566,0.011863
8567,0
8568,0
8569,0
8570,0
8571,0
8572,0
8573,0
8574,0.02024
8575,0.0077054
8576,0.068961
8577,0.069746
8578,0.03207
8579,0.023937
8580,0.028412
8581,0.02412
8582,0.013764
8583,0
8584,0
8585,0.023214
8586,0.058178
8587,0.061081
8588,0.012655
8589,0.021415
8590,0.011863
8591,0
8592,0
8593,0
8594,0
8595,0
8596,0
8597,0
8598,0.02024
8599,0.0077054
8600,0.068961
8601,0.069746
8602,0.03207
8603,0.023937
8604,0.028412
8605,0.02412
8606,0.013764
8607,0
8608,0
8609,0.023214
8610,0.058178
8611,0.061081
8612,0.012655
8613,0.021415
8614,0.011863
8615,0
8616,0
8617,0
8618,0
8619,0
8620,0
8621,0
8622,0.02024
8623,0.0077054
8624,0.068961
8625,0.069746
8626,0.03207
8627,0.023937
8628,0.028412
8629,0.02412
8630,0.013764
8631,0
8632,0
8633,0.023214
8634,0.058178
8635,0.061081
8636,0.012655
8637,0.021415
8638,0.011863
8639,0
8640,0
8641,0
8642,0
8643,0
8644,0
8645,0
8646,0.02024
8647,0.0077054
8648,0.068961
8649,0.069746
8650,0.03207
8651,0.023937
8652,0.028412
8653,0.02412
8654,0.013764
8655,0
8656,0
8657,0.023214
8658,0.058178
8659,0.061081
8660,0.012655
8661,0.021415
8662,0.011863
8663,0
8664,0
8665,0
8666,0
8667,0
8668,0
8669,0
8670,0.02024
8671,0.0077054
8672,0.068961
8673,0.069746
8674,0.03207
8675,0.023937
8676,0.028412
8677,0.02412
8678,0.013764
8679,0
8680,0
8681,0.023214
8682,0.058178
8683,0.061081
8684,0.012655
8685,0.021415
8686,0.011863
8687,0
8688,0
8689,0
8690,0
8691,0
8692,0
8693,0
8694,0.02024
8695,0.0077054
8696,0.068961
8697,0.069746
8698,0.03207
8699,0.023937
8700,0.028412
8701,0.02412
8702,0.013764
8703,0
8704,0
8705,0.023214
8706,0.058178
8707,0.061081
8708,0.012655
8709,0.021415
8710,0.011863
8711,0
8712,0
8713,0
8714,0
8715,0
8716,0
8717,0
8718,0.02024
8719,0.0077054
8720,0.068961
8721,0.069746
8722,0.03207
8723,0.023937
8724,0.028412
8725,0.02412
8726,0.013764
8727,0
8728,0
8729,0.023214
8730,0.058178
8731,0.061081
8732,0.012655
8733,0.021415
8734,0.011863
8735,0
8736,0
8737,0
8738,0
8739,0
8740,0
8741,0
8742,0.02024
8743,0.0077054
8744,0.068961
8745,0.069746
8746,0.03207
8747,0.023937
8748,0.028412
8749,0.02412
8750,0.013764
8751,0
8752,0
8753,0.023214
8754,0.058178
8755,0.061081
8756,0.012655
8757,0.021415
8758,0.011863
8759,0
8760,0
