Interval,Dist13,
1,0
2,0
3,0
4,0
5,0
6,0
7,0.040258
8,0.065955
9,0.032678
10,0.058967
11,0.0018556
12,0.030696
13,0.012507
14,0.014683
15,0.023331
16,0.029211
17,0.032697
18,0.022107
19,0.01303
20,0.025549
21,0.039791
22,0
23,0
24,0
25,0
26,0
27,0
28,0
29,0
30,0
31,0.040258
32,0.065955
33,0.032678
34,0.058967
35,0.0018556
36,0.030696
37,0.012507
38,0.014683
39,0.023331
40,0.029211
41,0.032697
42,0.022107
43,0.01303
44,0.025549
45,0.039791
46,0
47,0
48,0
49,0
50,0
51,0
52,0
53,0
54,0
55,0.040258
56,0.065955
57,0.032678
58,0.058967
59,0.0018556
60,0.030696
61,0.012507
62,0.014683
63,0.023331
64,0.029211
65,0.032697
66,0.022107
67,0.01303
68,0.025549
69,0.039791
70,0
71,0
72,0
73,0
74,0
75,0
76,0
77,0
78,0
79,0.040258
80,0.065955
81,0.032678
82,0.058967
83,0.0018556
84,0.030696
85,0.012507
86,0.014683
87,0.023331
88,0.029211
89,0.032697
90,0.022107
91,0.01303
92,0.025549
93,0.039791
94,0
95,0
96,0
97,0
98,0
99,0
100,0
101,0
102,0
103,0.040258
104,0.065955
105,0.032678
106,0.058967
107,0.0018556
108,0.030696
109,0.012507
110,0.014683
111,0.023331
112,0.029211
113,0.032697
114,0.022107
115,0.01303
116,0.025549
117,0.039791
118,0
119,0
120,0
121,0
122,0
123,0
124,0
125,0
126,0
127,0.040258
128,0.065955
129,0.032678
130,0.058967
131,0.0018556
132,0.030696
133,0.012507
134,0.014683
135,0.023331
136,0.029211
137,0.032697
138,0.022107
139,0.01303
140,0.025549
141,0.039791
142,0
143,0
144,0
145,0
146,0
147,0
148,0
149,0
150,0
151,0.040258
152,0.065955
153,0.032678
154,0.058967
155,0.0018556
156,0.030696
157,0.012507
158,0.014683
159,0.023331
160,0.029211
161,0.032697
162,0.022107
163,0.01303
164,0.025549
165,0.039791
166,0
167,0
168,0
169,0
170,0
171,0
172,0
173,0
174,0
175,0.040258
176,0.065955
177,0.032678
178,0.058967
179,0.0018556
180,0.030696
181,0.012507
182,0.014683
183,0.023331
184,0.029211
185,0.032697
186,0.022107
187,0.01303
188,0.025549
189,0.039791
190,0
191,0
192,0
193,0
194,0
195,0
196,0
197,0
198,0
199,0.040258
200,0.065955
201,0.032678
202,0.058967
203,0.0018556
204,0.030696
205,0.012507
206,0.014683
207,0.023331
208,0.029211
209,0.032697
210,0.022107
211,0.01303
212,0.025549
213,0.039791
214,0
215,0
216,0
217,0
218,0
219,0
220,0
221,0
222,0
223,0.040258
224,0.065955
225,0.032678
226,0.058967
227,0.0018556
228,0.030696
229,0.012507
230,0.014683
231,0.023331
232,0.029211
233,0.032697
234,0.022107
235,0.01303
236,0.025549
237,0.039791
238,0
239,0
240,0
241,0
242,0
243,0
244,0
245,0
246,0
247,0.040258
248,0.065955
249,0.032678
250,0.058967
251,0.0018556
252,0.030696
253,0.012507
254,0.014683
255,0.023331
256,0.029211
257,0.032697
258,0.022107
259,0.01303
260,0.025549
261,0.039791
262,0
263,0
264,0
265,0
266,0
267,0
268,0
269,0
270,0
271,0.040258
272,0.065955
273,0.032678
274,0.058967
275,0.0018556
276,0.030696
277,0.012507
278,0.014683
279,0.023331
280,0.029211
281,0.032697
282,0.022107
283,0.01303
284,0.025549
285,0.039791
286,0
287,0
288,0
289,0
290,0
291,0
292,0
293,0
294,0
295,0.040258
296,0.065955
297,0.032678
298,0.058967
299,0.0018556
300,0.030696
301,0.012507
302,0.014683
303,0.023331
304,0.029211
305,0.032697
306,0.022107
307,0.01303
308,0.025549
309,0.039791
310,0
311,0
312,0
313,0
314,0
315,0
316,0
317,0
318,0
319,0.040258
320,0.065955
321,0.032678
322,0.058967
323,0.0018556
324,0.030696
325,0.012507
326,0.014683
327,0.023331
328,0.029211
329,0.032697
330,0.022107
331,0.01303
332,0.025549
333,0.039791
334,0
335,0
336,0
337,0
338,0
339,0
340,0
341,0
342,0
343,0.040258
344,0.065955
345,0.032678
346,0.058967
347,0.0018556
348,0.030696
349,0.012507
350,0.014683
351,0.023331
352,0.029211
353,0.032697
354,0.022107
355,0.01303
356,0.025549
357,0.039791
358,0
359,0
360,0
361,0
362,0
363,0
364,0
365,0
366,0
367,0.040258
368,0.065955
369,0.032678
370,0.058967
371,0.0018556
372,0.030696
373,0.012507
374,0.014683
375,0.023331
376,0.029211
377,0.032697
378,0.022107
379,0.01303
380,0.025549
381,0.039791
382,0
383,0
384,0
385,0
386,0
387,0
388,0
389,0
390,0
391,0.040258
392,0.065955
393,0.032678
394,0.058967
395,0.0018556
396,0.030696
397,0.012507
398,0.014683
399,0.023331
400,0.029211
401,0.032697
402,0.022107
403,0.01303
404,0.025549
405,0.039791
406,0
407,0
408,0
409,0
410,0
411,0
412,0
413,0
414,0
415,0.040258
416,0.065955
417,0.032678
418,0.058967
419,0.0018556
420,0.030696
421,0.012507
422,0.014683
423,0.023331
424,0.029211
425,0.032697
426,0.022107
427,0.01303
428,0.025549
429,0.039791
430,0
431,0
432,0
433,0
434,0
435,0
436,0
437,0
438,0
439,0.040258
440,0.065955
441,0.032678
442,0.058967
443,0.0018556
444,0.030696
445,0.012507
446,0.014683
447,0.023331
448,0.029211
449,0.032697
450,0.022107
451,0.01303
452,0.025549
453,0.039791
454,0
455,0
456,0
457,0
458,0
459,0
460,0
461,0
462,0
463,0.040258
464,0.065955
465,0.032678
466,0.058967
467,0.0018556
468,0.030696
469,0.012507
470,0.014683
471,0.023331
472,0.029211
473,0.032697
474,0.022107
475,0.01303
476,0.025549
477,0.039791
478,0
479,0
480,0
481,0
482,0
483,0
484,0
485,0
486,0
487,0.040258
488,0.065955
489,0.032678
490,0.058967
491,0.0018556
492,0.030696
493,0.012507
494,0.014683
495,0.023331
496,0.029211
497,0.032697
498,0.022107
499,0.01303
500,0.025549
501,0.039791
502,0
503,0
504,0
505,0
506,0
507,0
508,0
509,0
510,0
511,0.040258
512,0.065955
513,0.032678
514,0.058967
515,0.0018556
516,0.030696
517,0.012507
518,0.014683
519,0.023331
520,0.029211
521,0.032697
522,0.022107
523,0.01303
524,0.025549
525,0.039791
526,0
527,0
528,0
529,0
530,0
531,0
532,0
533,0
534,0
535,0.040258
536,0.065955
537,0.032678
538,0.058967
539,0.0018556
540,0.030696
541,0.012507
542,0.014683
543,0.023331
544,0.029211
545,0.032697
546,0.022107
547,0.01303
548,0.025549
549,0.039791
550,0
551,0
552,0
553,0
554,0
555,0
556,0
557,0
558,0
559,0.040258
560,0.065955
561,0.032678
562,0.058967
563,0.0018556
564,0.030696
565,0.012507
566,0.014683
567,0.023331
568,0.029211
569,0.032697
570,0.022107
571,0.01303
572,0.025549
573,0.039791
574,0
575,0
576,0
577,0
578,0
579,0
580,0
581,0
582,0
583,0.040258
584,0.065955
585,0.032678
586,0.058967
587,0.0018556
588,0.030696
589,0.012507
590,0.014683
591,0.023331
592,0.029211
593,0.032697
594,0.022107
595,0.01303
596,0.025549
597,0.039791
598,0
599,0
600,0
601,0
602,0
603,0
604,0
605,0
606,0
607,0.040258
608,0.065955
609,0.032678
610,0.058967
611,0.0018556
612,0.030696
613,0.012507
614,0.014683
615,0.023331
616,0.029211
617,0.032697
618,0.022107
619,0.01303
620,0.025549
621,0.039791
622,0
623,0
624,0
625,0
626,0
627,0
628,0
629,0
630,0
631,0.040258
632,0.065955
633,0.032678
634,0.058967
635,0.0018556
636,0.030696
637,0.012507
638,0.014683
639,0.023331
640,0.029211
641,0.032697
642,0.022107
643,0.01303
644,0.025549
645,0.039791
646,0
647,0
648,0
649,0
650,0
651,0
652,0
653,0
654,0
655,0.040258
656,0.065955
657,0.032678
658,0.058967
659,0.0018556
660,0.030696
661,0.012507
662,0.014683
663,0.023331
664,0.029211
665,0.032697
666,0.022107
667,0.01303
668,0.025549
669,0.039791
670,0
671,0
672,0
673,0
674,0
675,0
676,0
677,0
678,0
679,0.040258
680,0.065955
681,0.032678
682,0.058967
683,0.0018556
684,0.030696
685,0.012507
686,0.014683
687,0.023331
688,0.029211
689,0.032697
690,0.022107
691,0.01303
692,0.025549
693,0.039791
694,0
695,0
696,0
697,0
698,0
699,0
700,0
701,0
702,0
703,0.040258
704,0.065955
705,0.032678
706,0.058967
707,0.0018556
708,0.030696
709,0.012507
710,0.014683
711,0.023331
712,0.029211
713,0.032697
714,0.022107
715,0.01303
716,0.025549
717,0.039791
718,0
719,0
720,0
721,0
722,0
723,0
724,0
725,0
726,0
727,0.040258
728,0.065955
729,0.032678
730,0.058967
731,0.0018556
732,0.030696
733,0.012507
734,0.014683
735,0.023331
736,0.029211
737,0.032697
738,0.022107
739,0.01303
740,0.025549
741,0.039791
742,0
743,0
744,0
745,0
746,0
747,0
748,0
749,0
750,0
751,0.040258
752,0.065955
753,0.032678
754,0.058967
755,0.0018556
756,0.030696
757,0.012507
758,0.014683
759,0.023331
760,0.029211
761,0.032697
762,0.022107
763,0.01303
764,0.025549
765,0.039791
766,0
767,0
768,0
769,0
770,0
771,0
772,0
773,0
774,0
775,0.040258
776,0.065955
777,0.032678
778,0.058967
779,0.0018556
780,0.030696
781,0.012507
782,0.014683
783,0.023331
784,0.029211
785,0.032697
786,0.022107
787,0.01303
788,0.025549
789,0.039791
790,0
791,0
792,0
793,0
794,0
795,0
796,0
797,0
798,0
799,0.040258
800,0.065955
801,0.032678
802,0.058967
803,0.0018556
804,0.030696
805,0.012507
806,0.014683
807,0.023331
808,0.029211
809,0.032697
810,0.022107
811,0.01303
812,0.025549
813,0.039791
814,0
815,0
816,0
817,0
818,0
819,0
820,0
821,0
822,0
823,0.040258
824,0.065955
825,0.032678
826,0.058967
827,0.0018556
828,0.030696
829,0.012507
830,0.014683
831,0.023331
832,0.029211
833,0.032697
834,0.022107
835,0.01303
836,0.025549
837,0.039791
838,0
839,0
840,0
841,0
842,0
843,0
844,0
845,0
846,0
847,0.040258
848,0.065955
849,0.032678
850,0.058967
851,0.0018556
852,0.030696
853,0.012507
854,0.014683
855,0.023331
856,0.029211
857,0.032697
858,0.022107
859,0.01303
860,0.025549
861,0.039791
862,0
863,0
864,0
865,0
866,0
867,0
868,0
869,0
870,0
871,0.040258
872,0.065955
873,0.032678
874,0.058967
875,0.0018556
876,0.030696
877,0.012507
878,0.014683
879,0.023331
880,0.029211
881,0.032697
882,0.022107
883,0.01303
884,0.025549
885,0.039791
886,0
887,0
888,0
889,0
890,0
891,0
892,0
893,0
894,0
895,0.040258
896,0.065955
897,0.032678
898,0.058967
899,0.0018556
900,0.030696
901,0.012507
902,0.014683
903,0.023331
904,0.029211
905,0.032697
906,0.022107
907,0.01303
908,0.025549
909,0.039791
910,0
911,0
912,0
913,0
914,0
915,0
916,0
917,0
918,0
919,0.040258
920,0.065955
921,0.032678
922,0.058967
923,0.0018556
924,0.030696
925,0.012507
926,0.014683
927,0.023331
928,0.029211
929,0.032697
930,0.022107
931,0.01303
932,0.025549
933,0.039791
934,0
935,0
936,0
937,0
938,0
939,0
940,0
941,0
942,0
943,0.040258
944,0.065955
945,0.032678
946,0.058967
947,0.0018556
948,0.030696
949,0.012507
950,0.014683
951,0.023331
952,0.029211
953,0.032697
954,0.022107
955,0.01303
956,0.025549
957,0.039791
958,0
959,0
960,0
961,0
962,0
963,0
964,0
965,0
966,0
967,0.040258
968,0.065955
969,0.032678
970,0.058967
971,0.0018556
972,0.030696
973,0.012507
974,0.014683
975,0.023331
976,0.029211
977,0.032697
978,0.022107
979,0.01303
980,0.025549
981,0.039791
982,0
983,0
984,0
985,0
986,0
987,0
988,0
989,0
990,0
991,0.040258
992,0.065955
993,0.032678
994,0.058967
995,0.0018556
996,0.030696
997,0.012507
998,0.014683
999,0.023331
1000,0.029211
1001,0.032697
1002,0.022107
1003,0.01303
1004,0.025549
1005,0.039791
1006,0
1007,0
1008,0
1009,0
1010,0
1011,0
1012,0
1013,0
1014,0
1015,0.040258
1016,0.065955
1017,0.032678
1018,0.058967
1019,0.0018556
1020,0.030696
1021,0.012507
1022,0.014683
1023,0.023331
1024,0.029211
1025,0.032697
1026,0.022107
1027,0.01303
1028,0.025549
1029,0.039791
1030,0
1031,0
1032,0
1033,0
1034,0
1035,0
1036,0
1037,0
1038,0
1039,0.040258
1040,0.065955
1041,0.032678
1042,0.058967
1043,0.0018556
1044,0.030696
1045,0.012507
1046,0.014683
1047,0.023331
1048,0.029211
1049,0.032697
1050,0.022107
1051,0.01303
1052,0.025549
1053,0.039791
1054,0
1055,0
1056,0
1057,0
1058,0
1059,0
1060,0
1061,0
1062,0
1063,0.040258
1064,0.065955
1065,0.032678
1066,0.058967
1067,0.0018556
1068,0.030696
1069,0.012507
1070,0.014683
1071,0.023331
1072,0.029211
1073,0.032697
1074,0.022107
1075,0.01303
1076,0.025549
1077,0.039791
1078,0
1079,0
1080,0
1081,0
1082,0
1083,0
1084,0
1085,0
1086,0
1087,0.040258
1088,0.065955
1089,0.032678
1090,0.058967
1091,0.0018556
1092,0.030696
1093,0.012507
1094,0.014683
1095,0.023331
1096,0.029211
1097,0.032697
1098,0.022107
1099,0.01303
1100,0.025549
1101,0.039791
1102,0
1103,0
1104,0
1105,0
1106,0
1107,0
1108,0
1109,0
1110,0
1111,0.040258
1112,0.065955
1113,0.032678
1114,0.058967
1115,0.0018556
1116,0.030696
1117,0.012507
1118,0.014683
1119,0.023331
1120,0.029211
1121,0.032697
1122,0.022107
1123,0.01303
1124,0.025549
1125,0.039791
1126,0
1127,0
1128,0
1129,0
1130,0
1131,0
1132,0
1133,0
1134,0
1135,0.040258
1136,0.065955
1137,0.032678
1138,0.058967
1139,0.0018556
1140,0.030696
1141,0.012507
1142,0.014683
1143,0.023331
1144,0.029211
1145,0.032697
1146,0.022107
1147,0.01303
1148,0.025549
1149,0.039791
1150,0
1151,0
1152,0
1153,0
1154,0
1155,0
1156,0
1157,0
1158,0
1159,0.040258
1160,0.065955
1161,0.032678
1162,0.058967
1163,0.0018556
1164,0.030696
1165,0.012507
1166,0.014683
1167,0.023331
1168,0.029211
1169,0.032697
1170,0.022107
1171,0.01303
1172,0.025549
1173,0.039791
1174,0
1175,0
1176,0
1177,0
1178,0
1179,0
1180,0
1181,0
1182,0
1183,0.040258
1184,0.065955
1185,0.032678
1186,0.058967
1187,0.0018556
1188,0.030696
1189,0.012507
1190,0.014683
1191,0.023331
1192,0.029211
1193,0.032697
1194,0.022107
1195,0.01303
1196,0.025549
1197,0.039791
1198,0
1199,0
1200,0
1201,0
1202,0
1203,0
1204,0
1205,0
1206,0
1207,0.040258
1208,0.065955
1209,0.032678
1210,0.058967
1211,0.0018556
1212,0.030696
1213,0.012507
1214,0.014683
1215,0.023331
1216,0.029211
1217,0.032697
1218,0.022107
1219,0.01303
1220,0.025549
1221,0.039791
1222,0
1223,0
1224,0
1225,0
1226,0
1227,0
1228,0
1229,0
1230,0
1231,0.040258
1232,0.065955
1233,0.032678
1234,0.058967
1235,0.0018556
1236,0.030696
1237,0.012507
1238,0.014683
1239,0.023331
1240,0.029211
1241,0.032697
1242,0.022107
1243,0.01303
1244,0.025549
1245,0.039791
1246,0
1247,0
1248,0
1249,0
1250,0
1251,0
1252,0
1253,0
1254,0
1255,0.040258
1256,0.065955
1257,0.032678
1258,0.058967
1259,0.0018556
1260,0.030696
1261,0.012507
1262,0.014683
1263,0.023331
1264,0.029211
1265,0.032697
1266,0.022107
1267,0.01303
1268,0.025549
1269,0.039791
1270,0
1271,0
1272,0
1273,0
1274,0
1275,0
1276,0
1277,0
1278,0
1279,0.040258
1280,0.065955
1281,0.032678
1282,0.058967
1283,0.0018556
1284,0.030696
1285,0.012507
1286,0.014683
1287,0.023331
1288,0.029211
1289,0.032697
1290,0.022107
1291,0.01303
1292,0.025549
1293,0.039791
1294,0
1295,0
1296,0
1297,0
1298,0
1299,0
1300,0
1301,0
1302,0
1303,0.040258
1304,0.065955
1305,0.032678
1306,0.058967
1307,0.0018556
1308,0.030696
1309,0.012507
1310,0.014683
1311,0.023331
1312,0.029211
1313,0.032697
1314,0.022107
1315,0.01303
1316,0.025549
1317,0.039791
1318,0
1319,0
1320,0
1321,0
1322,0
1323,0
1324,0
1325,0
1326,0
1327,0.040258
1328,0.065955
1329,0.032678
1330,0.058967
1331,0.0018556
1332,0.030696
1333,0.012507
1334,0.014683
1335,0.023331
1336,0.029211
1337,0.032697
1338,0.022107
1339,0.01303
1340,0.025549
1341,0.039791
1342,0
1343,0
1344,0
1345,0
1346,0
1347,0
1348,0
1349,0
1350,0
1351,0.040258
1352,0.065955
1353,0.032678
1354,0.058967
1355,0.0018556
1356,0.030696
1357,0.012507
1358,0.014683
1359,0.023331
1360,0.029211
1361,0.032697
1362,0.022107
1363,0.01303
1364,0.025549
1365,0.039791
1366,0
1367,0
1368,0
1369,0
1370,0
1371,0
1372,0
1373,0
1374,0
1375,0.040258
1376,0.065955
1377,0.032678
1378,0.058967
1379,0.0018556
1380,0.030696
1381,0.012507
1382,0.014683
1383,0.023331
1384,0.029211
1385,0.032697
1386,0.022107
1387,0.01303
1388,0.025549
1389,0.039791
1390,0
1391,0
1392,0
1393,0
1394,0
1395,0
1396,0
1397,0
1398,0
1399,0.040258
1400,0.065955
1401,0.032678
1402,0.058967
1403,0.0018556
1404,0.030696
1405,0.012507
1406,0.014683
1407,0.023331
1408,0.029211
1409,0.032697
1410,0.022107
1411,0.01303
1412,0.025549
1413,0.039791
1414,0
1415,0
1416,0
1417,0
1418,0
1419,0
1420,0
1421,0
1422,0
1423,0.040258
1424,0.065955
1425,0.032678
1426,0.058967
1427,0.0018556
1428,0.030696
1429,0.012507
1430,0.014683
1431,0.023331
1432,0.029211
1433,0.032697
1434,0.022107
1435,0.01303
1436,0.025549
1437,0.039791
1438,0
1439,0
1440,0
1441,0
1442,0
1443,0
1444,0
1445,0
1446,0
1447,0.040258
1448,0.065955
1449,0.032678
1450,0.058967
1451,0.0018556
1452,0.030696
1453,0.012507
1454,0.014683
1455,0.023331
1456,0.029211
1457,0.032697
1458,0.022107
1459,0.01303
1460,0.025549
1461,0.039791
1462,0
1463,0
1464,0
1465,0
1466,0
1467,0
1468,0
1469,0
1470,0
1471,0.040258
1472,0.065955
1473,0.032678
1474,0.058967
1475,0.0018556
1476,0.030696
1477,0.012507
1478,0.014683
1479,0.023331
1480,0.029211
1481,0.032697
1482,0.022107
1483,0.01303
1484,0.025549
1485,0.039791
1486,0
1487,0
1488,0
1489,0
1490,0
1491,0
1492,0
1493,0
1494,0
1495,0.040258
1496,0.065955
1497,0.032678
1498,0.058967
1499,0.0018556
1500,0.030696
1501,0.012507
1502,0.014683
1503,0.023331
1504,0.029211
1505,0.032697
1506,0.022107
1507,0.01303
1508,0.025549
1509,0.039791
1510,0
1511,0
1512,0
1513,0
1514,0
1515,0
1516,0
1517,0
1518,0
1519,0.040258
1520,0.065955
1521,0.032678
1522,0.058967
1523,0.0018556
1524,0.030696
1525,0.012507
1526,0.014683
1527,0.023331
1528,0.029211
1529,0.032697
1530,0.022107
1531,0.01303
1532,0.025549
1533,0.039791
1534,0
1535,0
1536,0
1537,0
1538,0
1539,0
1540,0
1541,0
1542,0
1543,0.040258
1544,0.065955
1545,0.032678
1546,0.058967
1547,0.0018556
1548,0.030696
1549,0.012507
1550,0.014683
1551,0.023331
1552,0.029211
1553,0.032697
1554,0.022107
1555,0.01303
1556,0.025549
1557,0.039791
1558,0
1559,0
1560,0
1561,0
1562,0
1563,0
1564,0
1565,0
1566,0
1567,0.040258
1568,0.065955
1569,0.032678
1570,0.058967
1571,0.0018556
1572,0.030696
1573,0.012507
1574,0.014683
1575,0.023331
1576,0.029211
1577,0.032697
1578,0.022107
1579,0.01303
1580,0.025549
1581,0.039791
1582,0
1583,0
1584,0
1585,0
1586,0
1587,0
1588,0
1589,0
1590,0
1591,0.040258
1592,0.065955
1593,0.032678
1594,0.058967
1595,0.0018556
1596,0.030696
1597,0.012507
1598,0.014683
1599,0.023331
1600,0.029211
1601,0.032697
1602,0.022107
1603,0.01303
1604,0.025549
1605,0.039791
1606,0
1607,0
1608,0
1609,0
1610,0
1611,0
1612,0
1613,0
1614,0
1615,0.040258
1616,0.065955
1617,0.032678
1618,0.058967
1619,0.0018556
1620,0.030696
1621,0.012507
1622,0.014683
1623,0.023331
1624,0.029211
1625,0.032697
1626,0.022107
1627,0.01303
1628,0.025549
1629,0.039791
1630,0
1631,0
1632,0
1633,0
1634,0
1635,0
1636,0
1637,0
1638,0
1639,0.040258
1640,0.065955
1641,0.032678
1642,0.058967
1643,0.0018556
1644,0.030696
1645,0.012507
1646,0.014683
1647,0.023331
1648,0.029211
1649,0.032697
1650,0.022107
1651,0.01303
1652,0.025549
1653,0.039791
1654,0
1655,0
1656,0
1657,0
1658,0
1659,0
1660,0
1661,0
1662,0
1663,0.040258
1664,0.065955
1665,0.032678
1666,0.058967
1667,0.0018556
1668,0.030696
1669,0.012507
1670,0.014683
1671,0.023331
1672,0.029211
1673,0.032697
1674,0.022107
1675,0.01303
1676,0.025549
1677,0.039791
1678,0
1679,0
1680,0
1681,0
1682,0
1683,0
1684,0
1685,0
1686,0
1687,0.040258
1688,0.065955
1689,0.032678
1690,0.058967
1691,0.0018556
1692,0.030696
1693,0.012507
1694,0.014683
1695,0.023331
1696,0.029211
1697,0.032697
1698,0.022107
1699,0.01303
1700,0.025549
1701,0.039791
1702,0
1703,0
1704,0
1705,0
1706,0
1707,0
1708,0
1709,0
1710,0
1711,0.040258
1712,0.065955
1713,0.032678
1714,0.058967
1715,0.0018556
1716,0.030696
1717,0.012507
1718,0.014683
1719,0.023331
1720,0.029211
1721,0.032697
1722,0.022107
1723,0.01303
1724,0.025549
1725,0.039791
1726,0
1727,0
1728,0
1729,0
1730,0
1731,0
1732,0
1733,0
1734,0
1735,0.040258
1736,0.065955
1737,0.032678
1738,0.058967
1739,0.0018556
1740,0.030696
1741,0.012507
1742,0.014683
1743,0.023331
1744,0.029211
1745,0.032697
1746,0.022107
1747,0.01303
1748,0.025549
1749,0.039791
1750,0
1751,0
1752,0
1753,0
1754,0
1755,0
1756,0
1757,0
1758,0
1759,0.040258
1760,0.065955
1761,0.032678
1762,0.058967
1763,0.0018556
1764,0.030696
1765,0.012507
1766,0.014683
1767,0.023331
1768,0.029211
1769,0.032697
1770,0.022107
1771,0.01303
1772,0.025549
1773,0.039791
1774,0
1775,0
1776,0
1777,0
1778,0
1779,0
1780,0
1781,0
1782,0
1783,0.040258
1784,0.065955
1785,0.032678
1786,0.058967
1787,0.0018556
1788,0.030696
1789,0.012507
1790,0.014683
1791,0.023331
1792,0.029211
1793,0.032697
1794,0.022107
1795,0.01303
1796,0.025549
1797,0.039791
1798,0
1799,0
1800,0
1801,0
1802,0
1803,0
1804,0
1805,0
1806,0
1807,0.040258
1808,0.065955
1809,0.032678
1810,0.058967
1811,0.0018556
1812,0.030696
1813,0.012507
1814,0.014683
1815,0.023331
1816,0.029211
1817,0.032697
1818,0.022107
1819,0.01303
1820,0.025549
1821,0.039791
1822,0
1823,0
1824,0
1825,0
1826,0
1827,0
1828,0
1829,0
1830,0
1831,0.040258
1832,0.065955
1833,0.032678
1834,0.058967
1835,0.0018556
1836,0.030696
1837,0.012507
1838,0.014683
1839,0.023331
1840,0.029211
1841,0.032697
1842,0.022107
1843,0.01303
1844,0.025549
1845,0.039791
1846,0
1847,0
1848,0
1849,0
1850,0
1851,0
1852,0
1853,0
1854,0
1855,0.040258
1856,0.065955
1857,0.032678
1858,0.058967
1859,0.0018556
1860,0.030696
1861,0.012507
1862,0.014683
1863,0.023331
1864,0.029211
1865,0.032697
1866,0.022107
1867,0.01303
1868,0.025549
1869,0.039791
1870,0
1871,0
1872,0
1873,0
1874,0
1875,0
1876,0
1877,0
1878,0
1879,0.040258
1880,0.065955
1881,0.032678
1882,0.058967
1883,0.0018556
1884,0.030696
1885,0.012507
1886,0.014683
1887,0.023331
1888,0.029211
1889,0.032697
1890,0.022107
1891,0.01303
1892,0.025549
1893,0.039791
1894,0
1895,0
1896,0
1897,0
1898,0
1899,0
1900,0
1901,0
1902,0
1903,0.040258
1904,0.065955
1905,0.032678
1906,0.058967
1907,0.0018556
1908,0.030696
1909,0.012507
1910,0.014683
1911,0.023331
1912,0.029211
1913,0.032697
1914,0.022107
1915,0.01303
1916,0.025549
1917,0.039791
1918,0
1919,0
1920,0
1921,0
1922,0
1923,0
1924,0
1925,0
1926,0
1927,0.040258
1928,0.065955
1929,0.032678
1930,0.058967
1931,0.0018556
1932,0.030696
1933,0.012507
1934,0.014683
1935,0.023331
1936,0.029211
1937,0.032697
1938,0.022107
1939,0.01303
1940,0.025549
1941,0.039791
1942,0
1943,0
1944,0
1945,0
1946,0
1947,0
1948,0
1949,0
1950,0
1951,0.040258
1952,0.065955
1953,0.032678
1954,0.058967
1955,0.0018556
1956,0.030696
1957,0.012507
1958,0.014683
1959,0.023331
1960,0.029211
1961,0.032697
1962,0.022107
1963,0.01303
1964,0.025549
1965,0.039791
1966,0
1967,0
1968,0
1969,0
1970,0
1971,0
1972,0
1973,0
1974,0
1975,0.040258
1976,0.065955
1977,0.032678
1978,0.058967
1979,0.0018556
1980,0.030696
1981,0.012507
1982,0.014683
1983,0.023331
1984,0.029211
1985,0.032697
1986,0.022107
1987,0.01303
1988,0.025549
1989,0.039791
1990,0
1991,0
1992,0
1993,0
1994,0
1995,0
1996,0
1997,0
1998,0
1999,0.040258
2000,0.065955
2001,0.032678
2002,0.058967
2003,0.0018556
2004,0.030696
2005,0.012507
2006,0.014683
2007,0.023331
2008,0.029211
2009,0.032697
2010,0.022107
2011,0.01303
2012,0.025549
2013,0.039791
2014,0
2015,0
2016,0
2017,0
2018,0
2019,0
2020,0
2021,0
2022,0
2023,0.040258
2024,0.065955
2025,0.032678
2026,0.058967
2027,0.0018556
2028,0.030696
2029,0.012507
2030,0.014683
2031,0.023331
2032,0.029211
2033,0.032697
2034,0.022107
2035,0.01303
2036,0.025549
2037,0.039791
2038,0
2039,0
2040,0
2041,0
2042,0
2043,0
2044,0
2045,0
2046,0
2047,0.040258
2048,0.065955
2049,0.032678
2050,0.058967
2051,0.0018556
2052,0.030696
2053,0.012507
2054,0.014683
2055,0.023331
2056,0.029211
2057,0.032697
2058,0.022107
2059,0.01303
2060,0.025549
2061,0.039791
2062,0
2063,0
2064,0
2065,0
2066,0
2067,0
2068,0
2069,0
2070,0
2071,0.040258
2072,0.065955
2073,0.032678
2074,0.058967
2075,0.0018556
2076,0.030696
2077,0.012507
2078,0.014683
2079,0.023331
2080,0.029211
2081,0.032697
2082,0.022107
2083,0.01303
2084,0.025549
2085,0.039791
2086,0
2087,0
2088,0
2089,0
2090,0
2091,0
2092,0
2093,0
2094,0
2095,0.040258
2096,0.065955
2097,0.032678
2098,0.058967
2099,0.0018556
2100,0.030696
2101,0.012507
2102,0.014683
2103,0.023331
2104,0.029211
2105,0.032697
2106,0.022107
2107,0.01303
2108,0.025549
2109,0.039791
2110,0
2111,0
2112,0
2113,0
2114,0
2115,0
2116,0
2117,0
2118,0
2119,0.040258
2120,0.065955
2121,0.032678
2122,0.058967
2123,0.0018556
2124,0.030696
2125,0.012507
2126,0.014683
2127,0.023331
2128,0.029211
2129,0.032697
2130,0.022107
2131,0.01303
2132,0.025549
2133,0.039791
2134,0
2135,0
2136,0
2137,0
2138,0
2139,0
2140,0
2141,0
2142,0
2143,0.040258
2144,0.065955
2145,0.032678
2146,0.058967
2147,0.0018556
2148,0.030696
2149,0.012507
2150,0.014683
2151,0.023331
2152,0.029211
2153,0.032697
2154,0.022107
2155,0.01303
2156,0.025549
2157,0.039791
2158,0
2159,0
2160,0
2161,0
2162,0
2163,0
2164,0
2165,0
2166,0
2167,0.040258
2168,0.065955
2169,0.032678
2170,0.058967
2171,0.0018556
2172,0.030696
2173,0.012507
2174,0.014683
2175,0.023331
2176,0.029211
2177,0.032697
2178,0.022107
2179,0.01303
2180,0.025549
2181,0.039791
2182,0
2183,0
2184,0
2185,0
2186,0
2187,0
2188,0
2189,0
2190,0
2191,0.040258
2192,0.065955
2193,0.032678
2194,0.058967
2195,0.0018556
2196,0.030696
2197,0.012507
2198,0.014683
2199,0.023331
2200,0.029211
2201,0.032697
2202,0.022107
2203,0.01303
2204,0.025549
2205,0.039791
2206,0
2207,0
2208,0
2209,0
2210,0
2211,0
2212,0
2213,0
2214,0
2215,0.040258
2216,0.065955
2217,0.032678
2218,0.058967
2219,0.0018556
2220,0.030696
2221,0.012507
2222,0.014683
2223,0.023331
2224,0.029211
2225,0.032697
2226,0.022107
2227,0.01303
2228,0.025549
2229,0.039791
2230,0
2231,0
2232,0
2233,0
2234,0
2235,0
2236,0
2237,0
2238,0
2239,0.040258
2240,0.065955
2241,0.032678
2242,0.058967
2243,0.0018556
2244,0.030696
2245,0.012507
2246,0.014683
2247,0.023331
2248,0.029211
2249,0.032697
2250,0.022107
2251,0.01303
2252,0.025549
2253,0.039791
2254,0
2255,0
2256,0
2257,0
2258,0
2259,0
2260,0
2261,0
2262,0
2263,0.040258
2264,0.065955
2265,0.032678
2266,0.058967
2267,0.0018556
2268,0.030696
2269,0.012507
2270,0.014683
2271,0.023331
2272,0.029211
2273,0.032697
2274,0.022107
2275,0.01303
2276,0.025549
2277,0.039791
2278,0
2279,0
2280,0
2281,0
2282,0
2283,0
2284,0
2285,0
2286,0
2287,0.040258
2288,0.065955
2289,0.032678
2290,0.058967
2291,0.0018556
2292,0.030696
2293,0.012507
2294,0.014683
2295,0.023331
2296,0.029211
2297,0.032697
2298,0.022107
2299,0.01303
2300,0.025549
2301,0.039791
2302,0
2303,0
2304,0
2305,0
2306,0
2307,0
2308,0
2309,0
2310,0
2311,0.040258
2312,0.065955
2313,0.032678
2314,0.058967
2315,0.0018556
2316,0.030696
2317,0.012507
2318,0.014683
2319,0.023331
2320,0.029211
2321,0.032697
2322,0.022107
2323,0.01303
2324,0.025549
2325,0.039791
2326,0
2327,0
2328,0
2329,0
2330,0
2331,0
2332,0
2333,0
2334,0
2335,0.040258
2336,0.065955
2337,0.032678
2338,0.058967
2339,0.0018556
2340,0.030696
2341,0.012507
2342,0.014683
2343,0.023331
2344,0.029211
2345,0.032697
2346,0.022107
2347,0.01303
2348,0.025549
2349,0.039791
2350,0
2351,0
2352,0
2353,0
2354,0
2355,0
2356,0
2357,0
2358,0
2359,0.040258
2360,0.065955
2361,0.032678
2362,0.058967
2363,0.0018556
2364,0.030696
2365,0.012507
2366,0.014683
2367,0.023331
2368,0.029211
2369,0.032697
2370,0.022107
2371,0.01303
2372,0.025549
2373,0.039791
2374,0
2375,0
2376,0
2377,0
2378,0
2379,0
2380,0
2381,0
2382,0
2383,0.040258
2384,0.065955
2385,0.032678
2386,0.058967
2387,0.0018556
2388,0.030696
2389,0.012507
2390,0.014683
2391,0.023331
2392,0.029211
2393,0.032697
2394,0.022107
2395,0.01303
2396,0.025549
2397,0.039791
2398,0
2399,0
2400,0
2401,0
2402,0
2403,0
2404,0
2405,0
2406,0
2407,0.040258
2408,0.065955
2409,0.032678
2410,0.058967
2411,0.0018556
2412,0.030696
2413,0.012507
2414,0.014683
2415,0.023331
2416,0.029211
2417,0.032697
2418,0.022107
2419,0.01303
2420,0.025549
2421,0.039791
2422,0
2423,0
2424,0
2425,0
2426,0
2427,0
2428,0
2429,0
2430,0
2431,0.040258
2432,0.065955
2433,0.032678
2434,0.058967
2435,0.0018556
2436,0.030696
2437,0.012507
2438,0.014683
2439,0.023331
2440,0.029211
2441,0.032697
2442,0.022107
2443,0.01303
2444,0.025549
2445,0.039791
2446,0
2447,0
2448,0
2449,0
2450,0
2451,0
2452,0
2453,0
2454,0
2455,0.040258
2456,0.065955
2457,0.032678
2458,0.058967
2459,0.0018556
2460,0.030696
2461,0.012507
2462,0.014683
2463,0.023331
2464,0.029211
2465,0.032697
2466,0.022107
2467,0.01303
2468,0.025549
2469,0.039791
2470,0
2471,0
2472,0
2473,0
2474,0
2475,0
2476,0
2477,0
2478,0
2479,0.040258
2480,0.065955
2481,0.032678
2482,0.058967
2483,0.0018556
2484,0.030696
2485,0.012507
2486,0.014683
2487,0.023331
2488,0.029211
2489,0.032697
2490,0.022107
2491,0.01303
2492,0.025549
2493,0.039791
2494,0
2495,0
2496,0
2497,0
2498,0
2499,0
2500,0
2501,0
2502,0
2503,0.040258
2504,0.065955
2505,0.032678
2506,0.058967
2507,0.0018556
2508,0.030696
2509,0.012507
2510,0.014683
2511,0.023331
2512,0.029211
2513,0.032697
2514,0.022107
2515,0.01303
2516,0.025549
2517,0.039791
2518,0
2519,0
2520,0
2521,0
2522,0
2523,0
2524,0
2525,0
2526,0
2527,0.040258
2528,0.065955
2529,0.032678
2530,0.058967
2531,0.0018556
2532,0.030696
2533,0.012507
2534,0.014683
2535,0.023331
2536,0.029211
2537,0.032697
2538,0.022107
2539,0.01303
2540,0.025549
2541,0.039791
2542,0
2543,0
2544,0
2545,0
2546,0
2547,0
2548,0
2549,0
2550,0
2551,0.040258
2552,0.065955
2553,0.032678
2554,0.058967
2555,0.0018556
2556,0.030696
2557,0.012507
2558,0.014683
2559,0.023331
2560,0.029211
2561,0.032697
2562,0.022107
2563,0.01303
2564,0.025549
2565,0.039791
2566,0
2567,0
2568,0
2569,0
2570,0
2571,0
2572,0
2573,0
2574,0
2575,0.040258
2576,0.065955
2577,0.032678
2578,0.058967
2579,0.0018556
2580,0.030696
2581,0.012507
2582,0.014683
2583,0.023331
2584,0.029211
2585,0.032697
2586,0.022107
2587,0.01303
2588,0.025549
2589,0.039791
2590,0
2591,0
2592,0
2593,0
2594,0
2595,0
2596,0
2597,0
2598,0
2599,0.040258
2600,0.065955
2601,0.032678
2602,0.058967
2603,0.0018556
2604,0.030696
2605,0.012507
2606,0.014683
2607,0.023331
2608,0.029211
2609,0.032697
2610,0.022107
2611,0.01303
2612,0.025549
2613,0.039791
2614,0
2615,0
2616,0
2617,0
2618,0
2619,0
2620,0
2621,0
2622,0
2623,0.040258
2624,0.065955
2625,0.032678
2626,0.058967
2627,0.0018556
2628,0.030696
2629,0.012507
2630,0.014683
2631,0.023331
2632,0.029211
2633,0.032697
2634,0.022107
2635,0.01303
2636,0.025549
2637,0.039791
2638,0
2639,0
2640,0
2641,0
2642,0
2643,0
2644,0
2645,0
2646,0
2647,0.040258
2648,0.065955
2649,0.032678
2650,0.058967
2651,0.0018556
2652,0.030696
2653,0.012507
2654,0.014683
2655,0.023331
2656,0.029211
2657,0.032697
2658,0.022107
2659,0.01303
2660,0.025549
2661,0.039791
2662,0
2663,0
2664,0
2665,0
2666,0
2667,0
2668,0
2669,0
2670,0
2671,0.040258
2672,0.065955
2673,0.032678
2674,0.058967
2675,0.0018556
2676,0.030696
2677,0.012507
2678,0.014683
2679,0.023331
2680,0.029211
2681,0.032697
2682,0.022107
2683,0.01303
2684,0.025549
2685,0.039791
2686,0
2687,0
2688,0
2689,0
2690,0
2691,0
2692,0
2693,0
2694,0
2695,0.040258
2696,0.065955
2697,0.032678
2698,0.058967
2699,0.0018556
2700,0.030696
2701,0.012507
2702,0.014683
2703,0.023331
2704,0.029211
2705,0.032697
2706,0.022107
2707,0.01303
2708,0.025549
2709,0.039791
2710,0
2711,0
2712,0
2713,0
2714,0
2715,0
2716,0
2717,0
2718,0
2719,0.040258
2720,0.065955
2721,0.032678
2722,0.058967
2723,0.0018556
2724,0.030696
2725,0.012507
2726,0.014683
2727,0.023331
2728,0.029211
2729,0.032697
2730,0.022107
2731,0.01303
2732,0.025549
2733,0.039791
2734,0
2735,0
2736,0
2737,0
2738,0
2739,0
2740,0
2741,0
2742,0
2743,0.040258
2744,0.065955
2745,0.032678
2746,0.058967
2747,0.0018556
2748,0.030696
2749,0.012507
2750,0.014683
2751,0.023331
2752,0.029211
2753,0.032697
2754,0.022107
2755,0.01303
2756,0.025549
2757,0.039791
2758,0
2759,0
2760,0
2761,0
2762,0
2763,0
2764,0
2765,0
2766,0
2767,0.040258
2768,0.065955
2769,0.032678
2770,0.058967
2771,0.0018556
2772,0.030696
2773,0.012507
2774,0.014683
2775,0.023331
2776,0.029211
2777,0.032697
2778,0.022107
2779,0.01303
2780,0.025549
2781,0.039791
2782,0
2783,0
2784,0
2785,0
2786,0
2787,0
2788,0
2789,0
2790,0
2791,0.040258
2792,0.065955
2793,0.032678
2794,0.058967
2795,0.0018556
2796,0.030696
2797,0.012507
2798,0.014683
2799,0.023331
2800,0.029211
2801,0.032697
2802,0.022107
2803,0.01303
2804,0.025549
2805,0.039791
2806,0
2807,0
2808,0
2809,0
2810,0
2811,0
2812,0
2813,0
2814,0
2815,0.040258
2816,0.065955
2817,0.032678
2818,0.058967
2819,0.0018556
2820,0.030696
2821,0.012507
2822,0.014683
2823,0.023331
2824,0.029211
2825,0.032697
2826,0.022107
2827,0.01303
2828,0.025549
2829,0.039791
2830,0
2831,0
2832,0
2833,0
2834,0
2835,0
2836,0
2837,0
2838,0
2839,0.040258
2840,0.065955
2841,0.032678
2842,0.058967
2843,0.0018556
2844,0.030696
2845,0.012507
2846,0.014683
2847,0.023331
2848,0.029211
2849,0.032697
2850,0.022107
2851,0.01303
2852,0.025549
2853,0.039791
2854,0
2855,0
2856,0
2857,0
2858,0
2859,0
2860,0
2861,0
2862,0
2863,0.040258
2864,0.065955
2865,0.032678
2866,0.058967
2867,0.0018556
2868,0.030696
2869,0.012507
2870,0.014683
2871,0.023331
2872,0.029211
2873,0.032697
2874,0.022107
2875,0.01303
2876,0.025549
2877,0.039791
2878,0
2879,0
2880,0
2881,0
2882,0
2883,0
2884,0
2885,0
2886,0
2887,0.040258
2888,0.065955
2889,0.032678
2890,0.058967
2891,0.0018556
2892,0.030696
2893,0.012507
2894,0.014683
2895,0.023331
2896,0.029211
2897,0.032697
2898,0.022107
2899,0.01303
2900,0.025549
2901,0.039791
2902,0
2903,0
2904,0
2905,0
2906,0
2907,0
2908,0
2909,0
2910,0
2911,0.040258
2912,0.065955
2913,0.032678
2914,0.058967
2915,0.0018556
2916,0.030696
2917,0.012507
2918,0.014683
2919,0.023331
2920,0.029211
2921,0.032697
2922,0.022107
2923,0.01303
2924,0.025549
2925,0.039791
2926,0
2927,0
2928,0
2929,0
2930,0
2931,0
2932,0
2933,0
2934,0
2935,0.040258
2936,0.065955
2937,0.032678
2938,0.058967
2939,0.0018556
2940,0.030696
2941,0.012507
2942,0.014683
2943,0.023331
2944,0.029211
2945,0.032697
2946,0.022107
2947,0.01303
2948,0.025549
2949,0.039791
2950,0
2951,0
2952,0
2953,0
2954,0
2955,0
2956,0
2957,0
2958,0
2959,0.040258
2960,0.065955
2961,0.032678
2962,0.058967
2963,0.0018556
2964,0.030696
2965,0.012507
2966,0.014683
2967,0.023331
2968,0.029211
2969,0.032697
2970,0.022107
2971,0.01303
2972,0.025549
2973,0.039791
2974,0
2975,0
2976,0
2977,0
2978,0
2979,0
2980,0
2981,0
2982,0
2983,0.040258
2984,0.065955
2985,0.032678
2986,0.058967
2987,0.0018556
2988,0.030696
2989,0.012507
2990,0.014683
2991,0.023331
2992,0.029211
2993,0.032697
2994,0.022107
2995,0.01303
2996,0.025549
2997,0.039791
2998,0
2999,0
3000,0
3001,0
3002,0
3003,0
3004,0
3005,0
3006,0
3007,0.040258
3008,0.065955
3009,0.032678
3010,0.058967
3011,0.0018556
3012,0.030696
3013,0.012507
3014,0.014683
3015,0.023331
3016,0.029211
3017,0.032697
3018,0.022107
3019,0.01303
3020,0.025549
3021,0.039791
3022,0
3023,0
3024,0
3025,0
3026,0
3027,0
3028,0
3029,0
3030,0
3031,0.040258
3032,0.065955
3033,0.032678
3034,0.058967
3035,0.0018556
3036,0.030696
3037,0.012507
3038,0.014683
3039,0.023331
3040,0.029211
3041,0.032697
3042,0.022107
3043,0.01303
3044,0.025549
3045,0.039791
3046,0
3047,0
3048,0
3049,0
3050,0
3051,0
3052,0
3053,0
3054,0
3055,0.040258
3056,0.065955
3057,0.032678
3058,0.058967
3059,0.0018556
3060,0.030696
3061,0.012507
3062,0.014683
3063,0.023331
3064,0.029211
3065,0.032697
3066,0.022107
3067,0.01303
3068,0.025549
3069,0.039791
3070,0
3071,0
3072,0
3073,0
3074,0
3075,0
3076,0
3077,0
3078,0
3079,0.040258
3080,0.065955
3081,0.032678
3082,0.058967
3083,0.0018556
3084,0.030696
3085,0.012507
3086,0.014683
3087,0.023331
3088,0.029211
3089,0.032697
3090,0.022107
3091,0.01303
3092,0.025549
3093,0.039791
3094,0
3095,0
3096,0
3097,0
3098,0
3099,0
3100,0
3101,0
3102,0
3103,0.040258
3104,0.065955
3105,0.032678
3106,0.058967
3107,0.0018556
3108,0.030696
3109,0.012507
3110,0.014683
3111,0.023331
3112,0.029211
3113,0.032697
3114,0.022107
3115,0.01303
3116,0.025549
3117,0.039791
3118,0
3119,0
3120,0
3121,0
3122,0
3123,0
3124,0
3125,0
3126,0
3127,0.040258
3128,0.065955
3129,0.032678
3130,0.058967
3131,0.0018556
3132,0.030696
3133,0.012507
3134,0.014683
3135,0.023331
3136,0.029211
3137,0.032697
3138,0.022107
3139,0.01303
3140,0.025549
3141,0.039791
3142,0
3143,0
3144,0
3145,0
3146,0
3147,0
3148,0
3149,0
3150,0
3151,0.040258
3152,0.065955
3153,0.032678
3154,0.058967
3155,0.0018556
3156,0.030696
3157,0.012507
3158,0.014683
3159,0.023331
3160,0.029211
3161,0.032697
3162,0.022107
3163,0.01303
3164,0.025549
3165,0.039791
3166,0
3167,0
3168,0
3169,0
3170,0
3171,0
3172,0
3173,0
3174,0
3175,0.040258
3176,0.065955
3177,0.032678
3178,0.058967
3179,0.0018556
3180,0.030696
3181,0.012507
3182,0.014683
3183,0.023331
3184,0.029211
3185,0.032697
3186,0.022107
3187,0.01303
3188,0.025549
3189,0.039791
3190,0
3191,0
3192,0
3193,0
3194,0
3195,0
3196,0
3197,0
3198,0
3199,0.040258
3200,0.065955
3201,0.032678
3202,0.058967
3203,0.0018556
3204,0.030696
3205,0.012507
3206,0.014683
3207,0.023331
3208,0.029211
3209,0.032697
3210,0.022107
3211,0.01303
3212,0.025549
3213,0.039791
3214,0
3215,0
3216,0
3217,0
3218,0
3219,0
3220,0
3221,0
3222,0
3223,0.040258
3224,0.065955
3225,0.032678
3226,0.058967
3227,0.0018556
3228,0.030696
3229,0.012507
3230,0.014683
3231,0.023331
3232,0.029211
3233,0.032697
3234,0.022107
3235,0.01303
3236,0.025549
3237,0.039791
3238,0
3239,0
3240,0
3241,0
3242,0
3243,0
3244,0
3245,0
3246,0
3247,0.040258
3248,0.065955
3249,0.032678
3250,0.058967
3251,0.0018556
3252,0.030696
3253,0.012507
3254,0.014683
3255,0.023331
3256,0.029211
3257,0.032697
3258,0.022107
3259,0.01303
3260,0.025549
3261,0.039791
3262,0
3263,0
3264,0
3265,0
3266,0
3267,0
3268,0
3269,0
3270,0
3271,0.040258
3272,0.065955
3273,0.032678
3274,0.058967
3275,0.0018556
3276,0.030696
3277,0.012507
3278,0.014683
3279,0.023331
3280,0.029211
3281,0.032697
3282,0.022107
3283,0.01303
3284,0.025549
3285,0.039791
3286,0
3287,0
3288,0
3289,0
3290,0
3291,0
3292,0
3293,0
3294,0
3295,0.040258
3296,0.065955
3297,0.032678
3298,0.058967
3299,0.0018556
3300,0.030696
3301,0.012507
3302,0.014683
3303,0.023331
3304,0.029211
3305,0.032697
3306,0.022107
3307,0.01303
3308,0.025549
3309,0.039791
3310,0
3311,0
3312,0
3313,0
3314,0
3315,0
3316,0
3317,0
3318,0
3319,0.040258
3320,0.065955
3321,0.032678
3322,0.058967
3323,0.0018556
3324,0.030696
3325,0.012507
3326,0.014683
3327,0.023331
3328,0.029211
3329,0.032697
3330,0.022107
3331,0.01303
3332,0.025549
3333,0.039791
3334,0
3335,0
3336,0
3337,0
3338,0
3339,0
3340,0
3341,0
3342,0
3343,0.040258
3344,0.065955
3345,0.032678
3346,0.058967
3347,0.0018556
3348,0.030696
3349,0.012507
3350,0.014683
3351,0.023331
3352,0.029211
3353,0.032697
3354,0.022107
3355,0.01303
3356,0.025549
3357,0.039791
3358,0
3359,0
3360,0
3361,0
3362,0
3363,0
3364,0
3365,0
3366,0
3367,0.040258
3368,0.065955
3369,0.032678
3370,0.058967
3371,0.0018556
3372,0.030696
3373,0.012507
3374,0.014683
3375,0.023331
3376,0.029211
3377,0.032697
3378,0.022107
3379,0.01303
3380,0.025549
3381,0.039791
3382,0
3383,0
3384,0
3385,0
3386,0
3387,0
3388,0
3389,0
3390,0
3391,0.040258
3392,0.065955
3393,0.032678
3394,0.058967
3395,0.0018556
3396,0.030696
3397,0.012507
3398,0.014683
3399,0.023331
3400,0.029211
3401,0.032697
3402,0.022107
3403,0.01303
3404,0.025549
3405,0.039791
3406,0
3407,0
3408,0
3409,0
3410,0
3411,0
3412,0
3413,0
3414,0
3415,0.040258
3416,0.065955
3417,0.032678
3418,0.058967
3419,0.0018556
3420,0.030696
3421,0.012507
3422,0.014683
3423,0.023331
3424,0.029211
3425,0.032697
3426,0.022107
3427,0.01303
3428,0.025549
3429,0.039791
3430,0
3431,0
3432,0
3433,0
3434,0
3435,0
3436,0
3437,0
3438,0
3439,0.040258
3440,0.065955
3441,0.032678
3442,0.058967
3443,0.0018556
3444,0.030696
3445,0.012507
3446,0.014683
3447,0.023331
3448,0.029211
3449,0.032697
3450,0.022107
3451,0.01303
3452,0.025549
3453,0.039791
3454,0
3455,0
3456,0
3457,0
3458,0
3459,0
3460,0
3461,0
3462,0
3463,0.040258
3464,0.065955
3465,0.032678
3466,0.058967
3467,0.0018556
3468,0.030696
3469,0.012507
3470,0.014683
3471,0.023331
3472,0.029211
3473,0.032697
3474,0.022107
3475,0.01303
3476,0.025549
3477,0.039791
3478,0
3479,0
3480,0
3481,0
3482,0
3483,0
3484,0
3485,0
3486,0
3487,0.040258
3488,0.065955
3489,0.032678
3490,0.058967
3491,0.0018556
3492,0.030696
3493,0.012507
3494,0.014683
3495,0.023331
3496,0.029211
3497,0.032697
3498,0.022107
3499,0.01303
3500,0.025549
3501,0.039791
3502,0
3503,0
3504,0
3505,0
3506,0
3507,0
3508,0
3509,0
3510,0
3511,0.040258
3512,0.065955
3513,0.032678
3514,0.058967
3515,0.0018556
3516,0.030696
3517,0.012507
3518,0.014683
3519,0.023331
3520,0.029211
3521,0.032697
3522,0.022107
3523,0.01303
3524,0.025549
3525,0.039791
3526,0
3527,0
3528,0
3529,0
3530,0
3531,0
3532,0
3533,0
3534,0
3535,0.040258
3536,0.065955
3537,0.032678
3538,0.058967
3539,0.0018556
3540,0.030696
3541,0.012507
3542,0.014683
3543,0.023331
3544,0.029211
3545,0.032697
3546,0.022107
3547,0.01303
3548,0.025549
3549,0.039791
3550,0
3551,0
3552,0
3553,0
3554,0
3555,0
3556,0
3557,0
3558,0
3559,0.040258
3560,0.065955
3561,0.032678
3562,0.058967
3563,0.0018556
3564,0.030696
3565,0.012507
3566,0.014683
3567,0.023331
3568,0.029211
3569,0.032697
3570,0.022107
3571,0.01303
3572,0.025549
3573,0.039791
3574,0
3575,0
3576,0
3577,0
3578,0
3579,0
3580,0
3581,0
3582,0
3583,0.040258
3584,0.065955
3585,0.032678
3586,0.058967
3587,0.0018556
3588,0.030696
3589,0.012507
3590,0.014683
3591,0.023331
3592,0.029211
3593,0.032697
3594,0.022107
3595,0.01303
3596,0.025549
3597,0.039791
3598,0
3599,0
3600,0
3601,0
3602,0
3603,0
3604,0
3605,0
3606,0
3607,0.040258
3608,0.065955
3609,0.032678
3610,0.058967
3611,0.0018556
3612,0.030696
3613,0.012507
3614,0.014683
3615,0.023331
3616,0.029211
3617,0.032697
3618,0.022107
3619,0.01303
3620,0.025549
3621,0.039791
3622,0
3623,0
3624,0
3625,0
3626,0
3627,0
3628,0
3629,0
3630,0
3631,0.040258
3632,0.065955
3633,0.032678
3634,0.058967
3635,0.0018556
3636,0.030696
3637,0.012507
3638,0.014683
3639,0.023331
3640,0.029211
3641,0.032697
3642,0.022107
3643,0.01303
3644,0.025549
3645,0.039791
3646,0
3647,0
3648,0
3649,0
3650,0
3651,0
3652,0
3653,0
3654,0
3655,0.040258
3656,0.065955
3657,0.032678
3658,0.058967
3659,0.0018556
3660,0.030696
3661,0.012507
3662,0.014683
3663,0.023331
3664,0.029211
3665,0.032697
3666,0.022107
3667,0.01303
3668,0.025549
3669,0.039791
3670,0
3671,0
3672,0
3673,0
3674,0
3675,0
3676,0
3677,0
3678,0
3679,0.040258
3680,0.065955
3681,0.032678
3682,0.058967
3683,0.0018556
3684,0.030696
3685,0.012507
3686,0.014683
3687,0.023331
3688,0.029211
3689,0.032697
3690,0.022107
3691,0.01303
3692,0.025549
3693,0.039791
3694,0
3695,0
3696,0
3697,0
3698,0
3699,0
3700,0
3701,0
3702,0
3703,0.040258
3704,0.065955
3705,0.032678
3706,0.058967
3707,0.0018556
3708,0.030696
3709,0.012507
3710,0.014683
3711,0.023331
3712,0.029211
3713,0.032697
3714,0.022107
3715,0.01303
3716,0.025549
3717,0.039791
3718,0
3719,0
3720,0
3721,0
3722,0
3723,0
3724,0
3725,0
3726,0
3727,0.040258
3728,0.065955
3729,0.032678
3730,0.058967
3731,0.0018556
3732,0.030696
3733,0.012507
3734,0.014683
3735,0.023331
3736,0.029211
3737,0.032697
3738,0.022107
3739,0.01303
3740,0.025549
3741,0.039791
3742,0
3743,0
3744,0
3745,0
3746,0
3747,0
3748,0
3749,0
3750,0
3751,0.040258
3752,0.065955
3753,0.032678
3754,0.058967
3755,0.0018556
3756,0.030696
3757,0.012507
3758,0.014683
3759,0.023331
3760,0.029211
3761,0.032697
3762,0.022107
3763,0.01303
3764,0.025549
3765,0.039791
3766,0
3767,0
3768,0
3769,0
3770,0
3771,0
3772,0
3773,0
3774,0
3775,0.040258
3776,0.065955
3777,0.032678
3778,0.058967
3779,0.0018556
3780,0.030696
3781,0.012507
3782,0.014683
3783,0.023331
3784,0.029211
3785,0.032697
3786,0.022107
3787,0.01303
3788,0.025549
3789,0.039791
3790,0
3791,0
3792,0
3793,0
3794,0
3795,0
3796,0
3797,0
3798,0
3799,0.040258
3800,0.065955
3801,0.032678
3802,0.058967
3803,0.0018556
3804,0.030696
3805,0.012507
3806,0.014683
3807,0.023331
3808,0.029211
3809,0.032697
3810,0.022107
3811,0.01303
3812,0.025549
3813,0.039791
3814,0
3815,0
3816,0
3817,0
3818,0
3819,0
3820,0
3821,0
3822,0
3823,0.040258
3824,0.065955
3825,0.032678
3826,0.058967
3827,0.0018556
3828,0.030696
3829,0.012507
3830,0.014683
3831,0.023331
3832,0.029211
3833,0.032697
3834,0.022107
3835,0.01303
3836,0.025549
3837,0.039791
3838,0
3839,0
3840,0
3841,0
3842,0
3843,0
3844,0
3845,0
3846,0
3847,0.040258
3848,0.065955
3849,0.032678
3850,0.058967
3851,0.0018556
3852,0.030696
3853,0.012507
3854,0.014683
3855,0.023331
3856,0.029211
3857,0.032697
3858,0.022107
3859,0.01303
3860,0.025549
3861,0.039791
3862,0
3863,0
3864,0
3865,0
3866,0
3867,0
3868,0
3869,0
3870,0
3871,0.040258
3872,0.065955
3873,0.032678
3874,0.058967
3875,0.0018556
3876,0.030696
3877,0.012507
3878,0.014683
3879,0.023331
3880,0.029211
3881,0.032697
3882,0.022107
3883,0.01303
3884,0.025549
3885,0.039791
3886,0
3887,0
3888,0
3889,0
3890,0
3891,0
3892,0
3893,0
3894,0
3895,0.040258
3896,0.065955
3897,0.032678
3898,0.058967
3899,0.0018556
3900,0.030696
3901,0.012507
3902,0.014683
3903,0.023331
3904,0.029211
3905,0.032697
3906,0.022107
3907,0.01303
3908,0.025549
3909,0.039791
3910,0
3911,0
3912,0
3913,0
3914,0
3915,0
3916,0
3917,0
3918,0
3919,0.040258
3920,0.065955
3921,0.032678
3922,0.058967
3923,0.0018556
3924,0.030696
3925,0.012507
3926,0.014683
3927,0.023331
3928,0.029211
3929,0.032697
3930,0.022107
3931,0.01303
3932,0.025549
3933,0.039791
3934,0
3935,0
3936,0
3937,0
3938,0
3939,0
3940,0
3941,0
3942,0
3943,0.040258
3944,0.065955
3945,0.032678
3946,0.058967
3947,0.0018556
3948,0.030696
3949,0.012507
3950,0.014683
3951,0.023331
3952,0.029211
3953,0.032697
3954,0.022107
3955,0.01303
3956,0.025549
3957,0.039791
3958,0
3959,0
3960,0
3961,0
3962,0
3963,0
3964,0
3965,0
3966,0
3967,0.040258
3968,0.065955
3969,0.032678
3970,0.058967
3971,0.0018556
3972,0.030696
3973,0.012507
3974,0.014683
3975,0.023331
3976,0.029211
3977,0.032697
3978,0.022107
3979,0.01303
3980,0.025549
3981,0.039791
3982,0
3983,0
3984,0
3985,0
3986,0
3987,0
3988,0
3989,0
3990,0
3991,0.040258
3992,0.065955
3993,0.032678
3994,0.058967
3995,0.0018556
3996,0.030696
3997,0.012507
3998,0.014683
3999,0.023331
4000,0.029211
4001,0.032697
4002,0.022107
4003,0.01303
4004,0.025549
4005,0.039791
4006,0
4007,0
4008,0
4009,0
4010,0
4011,0
4012,0
4013,0
4014,0
4015,0.040258
4016,0.065955
4017,0.032678
4018,0.058967
4019,0.0018556
4020,0.030696
4021,0.012507
4022,0.014683
4023,0.023331
4024,0.029211
4025,0.032697
4026,0.022107
4027,0.01303
4028,0.025549
4029,0.039791
4030,0
4031,0
4032,0
4033,0
4034,0
4035,0
4036,0
4037,0
4038,0
4039,0.040258
4040,0.065955
4041,0.032678
4042,0.058967
4043,0.0018556
4044,0.030696
4045,0.012507
4046,0.014683
4047,0.023331
4048,0.029211
4049,0.032697
4050,0.022107
4051,0.01303
4052,0.025549
4053,0.039791
4054,0
4055,0
4056,0
4057,0
4058,0
4059,0
4060,0
4061,0
4062,0
4063,0.040258
4064,0.065955
4065,0.032678
4066,0.058967
4067,0.0018556
4068,0.030696
4069,0.012507
4070,0.014683
4071,0.023331
4072,0.029211
4073,0.032697
4074,0.022107
4075,0.01303
4076,0.025549
4077,0.039791
4078,0
4079,0
4080,0
4081,0
4082,0
4083,0
4084,0
4085,0
4086,0
4087,0.040258
4088,0.065955
4089,0.032678
4090,0.058967
4091,0.0018556
4092,0.030696
4093,0.012507
4094,0.014683
4095,0.023331
4096,0.029211
4097,0.032697
4098,0.022107
4099,0.01303
4100,0.025549
4101,0.039791
4102,0
4103,0
4104,0
4105,0
4106,0
4107,0
4108,0
4109,0
4110,0
4111,0.040258
4112,0.065955
4113,0.032678
4114,0.058967
4115,0.0018556
4116,0.030696
4117,0.012507
4118,0.014683
4119,0.023331
4120,0.029211
4121,0.032697
4122,0.022107
4123,0.01303
4124,0.025549
4125,0.039791
4126,0
4127,0
4128,0
4129,0
4130,0
4131,0
4132,0
4133,0
4134,0
4135,0.040258
4136,0.065955
4137,0.032678
4138,0.058967
4139,0.0018556
4140,0.030696
4141,0.012507
4142,0.014683
4143,0.023331
4144,0.029211
4145,0.032697
4146,0.022107
4147,0.01303
4148,0.025549
4149,0.039791
4150,0
4151,0
4152,0
4153,0
4154,0
4155,0
4156,0
4157,0
4158,0
4159,0.040258
4160,0.065955
4161,0.032678
4162,0.058967
4163,0.0018556
4164,0.030696
4165,0.012507
4166,0.014683
4167,0.023331
4168,0.029211
4169,0.032697
4170,0.022107
4171,0.01303
4172,0.025549
4173,0.039791
4174,0
4175,0
4176,0
4177,0
4178,0
4179,0
4180,0
4181,0
4182,0
4183,0.040258
4184,0.065955
4185,0.032678
4186,0.058967
4187,0.0018556
4188,0.030696
4189,0.012507
4190,0.014683
4191,0.023331
4192,0.029211
4193,0.032697
4194,0.022107
4195,0.01303
4196,0.025549
4197,0.039791
4198,0
4199,0
4200,0
4201,0
4202,0
4203,0
4204,0
4205,0
4206,0
4207,0.040258
4208,0.065955
4209,0.032678
4210,0.058967
4211,0.0018556
4212,0.030696
4213,0.012507
4214,0.014683
4215,0.023331
4216,0.029211
4217,0.032697
4218,0.022107
4219,0.01303
4220,0.025549
4221,0.039791
4222,0
4223,0
4224,0
4225,0
4226,0
4227,0
4228,0
4229,0
4230,0
4231,0.040258
4232,0.065955
4233,0.032678
4234,0.058967
4235,0.0018556
4236,0.030696
4237,0.012507
4238,0.014683
4239,0.023331
4240,0.029211
4241,0.032697
4242,0.022107
4243,0.01303
4244,0.025549
4245,0.039791
4246,0
4247,0
4248,0
4249,0
4250,0
4251,0
4252,0
4253,0
4254,0
4255,0.040258
4256,0.065955
4257,0.032678
4258,0.058967
4259,0.0018556
4260,0.030696
4261,0.012507
4262,0.014683
4263,0.023331
4264,0.029211
4265,0.032697
4266,0.022107
4267,0.01303
4268,0.025549
4269,0.039791
4270,0
4271,0
4272,0
4273,0
4274,0
4275,0
4276,0
4277,0
4278,0
4279,0.040258
4280,0.065955
4281,0.032678
4282,0.058967
4283,0.0018556
4284,0.030696
4285,0.012507
4286,0.014683
4287,0.023331
4288,0.029211
4289,0.032697
4290,0.022107
4291,0.01303
4292,0.025549
4293,0.039791
4294,0
4295,0
4296,0
4297,0
4298,0
4299,0
4300,0
4301,0
4302,0
4303,0.040258
4304,0.065955
4305,0.032678
4306,0.058967
4307,0.0018556
4308,0.030696
4309,0.012507
4310,0.014683
4311,0.023331
4312,0.029211
4313,0.032697
4314,0.022107
4315,0.01303
4316,0.025549
4317,0.039791
4318,0
4319,0
4320,0
4321,0
4322,0
4323,0
4324,0
4325,0
4326,0
4327,0.040258
4328,0.065955
4329,0.032678
4330,0.058967
4331,0.0018556
4332,0.030696
4333,0.012507
4334,0.014683
4335,0.023331
4336,0.029211
4337,0.032697
4338,0.022107
4339,0.01303
4340,0.025549
4341,0.039791
4342,0
4343,0
4344,0
4345,0
4346,0
4347,0
4348,0
4349,0
4350,0
4351,0.040258
4352,0.065955
4353,0.032678
4354,0.058967
4355,0.0018556
4356,0.030696
4357,0.012507
4358,0.014683
4359,0.023331
4360,0.029211
4361,0.032697
4362,0.022107
4363,0.01303
4364,0.025549
4365,0.039791
4366,0
4367,0
4368,0
4369,0
4370,0
4371,0
4372,0
4373,0
4374,0
4375,0.040258
4376,0.065955
4377,0.032678
4378,0.058967
4379,0.0018556
4380,0.030696
4381,0.012507
4382,0.014683
4383,0.023331
4384,0.029211
4385,0.032697
4386,0.022107
4387,0.01303
4388,0.025549
4389,0.039791
4390,0
4391,0
4392,0
4393,0
4394,0
4395,0
4396,0
4397,0
4398,0
4399,0.040258
4400,0.065955
4401,0.032678
4402,0.058967
4403,0.0018556
4404,0.030696
4405,0.012507
4406,0.014683
4407,0.023331
4408,0.029211
4409,0.032697
4410,0.022107
4411,0.01303
4412,0.025549
4413,0.039791
4414,0
4415,0
4416,0
4417,0
4418,0
4419,0
4420,0
4421,0
4422,0
4423,0.040258
4424,0.065955
4425,0.032678
4426,0.058967
4427,0.0018556
4428,0.030696
4429,0.012507
4430,0.014683
4431,0.023331
4432,0.029211
4433,0.032697
4434,0.022107
4435,0.01303
4436,0.025549
4437,0.039791
4438,0
4439,0
4440,0
4441,0
4442,0
4443,0
4444,0
4445,0
4446,0
4447,0.040258
4448,0.065955
4449,0.032678
4450,0.058967
4451,0.0018556
4452,0.030696
4453,0.012507
4454,0.014683
4455,0.023331
4456,0.029211
4457,0.032697
4458,0.022107
4459,0.01303
4460,0.025549
4461,0.039791
4462,0
4463,0
4464,0
4465,0
4466,0
4467,0
4468,0
4469,0
4470,0
4471,0.040258
4472,0.065955
4473,0.032678
4474,0.058967
4475,0.0018556
4476,0.030696
4477,0.012507
4478,0.014683
4479,0.023331
4480,0.029211
4481,0.032697
4482,0.022107
4483,0.01303
4484,0.025549
4485,0.039791
4486,0
4487,0
4488,0
4489,0
4490,0
4491,0
4492,0
4493,0
4494,0
4495,0.040258
4496,0.065955
4497,0.032678
4498,0.058967
4499,0.0018556
4500,0.030696
4501,0.012507
4502,0.014683
4503,0.023331
4504,0.029211
4505,0.032697
4506,0.022107
4507,0.01303
4508,0.025549
4509,0.039791
4510,0
4511,0
4512,0
4513,0
4514,0
4515,0
4516,0
4517,0
4518,0
4519,0.040258
4520,0.065955
4521,0.032678
4522,0.058967
4523,0.0018556
4524,0.030696
4525,0.012507
4526,0.014683
4527,0.023331
4528,0.029211
4529,0.032697
4530,0.022107
4531,0.01303
4532,0.025549
4533,0.039791
4534,0
4535,0
4536,0
4537,0
4538,0
4539,0
4540,0
4541,0
4542,0
4543,0.040258
4544,0.065955
4545,0.032678
4546,0.058967
4547,0.0018556
4548,0.030696
4549,0.012507
4550,0.014683
4551,0.023331
4552,0.029211
4553,0.032697
4554,0.022107
4555,0.01303
4556,0.025549
4557,0.039791
4558,0
4559,0
4560,0
4561,0
4562,0
4563,0
4564,0
4565,0
4566,0
4567,0.040258
4568,0.065955
4569,0.032678
4570,0.058967
4571,0.0018556
4572,0.030696
4573,0.012507
4574,0.014683
4575,0.023331
4576,0.029211
4577,0.032697
4578,0.022107
4579,0.01303
4580,0.025549
4581,0.039791
4582,0
4583,0
4584,0
4585,0
4586,0
4587,0
4588,0
4589,0
4590,0
4591,0.040258
4592,0.065955
4593,0.032678
4594,0.058967
4595,0.0018556
4596,0.030696
4597,0.012507
4598,0.014683
4599,0.023331
4600,0.029211
4601,0.032697
4602,0.022107
4603,0.01303
4604,0.025549
4605,0.039791
4606,0
4607,0
4608,0
4609,0
4610,0
4611,0
4612,0
4613,0
4614,0
4615,0.040258
4616,0.065955
4617,0.032678
4618,0.058967
4619,0.0018556
4620,0.030696
4621,0.012507
4622,0.014683
4623,0.023331
4624,0.029211
4625,0.032697
4626,0.022107
4627,0.01303
4628,0.025549
4629,0.039791
4630,0
4631,0
4632,0
4633,0
4634,0
4635,0
4636,0
4637,0
4638,0
4639,0.040258
4640,0.065955
4641,0.032678
4642,0.058967
4643,0.0018556
4644,0.030696
4645,0.012507
4646,0.014683
4647,0.023331
4648,0.029211
4649,0.032697
4650,0.022107
4651,0.01303
4652,0.025549
4653,0.039791
4654,0
4655,0
4656,0
4657,0
4658,0
4659,0
4660,0
4661,0
4662,0
4663,0.040258
4664,0.065955
4665,0.032678
4666,0.058967
4667,0.0018556
4668,0.030696
4669,0.012507
4670,0.014683
4671,0.023331
4672,0.029211
4673,0.032697
4674,0.022107
4675,0.01303
4676,0.025549
4677,0.039791
4678,0
4679,0
4680,0
4681,0
4682,0
4683,0
4684,0
4685,0
4686,0
4687,0.040258
4688,0.065955
4689,0.032678
4690,0.058967
4691,0.0018556
4692,0.030696
4693,0.012507
4694,0.014683
4695,0.023331
4696,0.029211
4697,0.032697
4698,0.022107
4699,0.01303
4700,0.025549
4701,0.039791
4702,0
4703,0
4704,0
4705,0
4706,0
4707,0
4708,0
4709,0
4710,0
4711,0.040258
4712,0.065955
4713,0.032678
4714,0.058967
4715,0.0018556
4716,0.030696
4717,0.012507
4718,0.014683
4719,0.023331
4720,0.029211
4721,0.032697
4722,0.022107
4723,0.01303
4724,0.025549
4725,0.039791
4726,0
4727,0
4728,0
4729,0
4730,0
4731,0
4732,0
4733,0
4734,0
4735,0.040258
4736,0.065955
4737,0.032678
4738,0.058967
4739,0.0018556
4740,0.030696
4741,0.012507
4742,0.014683
4743,0.023331
4744,0.029211
4745,0.032697
4746,0.022107
4747,0.01303
4748,0.025549
4749,0.039791
4750,0
4751,0
4752,0
4753,0
4754,0
4755,0
4756,0
4757,0
4758,0
4759,0.040258
4760,0.065955
4761,0.032678
4762,0.058967
4763,0.0018556
4764,0.030696
4765,0.012507
4766,0.014683
4767,0.023331
4768,0.029211
4769,0.032697
4770,0.022107
4771,0.01303
4772,0.025549
4773,0.039791
4774,0
4775,0
4776,0
4777,0
4778,0
4779,0
4780,0
4781,0
4782,0
4783,0.040258
4784,0.065955
4785,0.032678
4786,0.058967
4787,0.0018556
4788,0.030696
4789,0.012507
4790,0.014683
4791,0.023331
4792,0.029211
4793,0.032697
4794,0.022107
4795,0.01303
4796,0.025549
4797,0.039791
4798,0
4799,0
4800,0
4801,0
4802,0
4803,0
4804,0
4805,0
4806,0
4807,0.040258
4808,0.065955
4809,0.032678
4810,0.058967
4811,0.0018556
4812,0.030696
4813,0.012507
4814,0.014683
4815,0.023331
4816,0.029211
4817,0.032697
4818,0.022107
4819,0.01303
4820,0.025549
4821,0.039791
4822,0
4823,0
4824,0
4825,0
4826,0
4827,0
4828,0
4829,0
4830,0
4831,0.040258
4832,0.065955
4833,0.032678
4834,0.058967
4835,0.0018556
4836,0.030696
4837,0.012507
4838,0.014683
4839,0.023331
4840,0.029211
4841,0.032697
4842,0.022107
4843,0.01303
4844,0.025549
4845,0.039791
4846,0
4847,0
4848,0
4849,0
4850,0
4851,0
4852,0
4853,0
4854,0
4855,0.040258
4856,0.065955
4857,0.032678
4858,0.058967
4859,0.0018556
4860,0.030696
4861,0.012507
4862,0.014683
4863,0.023331
4864,0.029211
4865,0.032697
4866,0.022107
4867,0.01303
4868,0.025549
4869,0.039791
4870,0
4871,0
4872,0
4873,0
4874,0
4875,0
4876,0
4877,0
4878,0
4879,0.040258
4880,0.065955
4881,0.032678
4882,0.058967
4883,0.0018556
4884,0.030696
4885,0.012507
4886,0.014683
4887,0.023331
4888,0.029211
4889,0.032697
4890,0.022107
4891,0.01303
4892,0.025549
4893,0.039791
4894,0
4895,0
4896,0
4897,0
4898,0
4899,0
4900,0
4901,0
4902,0
4903,0.040258
4904,0.065955
4905,0.032678
4906,0.058967
4907,0.0018556
4908,0.030696
4909,0.012507
4910,0.014683
4911,0.023331
4912,0.029211
4913,0.032697
4914,0.022107
4915,0.01303
4916,0.025549
4917,0.039791
4918,0
4919,0
4920,0
4921,0
4922,0
4923,0
4924,0
4925,0
4926,0
4927,0.040258
4928,0.065955
4929,0.032678
4930,0.058967
4931,0.0018556
4932,0.030696
4933,0.012507
4934,0.014683
4935,0.023331
4936,0.029211
4937,0.032697
4938,0.022107
4939,0.01303
4940,0.025549
4941,0.039791
4942,0
4943,0
4944,0
4945,0
4946,0
4947,0
4948,0
4949,0
4950,0
4951,0.040258
4952,0.065955
4953,0.032678
4954,0.058967
4955,0.0018556
4956,0.030696
4957,0.012507
4958,0.014683
4959,0.023331
4960,0.029211
4961,0.032697
4962,0.022107
4963,0.01303
4964,0.025549
4965,0.039791
4966,0
4967,0
4968,0
4969,0
4970,0
4971,0
4972,0
4973,0
4974,0
4975,0.040258
4976,0.065955
4977,0.032678
4978,0.058967
4979,0.0018556
4980,0.030696
4981,0.012507
4982,0.014683
4983,0.023331
4984,0.029211
4985,0.032697
4986,0.022107
4987,0.01303
4988,0.025549
4989,0.039791
4990,0
4991,0
4992,0
4993,0
4994,0
4995,0
4996,0
4997,0
4998,0
4999,0.040258
5000,0.065955
5001,0.032678
5002,0.058967
5003,0.0018556
5004,0.030696
5005,0.012507
5006,0.014683
5007,0.023331
5008,0.029211
5009,0.032697
5010,0.022107
5011,0.01303
5012,0.025549
5013,0.039791
5014,0
5015,0
5016,0
5017,0
5018,0
5019,0
5020,0
5021,0
5022,0
5023,0.040258
5024,0.065955
5025,0.032678
5026,0.058967
5027,0.0018556
5028,0.030696
5029,0.012507
5030,0.014683
5031,0.023331
5032,0.029211
5033,0.032697
5034,0.022107
5035,0.01303
5036,0.025549
5037,0.039791
5038,0
5039,0
5040,0
5041,0
5042,0
5043,0
5044,0
5045,0
5046,0
5047,0.040258
5048,0.065955
5049,0.032678
5050,0.058967
5051,0.0018556
5052,0.030696
5053,0.012507
5054,0.014683
5055,0.023331
5056,0.029211
5057,0.032697
5058,0.022107
5059,0.01303
5060,0.025549
5061,0.039791
5062,0
5063,0
5064,0
5065,0
5066,0
5067,0
5068,0
5069,0
5070,0
5071,0.040258
5072,0.065955
5073,0.032678
5074,0.058967
5075,0.0018556
5076,0.030696
5077,0.012507
5078,0.014683
5079,0.023331
5080,0.029211
5081,0.032697
5082,0.022107
5083,0.01303
5084,0.025549
5085,0.039791
5086,0
5087,0
5088,0
5089,0
5090,0
5091,0
5092,0
5093,0
5094,0
5095,0.040258
5096,0.065955
5097,0.032678
5098,0.058967
5099,0.0018556
5100,0.030696
5101,0.012507
5102,0.014683
5103,0.023331
5104,0.029211
5105,0.032697
5106,0.022107
5107,0.01303
5108,0.025549
5109,0.039791
5110,0
5111,0
5112,0
5113,0
5114,0
5115,0
5116,0
5117,0
5118,0
5119,0.040258
5120,0.065955
5121,0.032678
5122,0.058967
5123,0.0018556
5124,0.030696
5125,0.012507
5126,0.014683
5127,0.023331
5128,0.029211
5129,0.032697
5130,0.022107
5131,0.01303
5132,0.025549
5133,0.039791
5134,0
5135,0
5136,0
5137,0
5138,0
5139,0
5140,0
5141,0
5142,0
5143,0.040258
5144,0.065955
5145,0.032678
5146,0.058967
5147,0.0018556
5148,0.030696
5149,0.012507
5150,0.014683
5151,0.023331
5152,0.029211
5153,0.032697
5154,0.022107
5155,0.01303
5156,0.025549
5157,0.039791
5158,0
5159,0
5160,0
5161,0
5162,0
5163,0
5164,0
5165,0
5166,0
5167,0.040258
5168,0.065955
5169,0.032678
5170,0.058967
5171,0.0018556
5172,0.030696
5173,0.012507
5174,0.014683
5175,0.023331
5176,0.029211
5177,0.032697
5178,0.022107
5179,0.01303
5180,0.025549
5181,0.039791
5182,0
5183,0
5184,0
5185,0
5186,0
5187,0
5188,0
5189,0
5190,0
5191,0.040258
5192,0.065955
5193,0.032678
5194,0.058967
5195,0.0018556
5196,0.030696
5197,0.012507
5198,0.014683
5199,0.023331
5200,0.029211
5201,0.032697
5202,0.022107
5203,0.01303
5204,0.025549
5205,0.039791
5206,0
5207,0
5208,0
5209,0
5210,0
5211,0
5212,0
5213,0
5214,0
5215,0.040258
5216,0.065955
5217,0.032678
5218,0.058967
5219,0.0018556
5220,0.030696
5221,0.012507
5222,0.014683
5223,0.023331
5224,0.029211
5225,0.032697
5226,0.022107
5227,0.01303
5228,0.025549
5229,0.039791
5230,0
5231,0
5232,0
5233,0
5234,0
5235,0
5236,0
5237,0
5238,0
5239,0.040258
5240,0.065955
5241,0.032678
5242,0.058967
5243,0.0018556
5244,0.030696
5245,0.012507
5246,0.014683
5247,0.023331
5248,0.029211
5249,0.032697
5250,0.022107
5251,0.01303
5252,0.025549
5253,0.039791
5254,0
5255,0
5256,0
5257,0
5258,0
5259,0
5260,0
5261,0
5262,0
5263,0.040258
5264,0.065955
5265,0.032678
5266,0.058967
5267,0.0018556
5268,0.030696
5269,0.012507
5270,0.014683
5271,0.023331
5272,0.029211
5273,0.032697
5274,0.022107
5275,0.01303
5276,0.025549
5277,0.039791
5278,0
5279,0
5280,0
5281,0
5282,0
5283,0
5284,0
5285,0
5286,0
5287,0.040258
5288,0.065955
5289,0.032678
5290,0.058967
5291,0.0018556
5292,0.030696
5293,0.012507
5294,0.014683
5295,0.023331
5296,0.029211
5297,0.032697
5298,0.022107
5299,0.01303
5300,0.025549
5301,0.039791
5302,0
5303,0
5304,0
5305,0
5306,0
5307,0
5308,0
5309,0
5310,0
5311,0.040258
5312,0.065955
5313,0.032678
5314,0.058967
5315,0.0018556
5316,0.030696
5317,0.012507
5318,0.014683
5319,0.023331
5320,0.029211
5321,0.032697
5322,0.022107
5323,0.01303
5324,0.025549
5325,0.039791
5326,0
5327,0
5328,0
5329,0
5330,0
5331,0
5332,0
5333,0
5334,0
5335,0.040258
5336,0.065955
5337,0.032678
5338,0.058967
5339,0.0018556
5340,0.030696
5341,0.012507
5342,0.014683
5343,0.023331
5344,0.029211
5345,0.032697
5346,0.022107
5347,0.01303
5348,0.025549
5349,0.039791
5350,0
5351,0
5352,0
5353,0
5354,0
5355,0
5356,0
5357,0
5358,0
5359,0.040258
5360,0.065955
5361,0.032678
5362,0.058967
5363,0.0018556
5364,0.030696
5365,0.012507
5366,0.014683
5367,0.023331
5368,0.029211
5369,0.032697
5370,0.022107
5371,0.01303
5372,0.025549
5373,0.039791
5374,0
5375,0
5376,0
5377,0
5378,0
5379,0
5380,0
5381,0
5382,0
5383,0.040258
5384,0.065955
5385,0.032678
5386,0.058967
5387,0.0018556
5388,0.030696
5389,0.012507
5390,0.014683
5391,0.023331
5392,0.029211
5393,0.032697
5394,0.022107
5395,0.01303
5396,0.025549
5397,0.039791
5398,0
5399,0
5400,0
5401,0
5402,0
5403,0
5404,0
5405,0
5406,0
5407,0.040258
5408,0.065955
5409,0.032678
5410,0.058967
5411,0.0018556
5412,0.030696
5413,0.012507
5414,0.014683
5415,0.023331
5416,0.029211
5417,0.032697
5418,0.022107
5419,0.01303
5420,0.025549
5421,0.039791
5422,0
5423,0
5424,0
5425,0
5426,0
5427,0
5428,0
5429,0
5430,0
5431,0.040258
5432,0.065955
5433,0.032678
5434,0.058967
5435,0.0018556
5436,0.030696
5437,0.012507
5438,0.014683
5439,0.023331
5440,0.029211
5441,0.032697
5442,0.022107
5443,0.01303
5444,0.025549
5445,0.039791
5446,0
5447,0
5448,0
5449,0
5450,0
5451,0
5452,0
5453,0
5454,0
5455,0.040258
5456,0.065955
5457,0.032678
5458,0.058967
5459,0.0018556
5460,0.030696
5461,0.012507
5462,0.014683
5463,0.023331
5464,0.029211
5465,0.032697
5466,0.022107
5467,0.01303
5468,0.025549
5469,0.039791
5470,0
5471,0
5472,0
5473,0
5474,0
5475,0
5476,0
5477,0
5478,0
5479,0.040258
5480,0.065955
5481,0.032678
5482,0.058967
5483,0.0018556
5484,0.030696
5485,0.012507
5486,0.014683
5487,0.023331
5488,0.029211
5489,0.032697
5490,0.022107
5491,0.01303
5492,0.025549
5493,0.039791
5494,0
5495,0
5496,0
5497,0
5498,0
5499,0
5500,0
5501,0
5502,0
5503,0.040258
5504,0.065955
5505,0.032678
5506,0.058967
5507,0.0018556
5508,0.030696
5509,0.012507
5510,0.014683
5511,0.023331
5512,0.029211
5513,0.032697
5514,0.022107
5515,0.01303
5516,0.025549
5517,0.039791
5518,0
5519,0
5520,0
5521,0
5522,0
5523,0
5524,0
5525,0
5526,0
5527,0.040258
5528,0.065955
5529,0.032678
5530,0.058967
5531,0.0018556
5532,0.030696
5533,0.012507
5534,0.014683
5535,0.023331
5536,0.029211
5537,0.032697
5538,0.022107
5539,0.01303
5540,0.025549
5541,0.039791
5542,0
5543,0
5544,0
5545,0
5546,0
5547,0
5548,0
5549,0
5550,0
5551,0.040258
5552,0.065955
5553,0.032678
5554,0.058967
5555,0.0018556
5556,0.030696
5557,0.012507
5558,0.014683
5559,0.023331
5560,0.029211
5561,0.032697
5562,0.022107
5563,0.01303
5564,0.025549
5565,0.039791
5566,0
5567,0
5568,0
5569,0
5570,0
5571,0
5572,0
5573,0
5574,0
5575,0.040258
5576,0.065955
5577,0.032678
5578,0.058967
5579,0.0018556
5580,0.030696
5581,0.012507
5582,0.014683
5583,0.023331
5584,0.029211
5585,0.032697
5586,0.022107
5587,0.01303
5588,0.025549
5589,0.039791
5590,0
5591,0
5592,0
5593,0
5594,0
5595,0
5596,0
5597,0
5598,0
5599,0.040258
5600,0.065955
5601,0.032678
5602,0.058967
5603,0.0018556
5604,0.030696
5605,0.012507
5606,0.014683
5607,0.023331
5608,0.029211
5609,0.032697
5610,0.022107
5611,0.01303
5612,0.025549
5613,0.039791
5614,0
5615,0
5616,0
5617,0
5618,0
5619,0
5620,0
5621,0
5622,0
5623,0.040258
5624,0.065955
5625,0.032678
5626,0.058967
5627,0.0018556
5628,0.030696
5629,0.012507
5630,0.014683
5631,0.023331
5632,0.029211
5633,0.032697
5634,0.022107
5635,0.01303
5636,0.025549
5637,0.039791
5638,0
5639,0
5640,0
5641,0
5642,0
5643,0
5644,0
5645,0
5646,0
5647,0.040258
5648,0.065955
5649,0.032678
5650,0.058967
5651,0.0018556
5652,0.030696
5653,0.012507
5654,0.014683
5655,0.023331
5656,0.029211
5657,0.032697
5658,0.022107
5659,0.01303
5660,0.025549
5661,0.039791
5662,0
5663,0
5664,0
5665,0
5666,0
5667,0
5668,0
5669,0
5670,0
5671,0.040258
5672,0.065955
5673,0.032678
5674,0.058967
5675,0.0018556
5676,0.030696
5677,0.012507
5678,0.014683
5679,0.023331
5680,0.029211
5681,0.032697
5682,0.022107
5683,0.01303
5684,0.025549
5685,0.039791
5686,0
5687,0
5688,0
5689,0
5690,0
5691,0
5692,0
5693,0
5694,0
5695,0.040258
5696,0.065955
5697,0.032678
5698,0.058967
5699,0.0018556
5700,0.030696
5701,0.012507
5702,0.014683
5703,0.023331
5704,0.029211
5705,0.032697
5706,0.022107
5707,0.01303
5708,0.025549
5709,0.039791
5710,0
5711,0
5712,0
5713,0
5714,0
5715,0
5716,0
5717,0
5718,0
5719,0.040258
5720,0.065955
5721,0.032678
5722,0.058967
5723,0.0018556
5724,0.030696
5725,0.012507
5726,0.014683
5727,0.023331
5728,0.029211
5729,0.032697
5730,0.022107
5731,0.01303
5732,0.025549
5733,0.039791
5734,0
5735,0
5736,0
5737,0
5738,0
5739,0
5740,0
5741,0
5742,0
5743,0.040258
5744,0.065955
5745,0.032678
5746,0.058967
5747,0.0018556
5748,0.030696
5749,0.012507
5750,0.014683
5751,0.023331
5752,0.029211
5753,0.032697
5754,0.022107
5755,0.01303
5756,0.025549
5757,0.039791
5758,0
5759,0
5760,0
5761,0
5762,0
5763,0
5764,0
5765,0
5766,0
5767,0.040258
5768,0.065955
5769,0.032678
5770,0.058967
5771,0.0018556
5772,0.030696
5773,0.012507
5774,0.014683
5775,0.023331
5776,0.029211
5777,0.032697
5778,0.022107
5779,0.01303
5780,0.025549
5781,0.039791
5782,0
5783,0
5784,0
5785,0
5786,0
5787,0
5788,0
5789,0
5790,0
5791,0.040258
5792,0.065955
5793,0.032678
5794,0.058967
5795,0.0018556
5796,0.030696
5797,0.012507
5798,0.014683
5799,0.023331
5800,0.029211
5801,0.032697
5802,0.022107
5803,0.01303
5804,0.025549
5805,0.039791
5806,0
5807,0
5808,0
5809,0
5810,0
5811,0
5812,0
5813,0
5814,0
5815,0.040258
5816,0.065955
5817,0.032678
5818,0.058967
5819,0.0018556
5820,0.030696
5821,0.012507
5822,0.014683
5823,0.023331
5824,0.029211
5825,0.032697
5826,0.022107
5827,0.01303
5828,0.025549
5829,0.039791
5830,0
5831,0
5832,0
5833,0
5834,0
5835,0
5836,0
5837,0
5838,0
5839,0.040258
5840,0.065955
5841,0.032678
5842,0.058967
5843,0.0018556
5844,0.030696
5845,0.012507
5846,0.014683
5847,0.023331
5848,0.029211
5849,0.032697
5850,0.022107
5851,0.01303
5852,0.025549
5853,0.039791
5854,0
5855,0
5856,0
5857,0
5858,0
5859,0
5860,0
5861,0
5862,0
5863,0.040258
5864,0.065955
5865,0.032678
5866,0.058967
5867,0.0018556
5868,0.030696
5869,0.012507
5870,0.014683
5871,0.023331
5872,0.029211
5873,0.032697
5874,0.022107
5875,0.01303
5876,0.025549
5877,0.039791
5878,0
5879,0
5880,0
5881,0
5882,0
5883,0
5884,0
5885,0
5886,0
5887,0.040258
5888,0.065955
5889,0.032678
5890,0.058967
5891,0.0018556
5892,0.030696
5893,0.012507
5894,0.014683
5895,0.023331
5896,0.029211
5897,0.032697
5898,0.022107
5899,0.01303
5900,0.025549
5901,0.039791
5902,0
5903,0
5904,0
5905,0
5906,0
5907,0
5908,0
5909,0
5910,0
5911,0.040258
5912,0.065955
5913,0.032678
5914,0.058967
5915,0.0018556
5916,0.030696
5917,0.012507
5918,0.014683
5919,0.023331
5920,0.029211
5921,0.032697
5922,0.022107
5923,0.01303
5924,0.025549
5925,0.039791
5926,0
5927,0
5928,0
5929,0
5930,0
5931,0
5932,0
5933,0
5934,0
5935,0.040258
5936,0.065955
5937,0.032678
5938,0.058967
5939,0.0018556
5940,0.030696
5941,0.012507
5942,0.014683
5943,0.023331
5944,0.029211
5945,0.032697
5946,0.022107
5947,0.01303
5948,0.025549
5949,0.039791
5950,0
5951,0
5952,0
5953,0
5954,0
5955,0
5956,0
5957,0
5958,0
5959,0.040258
5960,0.065955
5961,0.032678
5962,0.058967
5963,0.0018556
5964,0.030696
5965,0.012507
5966,0.014683
5967,0.023331
5968,0.029211
5969,0.032697
5970,0.022107
5971,0.01303
5972,0.025549
5973,0.039791
5974,0
5975,0
5976,0
5977,0
5978,0
5979,0
5980,0
5981,0
5982,0
5983,0.040258
5984,0.065955
5985,0.032678
5986,0.058967
5987,0.0018556
5988,0.030696
5989,0.012507
5990,0.014683
5991,0.023331
5992,0.029211
5993,0.032697
5994,0.022107
5995,0.01303
5996,0.025549
5997,0.039791
5998,0
5999,0
6000,0
6001,0
6002,0
6003,0
6004,0
6005,0
6006,0
6007,0.040258
6008,0.065955
6009,0.032678
6010,0.058967
6011,0.0018556
6012,0.030696
6013,0.012507
6014,0.014683
6015,0.023331
6016,0.029211
6017,0.032697
6018,0.022107
6019,0.01303
6020,0.025549
6021,0.039791
6022,0
6023,0
6024,0
6025,0
6026,0
6027,0
6028,0
6029,0
6030,0
6031,0.040258
6032,0.065955
6033,0.032678
6034,0.058967
6035,0.0018556
6036,0.030696
6037,0.012507
6038,0.014683
6039,0.023331
6040,0.029211
6041,0.032697
6042,0.022107
6043,0.01303
6044,0.025549
6045,0.039791
6046,0
6047,0
6048,0
6049,0
6050,0
6051,0
6052,0
6053,0
6054,0
6055,0.040258
6056,0.065955
6057,0.032678
6058,0.058967
6059,0.0018556
6060,0.030696
6061,0.012507
6062,0.014683
6063,0.023331
6064,0.029211
6065,0.032697
6066,0.022107
6067,0.01303
6068,0.025549
6069,0.039791
6070,0
6071,0
6072,0
6073,0
6074,0
6075,0
6076,0
6077,0
6078,0
6079,0.040258
6080,0.065955
6081,0.032678
6082,0.058967
6083,0.0018556
6084,0.030696
6085,0.012507
6086,0.014683
6087,0.023331
6088,0.029211
6089,0.032697
6090,0.022107
6091,0.01303
6092,0.025549
6093,0.039791
6094,0
6095,0
6096,0
6097,0
6098,0
6099,0
6100,0
6101,0
6102,0
6103,0.040258
6104,0.065955
6105,0.032678
6106,0.058967
6107,0.0018556
6108,0.030696
6109,0.012507
6110,0.014683
6111,0.023331
6112,0.029211
6113,0.032697
6114,0.022107
6115,0.01303
6116,0.025549
6117,0.039791
6118,0
6119,0
6120,0
6121,0
6122,0
6123,0
6124,0
6125,0
6126,0
6127,0.040258
6128,0.065955
6129,0.032678
6130,0.058967
6131,0.0018556
6132,0.030696
6133,0.012507
6134,0.014683
6135,0.023331
6136,0.029211
6137,0.032697
6138,0.022107
6139,0.01303
6140,0.025549
6141,0.039791
6142,0
6143,0
6144,0
6145,0
6146,0
6147,0
6148,0
6149,0
6150,0
6151,0.040258
6152,0.065955
6153,0.032678
6154,0.058967
6155,0.0018556
6156,0.030696
6157,0.012507
6158,0.014683
6159,0.023331
6160,0.029211
6161,0.032697
6162,0.022107
6163,0.01303
6164,0.025549
6165,0.039791
6166,0
6167,0
6168,0
6169,0
6170,0
6171,0
6172,0
6173,0
6174,0
6175,0.040258
6176,0.065955
6177,0.032678
6178,0.058967
6179,0.0018556
6180,0.030696
6181,0.012507
6182,0.014683
6183,0.023331
6184,0.029211
6185,0.032697
6186,0.022107
6187,0.01303
6188,0.025549
6189,0.039791
6190,0
6191,0
6192,0
6193,0
6194,0
6195,0
6196,0
6197,0
6198,0
6199,0.040258
6200,0.065955
6201,0.032678
6202,0.058967
6203,0.0018556
6204,0.030696
6205,0.012507
6206,0.014683
6207,0.023331
6208,0.029211
6209,0.032697
6210,0.022107
6211,0.01303
6212,0.025549
6213,0.039791
6214,0
6215,0
6216,0
6217,0
6218,0
6219,0
6220,0
6221,0
6222,0
6223,0.040258
6224,0.065955
6225,0.032678
6226,0.058967
6227,0.0018556
6228,0.030696
6229,0.012507
6230,0.014683
6231,0.023331
6232,0.029211
6233,0.032697
6234,0.022107
6235,0.01303
6236,0.025549
6237,0.039791
6238,0
6239,0
6240,0
6241,0
6242,0
6243,0
6244,0
6245,0
6246,0
6247,0.040258
6248,0.065955
6249,0.032678
6250,0.058967
6251,0.0018556
6252,0.030696
6253,0.012507
6254,0.014683
6255,0.023331
6256,0.029211
6257,0.032697
6258,0.022107
6259,0.01303
6260,0.025549
6261,0.039791
6262,0
6263,0
6264,0
6265,0
6266,0
6267,0
6268,0
6269,0
6270,0
6271,0.040258
6272,0.065955
6273,0.032678
6274,0.058967
6275,0.0018556
6276,0.030696
6277,0.012507
6278,0.014683
6279,0.023331
6280,0.029211
6281,0.032697
6282,0.022107
6283,0.01303
6284,0.025549
6285,0.039791
6286,0
6287,0
6288,0
6289,0
6290,0
6291,0
6292,0
6293,0
6294,0
6295,0.040258
6296,0.065955
6297,0.032678
6298,0.058967
6299,0.0018556
6300,0.030696
6301,0.012507
6302,0.014683
6303,0.023331
6304,0.029211
6305,0.032697
6306,0.022107
6307,0.01303
6308,0.025549
6309,0.039791
6310,0
6311,0
6312,0
6313,0
6314,0
6315,0
6316,0
6317,0
6318,0
6319,0.040258
6320,0.065955
6321,0.032678
6322,0.058967
6323,0.0018556
6324,0.030696
6325,0.012507
6326,0.014683
6327,0.023331
6328,0.029211
6329,0.032697
6330,0.022107
6331,0.01303
6332,0.025549
6333,0.039791
6334,0
6335,0
6336,0
6337,0
6338,0
6339,0
6340,0
6341,0
6342,0
6343,0.040258
6344,0.065955
6345,0.032678
6346,0.058967
6347,0.0018556
6348,0.030696
6349,0.012507
6350,0.014683
6351,0.023331
6352,0.029211
6353,0.032697
6354,0.022107
6355,0.01303
6356,0.025549
6357,0.039791
6358,0
6359,0
6360,0
6361,0
6362,0
6363,0
6364,0
6365,0
6366,0
6367,0.040258
6368,0.065955
6369,0.032678
6370,0.058967
6371,0.0018556
6372,0.030696
6373,0.012507
6374,0.014683
6375,0.023331
6376,0.029211
6377,0.032697
6378,0.022107
6379,0.01303
6380,0.025549
6381,0.039791
6382,0
6383,0
6384,0
6385,0
6386,0
6387,0
6388,0
6389,0
6390,0
6391,0.040258
6392,0.065955
6393,0.032678
6394,0.058967
6395,0.0018556
6396,0.030696
6397,0.012507
6398,0.014683
6399,0.023331
6400,0.029211
6401,0.032697
6402,0.022107
6403,0.01303
6404,0.025549
6405,0.039791
6406,0
6407,0
6408,0
6409,0
6410,0
6411,0
6412,0
6413,0
6414,0
6415,0.040258
6416,0.065955
6417,0.032678
6418,0.058967
6419,0.0018556
6420,0.030696
6421,0.012507
6422,0.014683
6423,0.023331
6424,0.029211
6425,0.032697
6426,0.022107
6427,0.01303
6428,0.025549
6429,0.039791
6430,0
6431,0
6432,0
6433,0
6434,0
6435,0
6436,0
6437,0
6438,0
6439,0.040258
6440,0.065955
6441,0.032678
6442,0.058967
6443,0.0018556
6444,0.030696
6445,0.012507
6446,0.014683
6447,0.023331
6448,0.029211
6449,0.032697
6450,0.022107
6451,0.01303
6452,0.025549
6453,0.039791
6454,0
6455,0
6456,0
6457,0
6458,0
6459,0
6460,0
6461,0
6462,0
6463,0.040258
6464,0.065955
6465,0.032678
6466,0.058967
6467,0.0018556
6468,0.030696
6469,0.012507
6470,0.014683
6471,0.023331
6472,0.029211
6473,0.032697
6474,0.022107
6475,0.01303
6476,0.025549
6477,0.039791
6478,0
6479,0
6480,0
6481,0
6482,0
6483,0
6484,0
6485,0
6486,0
6487,0.040258
6488,0.065955
6489,0.032678
6490,0.058967
6491,0.0018556
6492,0.030696
6493,0.012507
6494,0.014683
6495,0.023331
6496,0.029211
6497,0.032697
6498,0.022107
6499,0.01303
6500,0.025549
6501,0.039791
6502,0
6503,0
6504,0
6505,0
6506,0
6507,0
6508,0
6509,0
6510,0
6511,0.040258
6512,0.065955
6513,0.032678
6514,0.058967
6515,0.0018556
6516,0.030696
6517,0.012507
6518,0.014683
6519,0.023331
6520,0.029211
6521,0.032697
6522,0.022107
6523,0.01303
6524,0.025549
6525,0.039791
6526,0
6527,0
6528,0
6529,0
6530,0
6531,0
6532,0
6533,0
6534,0
6535,0.040258
6536,0.065955
6537,0.032678
6538,0.058967
6539,0.0018556
6540,0.030696
6541,0.012507
6542,0.014683
6543,0.023331
6544,0.029211
6545,0.032697
6546,0.022107
6547,0.01303
6548,0.025549
6549,0.039791
6550,0
6551,0
6552,0
6553,0
6554,0
6555,0
6556,0
6557,0
6558,0
6559,0.040258
6560,0.065955
6561,0.032678
6562,0.058967
6563,0.0018556
6564,0.030696
6565,0.012507
6566,0.014683
6567,0.023331
6568,0.029211
6569,0.032697
6570,0.022107
6571,0.01303
6572,0.025549
6573,0.039791
6574,0
6575,0
6576,0
6577,0
6578,0
6579,0
6580,0
6581,0
6582,0
6583,0.040258
6584,0.065955
6585,0.032678
6586,0.058967
6587,0.0018556
6588,0.030696
6589,0.012507
6590,0.014683
6591,0.023331
6592,0.029211
6593,0.032697
6594,0.022107
6595,0.01303
6596,0.025549
6597,0.039791
6598,0
6599,0
6600,0
6601,0
6602,0
6603,0
6604,0
6605,0
6606,0
6607,0.040258
6608,0.065955
6609,0.032678
6610,0.058967
6611,0.0018556
6612,0.030696
6613,0.012507
6614,0.014683
6615,0.023331
6616,0.029211
6617,0.032697
6618,0.022107
6619,0.01303
6620,0.025549
6621,0.039791
6622,0
6623,0
6624,0
6625,0
6626,0
6627,0
6628,0
6629,0
6630,0
6631,0.040258
6632,0.065955
6633,0.032678
6634,0.058967
6635,0.0018556
6636,0.030696
6637,0.012507
6638,0.014683
6639,0.023331
6640,0.029211
6641,0.032697
6642,0.022107
6643,0.01303
6644,0.025549
6645,0.039791
6646,0
6647,0
6648,0
6649,0
6650,0
6651,0
6652,0
6653,0
6654,0
6655,0.040258
6656,0.065955
6657,0.032678
6658,0.058967
6659,0.0018556
6660,0.030696
6661,0.012507
6662,0.014683
6663,0.023331
6664,0.029211
6665,0.032697
6666,0.022107
6667,0.01303
6668,0.025549
6669,0.039791
6670,0
6671,0
6672,0
6673,0
6674,0
6675,0
6676,0
6677,0
6678,0
6679,0.040258
6680,0.065955
6681,0.032678
6682,0.058967
6683,0.0018556
6684,0.030696
6685,0.012507
6686,0.014683
6687,0.023331
6688,0.029211
6689,0.032697
6690,0.022107
6691,0.01303
6692,0.025549
6693,0.039791
6694,0
6695,0
6696,0
6697,0
6698,0
6699,0
6700,0
6701,0
6702,0
6703,0.040258
6704,0.065955
6705,0.032678
6706,0.058967
6707,0.0018556
6708,0.030696
6709,0.012507
6710,0.014683
6711,0.023331
6712,0.029211
6713,0.032697
6714,0.022107
6715,0.01303
6716,0.025549
6717,0.039791
6718,0
6719,0
6720,0
6721,0
6722,0
6723,0
6724,0
6725,0
6726,0
6727,0.040258
6728,0.065955
6729,0.032678
6730,0.058967
6731,0.0018556
6732,0.030696
6733,0.012507
6734,0.014683
6735,0.023331
6736,0.029211
6737,0.032697
6738,0.022107
6739,0.01303
6740,0.025549
6741,0.039791
6742,0
6743,0
6744,0
6745,0
6746,0
6747,0
6748,0
6749,0
6750,0
6751,0.040258
6752,0.065955
6753,0.032678
6754,0.058967
6755,0.0018556
6756,0.030696
6757,0.012507
6758,0.014683
6759,0.023331
6760,0.029211
6761,0.032697
6762,0.022107
6763,0.01303
6764,0.025549
6765,0.039791
6766,0
6767,0
6768,0
6769,0
6770,0
6771,0
6772,0
6773,0
6774,0
6775,0.040258
6776,0.065955
6777,0.032678
6778,0.058967
6779,0.0018556
6780,0.030696
6781,0.012507
6782,0.014683
6783,0.023331
6784,0.029211
6785,0.032697
6786,0.022107
6787,0.01303
6788,0.025549
6789,0.039791
6790,0
6791,0
6792,0
6793,0
6794,0
6795,0
6796,0
6797,0
6798,0
6799,0.040258
6800,0.065955
6801,0.032678
6802,0.058967
6803,0.0018556
6804,0.030696
6805,0.012507
6806,0.014683
6807,0.023331
6808,0.029211
6809,0.032697
6810,0.022107
6811,0.01303
6812,0.025549
6813,0.039791
6814,0
6815,0
6816,0
6817,0
6818,0
6819,0
6820,0
6821,0
6822,0
6823,0.040258
6824,0.065955
6825,0.032678
6826,0.058967
6827,0.0018556
6828,0.030696
6829,0.012507
6830,0.014683
6831,0.023331
6832,0.029211
6833,0.032697
6834,0.022107
6835,0.01303
6836,0.025549
6837,0.039791
6838,0
6839,0
6840,0
6841,0
6842,0
6843,0
6844,0
6845,0
6846,0
6847,0.040258
6848,0.065955
6849,0.032678
6850,0.058967
6851,0.0018556
6852,0.030696
6853,0.012507
6854,0.014683
6855,0.023331
6856,0.029211
6857,0.032697
6858,0.022107
6859,0.01303
6860,0.025549
6861,0.039791
6862,0
6863,0
6864,0
6865,0
6866,0
6867,0
6868,0
6869,0
6870,0
6871,0.040258
6872,0.065955
6873,0.032678
6874,0.058967
6875,0.0018556
6876,0.030696
6877,0.012507
6878,0.014683
6879,0.023331
6880,0.029211
6881,0.032697
6882,0.022107
6883,0.01303
6884,0.025549
6885,0.039791
6886,0
6887,0
6888,0
6889,0
6890,0
6891,0
6892,0
6893,0
6894,0
6895,0.040258
6896,0.065955
6897,0.032678
6898,0.058967
6899,0.0018556
6900,0.030696
6901,0.012507
6902,0.014683
6903,0.023331
6904,0.029211
6905,0.032697
6906,0.022107
6907,0.01303
6908,0.025549
6909,0.039791
6910,0
6911,0
6912,0
6913,0
6914,0
6915,0
6916,0
6917,0
6918,0
6919,0.040258
6920,0.065955
6921,0.032678
6922,0.058967
6923,0.0018556
6924,0.030696
6925,0.012507
6926,0.014683
6927,0.023331
6928,0.029211
6929,0.032697
6930,0.022107
6931,0.01303
6932,0.025549
6933,0.039791
6934,0
6935,0
6936,0
6937,0
6938,0
6939,0
6940,0
6941,0
6942,0
6943,0.040258
6944,0.065955
6945,0.032678
6946,0.058967
6947,0.0018556
6948,0.030696
6949,0.012507
6950,0.014683
6951,0.023331
6952,0.029211
6953,0.032697
6954,0.022107
6955,0.01303
6956,0.025549
6957,0.039791
6958,0
6959,0
6960,0
6961,0
6962,0
6963,0
6964,0
6965,0
6966,0
6967,0.040258
6968,0.065955
6969,0.032678
6970,0.058967
6971,0.0018556
6972,0.030696
6973,0.012507
6974,0.014683
6975,0.023331
6976,0.029211
6977,0.032697
6978,0.022107
6979,0.01303
6980,0.025549
6981,0.039791
6982,0
6983,0
6984,0
6985,0
6986,0
6987,0
6988,0
6989,0
6990,0
6991,0.040258
6992,0.065955
6993,0.032678
6994,0.058967
6995,0.0018556
6996,0.030696
6997,0.012507
6998,0.014683
6999,0.023331
7000,0.029211
7001,0.032697
7002,0.022107
7003,0.01303
7004,0.025549
7005,0.039791
7006,0
7007,0
7008,0
7009,0
7010,0
7011,0
7012,0
7013,0
7014,0
7015,0.040258
7016,0.065955
7017,0.032678
7018,0.058967
7019,0.0018556
7020,0.030696
7021,0.012507
7022,0.014683
7023,0.023331
7024,0.029211
7025,0.032697
7026,0.022107
7027,0.01303
7028,0.025549
7029,0.039791
7030,0
7031,0
7032,0
7033,0
7034,0
7035,0
7036,0
7037,0
7038,0
7039,0.040258
7040,0.065955
7041,0.032678
7042,0.058967
7043,0.0018556
7044,0.030696
7045,0.012507
7046,0.014683
7047,0.023331
7048,0.029211
7049,0.032697
7050,0.022107
7051,0.01303
7052,0.025549
7053,0.039791
7054,0
7055,0
7056,0
7057,0
7058,0
7059,0
7060,0
7061,0
7062,0
7063,0.040258
7064,0.065955
7065,0.032678
7066,0.058967
7067,0.0018556
7068,0.030696
7069,0.012507
7070,0.014683
7071,0.023331
7072,0.029211
7073,0.032697
7074,0.022107
7075,0.01303
7076,0.025549
7077,0.039791
7078,0
7079,0
7080,0
7081,0
7082,0
7083,0
7084,0
7085,0
7086,0
7087,0.040258
7088,0.065955
7089,0.032678
7090,0.058967
7091,0.0018556
7092,0.030696
7093,0.012507
7094,0.014683
7095,0.023331
7096,0.029211
7097,0.032697
7098,0.022107
7099,0.01303
7100,0.025549
7101,0.039791
7102,0
7103,0
7104,0
7105,0
7106,0
7107,0
7108,0
7109,0
7110,0
7111,0.040258
7112,0.065955
7113,0.032678
7114,0.058967
7115,0.0018556
7116,0.030696
7117,0.012507
7118,0.014683
7119,0.023331
7120,0.029211
7121,0.032697
7122,0.022107
7123,0.01303
7124,0.025549
7125,0.039791
7126,0
7127,0
7128,0
7129,0
7130,0
7131,0
7132,0
7133,0
7134,0
7135,0.040258
7136,0.065955
7137,0.032678
7138,0.058967
7139,0.0018556
7140,0.030696
7141,0.012507
7142,0.014683
7143,0.023331
7144,0.029211
7145,0.032697
7146,0.022107
7147,0.01303
7148,0.025549
7149,0.039791
7150,0
7151,0
7152,0
7153,0
7154,0
7155,0
7156,0
7157,0
7158,0
7159,0.040258
7160,0.065955
7161,0.032678
7162,0.058967
7163,0.0018556
7164,0.030696
7165,0.012507
7166,0.014683
7167,0.023331
7168,0.029211
7169,0.032697
7170,0.022107
7171,0.01303
7172,0.025549
7173,0.039791
7174,0
7175,0
7176,0
7177,0
7178,0
7179,0
7180,0
7181,0
7182,0
7183,0.040258
7184,0.065955
7185,0.032678
7186,0.058967
7187,0.0018556
7188,0.030696
7189,0.012507
7190,0.014683
7191,0.023331
7192,0.029211
7193,0.032697
7194,0.022107
7195,0.01303
7196,0.025549
7197,0.039791
7198,0
7199,0
7200,0
7201,0
7202,0
7203,0
7204,0
7205,0
7206,0
7207,0.040258
7208,0.065955
7209,0.032678
7210,0.058967
7211,0.0018556
7212,0.030696
7213,0.012507
7214,0.014683
7215,0.023331
7216,0.029211
7217,0.032697
7218,0.022107
7219,0.01303
7220,0.025549
7221,0.039791
7222,0
7223,0
7224,0
7225,0
7226,0
7227,0
7228,0
7229,0
7230,0
7231,0.040258
7232,0.065955
7233,0.032678
7234,0.058967
7235,0.0018556
7236,0.030696
7237,0.012507
7238,0.014683
7239,0.023331
7240,0.029211
7241,0.032697
7242,0.022107
7243,0.01303
7244,0.025549
7245,0.039791
7246,0
7247,0
7248,0
7249,0
7250,0
7251,0
7252,0
7253,0
7254,0
7255,0.040258
7256,0.065955
7257,0.032678
7258,0.058967
7259,0.0018556
7260,0.030696
7261,0.012507
7262,0.014683
7263,0.023331
7264,0.029211
7265,0.032697
7266,0.022107
7267,0.01303
7268,0.025549
7269,0.039791
7270,0
7271,0
7272,0
7273,0
7274,0
7275,0
7276,0
7277,0
7278,0
7279,0.040258
7280,0.065955
7281,0.032678
7282,0.058967
7283,0.0018556
7284,0.030696
7285,0.012507
7286,0.014683
7287,0.023331
7288,0.029211
7289,0.032697
7290,0.022107
7291,0.01303
7292,0.025549
7293,0.039791
7294,0
7295,0
7296,0
7297,0
7298,0
7299,0
7300,0
7301,0
7302,0
7303,0.040258
7304,0.065955
7305,0.032678
7306,0.058967
7307,0.0018556
7308,0.030696
7309,0.012507
7310,0.014683
7311,0.023331
7312,0.029211
7313,0.032697
7314,0.022107
7315,0.01303
7316,0.025549
7317,0.039791
7318,0
7319,0
7320,0
7321,0
7322,0
7323,0
7324,0
7325,0
7326,0
7327,0.040258
7328,0.065955
7329,0.032678
7330,0.058967
7331,0.0018556
7332,0.030696
7333,0.012507
7334,0.014683
7335,0.023331
7336,0.029211
7337,0.032697
7338,0.022107
7339,0.01303
7340,0.025549
7341,0.039791
7342,0
7343,0
7344,0
7345,0
7346,0
7347,0
7348,0
7349,0
7350,0
7351,0.040258
7352,0.065955
7353,0.032678
7354,0.058967
7355,0.0018556
7356,0.030696
7357,0.012507
7358,0.014683
7359,0.023331
7360,0.029211
7361,0.032697
7362,0.022107
7363,0.01303
7364,0.025549
7365,0.039791
7366,0
7367,0
7368,0
7369,0
7370,0
7371,0
7372,0
7373,0
7374,0
7375,0.040258
7376,0.065955
7377,0.032678
7378,0.058967
7379,0.0018556
7380,0.030696
7381,0.012507
7382,0.014683
7383,0.023331
7384,0.029211
7385,0.032697
7386,0.022107
7387,0.01303
7388,0.025549
7389,0.039791
7390,0
7391,0
7392,0
7393,0
7394,0
7395,0
7396,0
7397,0
7398,0
7399,0.040258
7400,0.065955
7401,0.032678
7402,0.058967
7403,0.0018556
7404,0.030696
7405,0.012507
7406,0.014683
7407,0.023331
7408,0.029211
7409,0.032697
7410,0.022107
7411,0.01303
7412,0.025549
7413,0.039791
7414,0
7415,0
7416,0
7417,0
7418,0
7419,0
7420,0
7421,0
7422,0
7423,0.040258
7424,0.065955
7425,0.032678
7426,0.058967
7427,0.0018556
7428,0.030696
7429,0.012507
7430,0.014683
7431,0.023331
7432,0.029211
7433,0.032697
7434,0.022107
7435,0.01303
7436,0.025549
7437,0.039791
7438,0
7439,0
7440,0
7441,0
7442,0
7443,0
7444,0
7445,0
7446,0
7447,0.040258
7448,0.065955
7449,0.032678
7450,0.058967
7451,0.0018556
7452,0.030696
7453,0.012507
7454,0.014683
7455,0.023331
7456,0.029211
7457,0.032697
7458,0.022107
7459,0.01303
7460,0.025549
7461,0.039791
7462,0
7463,0
7464,0
7465,0
7466,0
7467,0
7468,0
7469,0
7470,0
7471,0.040258
7472,0.065955
7473,0.032678
7474,0.058967
7475,0.0018556
7476,0.030696
7477,0.012507
7478,0.014683
7479,0.023331
7480,0.029211
7481,0.032697
7482,0.022107
7483,0.01303
7484,0.025549
7485,0.039791
7486,0
7487,0
7488,0
7489,0
7490,0
7491,0
7492,0
7493,0
7494,0
7495,0.040258
7496,0.065955
7497,0.032678
7498,0.058967
7499,0.0018556
7500,0.030696
7501,0.012507
7502,0.014683
7503,0.023331
7504,0.029211
7505,0.032697
7506,0.022107
7507,0.01303
7508,0.025549
7509,0.039791
7510,0
7511,0
7512,0
7513,0
7514,0
7515,0
7516,0
7517,0
7518,0
7519,0.040258
7520,0.065955
7521,0.032678
7522,0.058967
7523,0.0018556
7524,0.030696
7525,0.012507
7526,0.014683
7527,0.023331
7528,0.029211
7529,0.032697
7530,0.022107
7531,0.01303
7532,0.025549
7533,0.039791
7534,0
7535,0
7536,0
7537,0
7538,0
7539,0
7540,0
7541,0
7542,0
7543,0.040258
7544,0.065955
7545,0.032678
7546,0.058967
7547,0.0018556
7548,0.030696
7549,0.012507
7550,0.014683
7551,0.023331
7552,0.029211
7553,0.032697
7554,0.022107
7555,0.01303
7556,0.025549
7557,0.039791
7558,0
7559,0
7560,0
7561,0
7562,0
7563,0
7564,0
7565,0
7566,0
7567,0.040258
7568,0.065955
7569,0.032678
7570,0.058967
7571,0.0018556
7572,0.030696
7573,0.012507
7574,0.014683
7575,0.023331
7576,0.029211
7577,0.032697
7578,0.022107
7579,0.01303
7580,0.025549
7581,0.039791
7582,0
7583,0
7584,0
7585,0
7586,0
7587,0
7588,0
7589,0
7590,0
7591,0.040258
7592,0.065955
7593,0.032678
7594,0.058967
7595,0.0018556
7596,0.030696
7597,0.012507
7598,0.014683
7599,0.023331
7600,0.029211
7601,0.032697
7602,0.022107
7603,0.01303
7604,0.025549
7605,0.039791
7606,0
7607,0
7608,0
7609,0
7610,0
7611,0
7612,0
7613,0
7614,0
7615,0.040258
7616,0.065955
7617,0.032678
7618,0.058967
7619,0.0018556
7620,0.030696
7621,0.012507
7622,0.014683
7623,0.023331
7624,0.029211
7625,0.032697
7626,0.022107
7627,0.01303
7628,0.025549
7629,0.039791
7630,0
7631,0
7632,0
7633,0
7634,0
7635,0
7636,0
7637,0
7638,0
7639,0.040258
7640,0.065955
7641,0.032678
7642,0.058967
7643,0.0018556
7644,0.030696
7645,0.012507
7646,0.014683
7647,0.023331
7648,0.029211
7649,0.032697
7650,0.022107
7651,0.01303
7652,0.025549
7653,0.039791
7654,0
7655,0
7656,0
7657,0
7658,0
7659,0
7660,0
7661,0
7662,0
7663,0.040258
7664,0.065955
7665,0.032678
7666,0.058967
7667,0.0018556
7668,0.030696
7669,0.012507
7670,0.014683
7671,0.023331
7672,0.029211
7673,0.032697
7674,0.022107
7675,0.01303
7676,0.025549
7677,0.039791
7678,0
7679,0
7680,0
7681,0
7682,0
7683,0
7684,0
7685,0
7686,0
7687,0.040258
7688,0.065955
7689,0.032678
7690,0.058967
7691,0.0018556
7692,0.030696
7693,0.012507
7694,0.014683
7695,0.023331
7696,0.029211
7697,0.032697
7698,0.022107
7699,0.01303
7700,0.025549
7701,0.039791
7702,0
7703,0
7704,0
7705,0
7706,0
7707,0
7708,0
7709,0
7710,0
7711,0.040258
7712,0.065955
7713,0.032678
7714,0.058967
7715,0.0018556
7716,0.030696
7717,0.012507
7718,0.014683
7719,0.023331
7720,0.029211
7721,0.032697
7722,0.022107
7723,0.01303
7724,0.025549
7725,0.039791
7726,0
7727,0
7728,0
7729,0
7730,0
7731,0
7732,0
7733,0
7734,0
7735,0.040258
7736,0.065955
7737,0.032678
7738,0.058967
7739,0.0018556
7740,0.030696
7741,0.012507
7742,0.014683
7743,0.023331
7744,0.029211
7745,0.032697
7746,0.022107
7747,0.01303
7748,0.025549
7749,0.039791
7750,0
7751,0
7752,0
7753,0
7754,0
7755,0
7756,0
7757,0
7758,0
7759,0.040258
7760,0.065955
7761,0.032678
7762,0.058967
7763,0.0018556
7764,0.030696
7765,0.012507
7766,0.014683
7767,0.023331
7768,0.029211
7769,0.032697
7770,0.022107
7771,0.01303
7772,0.025549
7773,0.039791
7774,0
7775,0
7776,0
7777,0
7778,0
7779,0
7780,0
7781,0
7782,0
7783,0.040258
7784,0.065955
7785,0.032678
7786,0.058967
7787,0.0018556
7788,0.030696
7789,0.012507
7790,0.014683
7791,0.023331
7792,0.029211
7793,0.032697
7794,0.022107
7795,0.01303
7796,0.025549
7797,0.039791
7798,0
7799,0
7800,0
7801,0
7802,0
7803,0
7804,0
7805,0
7806,0
7807,0.040258
7808,0.065955
7809,0.032678
7810,0.058967
7811,0.0018556
7812,0.030696
7813,0.012507
7814,0.014683
7815,0.023331
7816,0.029211
7817,0.032697
7818,0.022107
7819,0.01303
7820,0.025549
7821,0.039791
7822,0
7823,0
7824,0
7825,0
7826,0
7827,0
7828,0
7829,0
7830,0
7831,0.040258
7832,0.065955
7833,0.032678
7834,0.058967
7835,0.0018556
7836,0.030696
7837,0.012507
7838,0.014683
7839,0.023331
7840,0.029211
7841,0.032697
7842,0.022107
7843,0.01303
7844,0.025549
7845,0.039791
7846,0
7847,0
7848,0
7849,0
7850,0
7851,0
7852,0
7853,0
7854,0
7855,0.040258
7856,0.065955
7857,0.032678
7858,0.058967
7859,0.0018556
7860,0.030696
7861,0.012507
7862,0.014683
7863,0.023331
7864,0.029211
7865,0.032697
7866,0.022107
7867,0.01303
7868,0.025549
7869,0.039791
7870,0
7871,0
7872,0
7873,0
7874,0
7875,0
7876,0
7877,0
7878,0
7879,0.040258
7880,0.065955
7881,0.032678
7882,0.058967
7883,0.0018556
7884,0.030696
7885,0.012507
7886,0.014683
7887,0.023331
7888,0.029211
7889,0.032697
7890,0.022107
7891,0.01303
7892,0.025549
7893,0.039791
7894,0
7895,0
7896,0
7897,0
7898,0
7899,0
7900,0
7901,0
7902,0
7903,0.040258
7904,0.065955
7905,0.032678
7906,0.058967
7907,0.0018556
7908,0.030696
7909,0.012507
7910,0.014683
7911,0.023331
7912,0.029211
7913,0.032697
7914,0.022107
7915,0.01303
7916,0.025549
7917,0.039791
7918,0
7919,0
7920,0
7921,0
7922,0
7923,0
7924,0
7925,0
7926,0
7927,0.040258
7928,0.065955
7929,0.032678
7930,0.058967
7931,0.0018556
7932,0.030696
7933,0.012507
7934,0.014683
7935,0.023331
7936,0.029211
7937,0.032697
7938,0.022107
7939,0.01303
7940,0.025549
7941,0.039791
7942,0
7943,0
7944,0
7945,0
7946,0
7947,0
7948,0
7949,0
7950,0
7951,0.040258
7952,0.065955
7953,0.032678
7954,0.058967
7955,0.0018556
7956,0.030696
7957,0.012507
7958,0.014683
7959,0.023331
7960,0.029211
7961,0.032697
7962,0.022107
7963,0.01303
7964,0.025549
7965,0.039791
7966,0
7967,0
7968,0
7969,0
7970,0
7971,0
7972,0
7973,0
7974,0
7975,0.040258
7976,0.065955
7977,0.032678
7978,0.058967
7979,0.0018556
7980,0.030696
7981,0.012507
7982,0.014683
7983,0.023331
7984,0.029211
7985,0.032697
7986,0.022107
7987,0.01303
7988,0.025549
7989,0.039791
7990,0
7991,0
7992,0
7993,0
7994,0
7995,0
7996,0
7997,0
7998,0
7999,0.040258
8000,0.065955
8001,0.032678
8002,0.058967
8003,0.0018556
8004,0.030696
8005,0.012507
8006,0.014683
8007,0.023331
8008,0.029211
8009,0.032697
8010,0.022107
8011,0.01303
8012,0.025549
8013,0.039791
8014,0
8015,0
8016,0
8017,0
8018,0
8019,0
8020,0
8021,0
8022,0
8023,0.040258
8024,0.065955
8025,0.032678
8026,0.058967
8027,0.0018556
8028,0.030696
8029,0.012507
8030,0.014683
8031,0.023331
8032,0.029211
8033,0.032697
8034,0.022107
8035,0.01303
8036,0.025549
8037,0.039791
8038,0
8039,0
8040,0
8041,0
8042,0
8043,0
8044,0
8045,0
8046,0
8047,0.040258
8048,0.065955
8049,0.032678
8050,0.058967
8051,0.0018556
8052,0.030696
8053,0.012507
8054,0.014683
8055,0.023331
8056,0.029211
8057,0.032697
8058,0.022107
8059,0.01303
8060,0.025549
8061,0.039791
8062,0
8063,0
8064,0
8065,0
8066,0
8067,0
8068,0
8069,0
8070,0
8071,0.040258
8072,0.065955
8073,0.032678
8074,0.058967
8075,0.0018556
8076,0.030696
8077,0.012507
8078,0.014683
8079,0.023331
8080,0.029211
8081,0.032697
8082,0.022107
8083,0.01303
8084,0.025549
8085,0.039791
8086,0
8087,0
8088,0
8089,0
8090,0
8091,0
8092,0
8093,0
8094,0
8095,0.040258
8096,0.065955
8097,0.032678
8098,0.058967
8099,0.0018556
8100,0.030696
8101,0.012507
8102,0.014683
8103,0.023331
8104,0.029211
8105,0.032697
8106,0.022107
8107,0.01303
8108,0.025549
8109,0.039791
8110,0
8111,0
8112,0
8113,0
8114,0
8115,0
8116,0
8117,0
8118,0
8119,0.040258
8120,0.065955
8121,0.032678
8122,0.058967
8123,0.0018556
8124,0.030696
8125,0.012507
8126,0.014683
8127,0.023331
8128,0.029211
8129,0.032697
8130,0.022107
8131,0.01303
8132,0.025549
8133,0.039791
8134,0
8135,0
8136,0
8137,0
8138,0
8139,0
8140,0
8141,0
8142,0
8143,0.040258
8144,0.065955
8145,0.032678
8146,0.058967
8147,0.0018556
8148,0.030696
8149,0.012507
8150,0.014683
8151,0.023331
8152,0.029211
8153,0.032697
8154,0.022107
8155,0.01303
8156,0.025549
8157,0.039791
8158,0
8159,0
8160,0
8161,0
8162,0
8163,0
8164,0
8165,0
8166,0
8167,0.040258
8168,0.065955
8169,0.032678
8170,0.058967
8171,0.0018556
8172,0.030696
8173,0.012507
8174,0.014683
8175,0.023331
8176,0.029211
8177,0.032697
8178,0.022107
8179,0.01303
8180,0.025549
8181,0.039791
8182,0
8183,0
8184,0
8185,0
8186,0
8187,0
8188,0
8189,0
8190,0
8191,0.040258
8192,0.065955
8193,0.032678
8194,0.058967
8195,0.0018556
8196,0.030696
8197,0.012507
8198,0.014683
8199,0.023331
8200,0.029211
8201,0.032697
8202,0.022107
8203,0.01303
8204,0.025549
8205,0.039791
8206,0
8207,0
8208,0
8209,0
8210,0
8211,0
8212,0
8213,0
8214,0
8215,0.040258
8216,0.065955
8217,0.032678
8218,0.058967
8219,0.0018556
8220,0.030696
8221,0.012507
8222,0.014683
8223,0.023331
8224,0.029211
8225,0.032697
8226,0.022107
8227,0.01303
8228,0.025549
8229,0.039791
8230,0
8231,0
8232,0
8233,0
8234,0
8235,0
8236,0
8237,0
8238,0
8239,0.040258
8240,0.065955
8241,0.032678
8242,0.058967
8243,0.0018556
8244,0.030696
8245,0.012507
8246,0.014683
8247,0.023331
8248,0.029211
8249,0.032697
8250,0.022107
8251,0.01303
8252,0.025549
8253,0.039791
8254,0
8255,0
8256,0
8257,0
8258,0
8259,0
8260,0
8261,0
8262,0
8263,0.040258
8264,0.065955
8265,0.032678
8266,0.058967
8267,0.0018556
8268,0.030696
8269,0.012507
8270,0.014683
8271,0.023331
8272,0.029211
8273,0.032697
8274,0.022107
8275,0.01303
8276,0.025549
8277,0.039791
8278,0
8279,0
8280,0
8281,0
8282,0
8283,0
8284,0
8285,0
8286,0
8287,0.040258
8288,0.065955
8289,0.032678
8290,0.058967
8291,0.0018556
8292,0.030696
8293,0.012507
8294,0.014683
8295,0.023331
8296,0.029211
8297,0.032697
8298,0.022107
8299,0.01303
8300,0.025549
8301,0.039791
8302,0
8303,0
8304,0
8305,0
8306,0
8307,0
8308,0
8309,0
8310,0
8311,0.040258
8312,0.065955
8313,0.032678
8314,0.058967
8315,0.0018556
8316,0.030696
8317,0.012507
8318,0.014683
8319,0.023331
8320,0.029211
8321,0.032697
8322,0.022107
8323,0.01303
8324,0.025549
8325,0.039791
8326,0
8327,0
8328,0
8329,0
8330,0
8331,0
8332,0
8333,0
8334,0
8335,0.040258
8336,0.065955
8337,0.032678
8338,0.058967
8339,0.0018556
8340,0.030696
8341,0.012507
8342,0.014683
8343,0.023331
8344,0.029211
8345,0.032697
8346,0.022107
8347,0.01303
8348,0.025549
8349,0.039791
8350,0
8351,0
8352,0
8353,0
8354,0
8355,0
8356,0
8357,0
8358,0
8359,0.040258
8360,0.065955
8361,0.032678
8362,0.058967
8363,0.0018556
8364,0.030696
8365,0.012507
8366,0.014683
8367,0.023331
8368,0.029211
8369,0.032697
8370,0.022107
8371,0.01303
8372,0.025549
8373,0.039791
8374,0
8375,0
8376,0
8377,0
8378,0
8379,0
8380,0
8381,0
8382,0
8383,0.040258
8384,0.065955
8385,0.032678
8386,0.058967
8387,0.0018556
8388,0.030696
8389,0.012507
8390,0.014683
8391,0.023331
8392,0.029211
8393,0.032697
8394,0.022107
8395,0.01303
8396,0.025549
8397,0.039791
8398,0
8399,0
8400,0
8401,0
8402,0
8403,0
8404,0
8405,0
8406,0
8407,0.040258
8408,0.065955
8409,0.032678
8410,0.058967
8411,0.0018556
8412,0.030696
8413,0.012507
8414,0.014683
8415,0.023331
8416,0.029211
8417,0.032697
8418,0.022107
8419,0.01303
8420,0.025549
8421,0.039791
8422,0
8423,0
8424,0
8425,0
8426,0
8427,0
8428,0
8429,0
8430,0
8431,0.040258
8432,0.065955
8433,0.032678
8434,0.058967
8435,0.0018556
8436,0.030696
8437,0.012507
8438,0.014683
8439,0.023331
8440,0.029211
8441,0.032697
8442,0.022107
8443,0.01303
8444,0.025549
8445,0.039791
8446,0
8447,0
8448,0
8449,0
8450,0
8451,0
8452,0
8453,0
8454,0
8455,0.040258
8456,0.065955
8457,0.032678
8458,0.058967
8459,0.0018556
8460,0.030696
8461,0.012507
8462,0.014683
8463,0.023331
8464,0.029211
8465,0.032697
8466,0.022107
8467,0.01303
8468,0.025549
8469,0.039791
8470,0
8471,0
8472,0
8473,0
8474,0
8475,0
8476,0
8477,0
8478,0
8479,0.040258
8480,0.065955
8481,0.032678
8482,0.058967
8483,0.0018556
8484,0.030696
8485,0.012507
8486,0.014683
8487,0.023331
8488,0.029211
8489,0.032697
8490,0.022107
8491,0.01303
8492,0.025549
8493,0.039791
8494,0
8495,0
8496,0
8497,0
8498,0
8499,0
8500,0
8501,0
8502,0
8503,0.040258
8504,0.065955
8505,0.032678
8506,0.058967
8507,0.0018556
8508,0.030696
8509,0.012507
8510,0.014683
8511,0.023331
8512,0.029211
8513,0.032697
8514,0.022107
8515,0.01303
8516,0.025549
8517,0.039791
8518,0
8519,0
8520,0
8521,0
8522,0
8523,0
8524,0
8525,0
8526,0
8527,0.040258
8528,0.065955
8529,0.032678
8530,0.058967
8531,0.0018556
8532,0.030696
8533,0.012507
8534,0.014683
8535,0.023331
8536,0.029211
8537,0.032697
8538,0.022107
8539,0.01303
8540,0.025549
8541,0.039791
8542,0
8543,0
8544,0
8545,0
8546,0
8547,0
8548,0
8549,0
8550,0
8551,0.040258
8552,0.065955
8553,0.032678
8554,0.058967
8555,0.0018556
8556,0.030696
8557,0.012507
8558,0.014683
8559,0.023331
8560,0.029211
8561,0.032697
8562,0.022107
8563,0.01303
8564,0.025549
8565,0.039791
8566,0
8567,0
8568,0
8569,0
8570,0
8571,0
8572,0
8573,0
8574,0
8575,0.040258
8576,0.065955
8577,0.032678
8578,0.058967
8579,0.0018556
8580,0.030696
8581,0.012507
8582,0.014683
8583,0.023331
8584,0.029211
8585,0.032697
8586,0.022107
8587,0.01303
8588,0.025549
8589,0.039791
8590,0
8591,0
8592,0
8593,0
8594,0
8595,0
8596,0
8597,0
8598,0
8599,0.040258
8600,0.065955
8601,0.032678
8602,0.058967
8603,0.0018556
8604,0.030696
8605,0.012507
8606,0.014683
8607,0.023331
8608,0.029211
8609,0.032697
8610,0.022107
8611,0.01303
8612,0.025549
8613,0.039791
8614,0
8615,0
8616,0
8617,0
8618,0
8619,0
8620,0
8621,0
8622,0
8623,0.040258
8624,0.065955
8625,0.032678
8626,0.058967
8627,0.0018556
8628,0.030696
8629,0.012507
8630,0.014683
8631,0.023331
8632,0.029211
8633,0.032697
8634,0.022107
8635,0.01303
8636,0.025549
8637,0.039791
8638,0
8639,0
8640,0
8641,0
8642,0
8643,0
8644,0
8645,0
8646,0
8647,0.040258
8648,0.065955
8649,0.032678
8650,0.058967
8651,0.0018556
8652,0.030696
8653,0.012507
8654,0.014683
8655,0.023331
8656,0.029211
8657,0.032697
8658,0.022107
8659,0.01303
8660,0.025549
8661,0.039791
8662,0
8663,0
8664,0
8665,0
8666,0
8667,0
8668,0
8669,0
8670,0
8671,0.040258
8672,0.065955
8673,0.032678
8674,0.058967
8675,0.0018556
8676,0.030696
8677,0.012507
8678,0.014683
8679,0.023331
8680,0.029211
8681,0.032697
8682,0.022107
8683,0.01303
8684,0.025549
8685,0.039791
8686,0
8687,0
8688,0
8689,0
8690,0
8691,0
8692,0
8693,0
8694,0
8695,0.040258
8696,0.065955
8697,0.032678
8698,0.058967
8699,0.0018556
8700,0.030696
8701,0.012507
8702,0.014683
8703,0.023331
8704,0.029211
8705,0.032697
8706,0.022107
8707,0.01303
8708,0.025549
8709,0.039791
8710,0
8711,0
8712,0
8713,0
8714,0
8715,0
8716,0
8717,0
8718,0
8719,0.040258
8720,0.065955
8721,0.032678
8722,0.058967
8723,0.0018556
8724,0.030696
8725,0.012507
8726,0.014683
8727,0.023331
8728,0.029211
8729,0.032697
8730,0.022107
8731,0.01303
8732,0.025549
8733,0.039791
8734,0
8735,0
8736,0
8737,0
8738,0
8739,0
8740,0
8741,0
8742,0
8743,0.040258
8744,0.065955
8745,0.032678
8746,0.058967
8747,0.0018556
8748,0.030696
8749,0.012507
8750,0.014683
8751,0.023331
8752,0.029211
8753,0.032697
8754,0.022107
8755,0.01303
8756,0.025549
8757,0.039791
8758,0
8759,0
8760,0
