Interval,Station1,
1,1200
2,1100
3,790
4,630
5,620
6,590
7,640
8,510
9,610
10,570
11,690
12,750
13,680
14,760
15,730
16,840
17,750
18,1450
19,2030
20,2060
21,1920
22,1990
23,2150
24,2110
25,1770
26,1670
27,1570
28,1680
29,1560
30,1700
31,1570
32,1790
33,1590
34,1650
35,1610
36,1810
37,1860
38,1440
39,1630
40,1800
41,1870
42,1730
43,1890
44,1920
45,2540
46,2220
47,1990
48,1730
49,1850
50,1860
51,1790
52,1880
53,1780
54,1730
55,1920
56,2050
57,1850
58,2690
59,1880
60,1580
61,1460
62,1480
63,1450
64,1580
65,1820
66,1810
67,1830
68,2650
69,2060
70,2060
71,1660
72,1610
73,1660
74,1570
75,1620
76,1640
77,1600
78,1750
79,1640
80,1820
81,1660
82,1560
83,1530
84,1410
85,1460
86,1440
87,1450
88,1540
89,1810
90,1730
91,2130
92,2120
93,2210
94,3470
95,2310
96,1080
97,800
98,870
99,950
100,870
101,690
102,620
103,860
104,940
105,620
106,640
107,500
108,580
109,540
110,430
111,520
112,620
113,790
114,740
115,740
116,880
117,770
118,1090
119,960
120,890
121,950
122,1010
123,640
124,750
125,630
126,770
127,640
128,760
129,640
130,730
131,830
132,860
133,760
134,770
135,740
136,1050
137,800
138,610
139,720
140,510
141,830
142,810
143,790
144,620
145,530
146,650
147,570
148,730
149,560
150,640
151,570
152,650
153,580
154,620
155,870
156,720
157,840
158,1570
159,790
160,720
161,740
162,800
163,720
164,940
165,760
166,860
167,990
168,750
169,880
170,750
171,830
172,740
173,680
174,680
175,510
176,610
177,570
178,530
179,620
180,780
181,890
182,870
183,820
184,920
185,970
186,1920
187,2100
188,2600
189,2450
190,2230
191,2030
192,1910
193,1980
194,1360
195,580
196,470
197,580
198,440
199,620
200,650
201,520
202,410
203,500
204,360
205,280
206,370
207,380
208,330
209,530
210,540
211,640
212,590
213,830
214,720
215,760
216,460
217,460
218,470
219,460
220,460
221,450
222,390
223,340
224,730
225,430
226,440
227,420
228,400
229,400
230,310
231,520
232,410
233,560
234,490
235,460
236,730
237,570
238,600
239,450
240,510
241,710
242,730
243,670
244,620
245,560
246,570
247,500
248,580
249,320
250,350
251,400
252,400
253,340
254,340
255,380
256,1010
257,1270
258,990
259,640
260,720
261,710
262,760
263,690
264,410
265,310
266,430
267,380
268,260
269,430
270,410
271,280
272,580
273,390
274,280
275,480
276,680
277,350
278,560
279,550
280,1510
281,660
282,960
283,3150
284,790
285,900
286,1120
287,770
288,700
289,770
290,760
291,430
292,420
293,540
294,540
295,490
296,480
297,570
298,420
299,840
300,680
301,690
302,730
303,740
304,900
305,840
306,810
307,890
308,1800
309,1110
310,870
311,1100
312,980
313,830
314,850
315,810
316,770
317,1000
318,810
319,880
320,810
321,890
322,760
323,580
324,560
325,380
326,510
327,660
328,450
329,600
330,780
331,810
332,880
333,1220
334,1400
335,1650
336,1320
337,890
338,800
339,660
340,670
341,540
342,770
343,530
344,620
345,560
346,790
347,1980
348,1880
349,1870
350,1480
351,1430
352,1530
353,2560
354,1860
355,1870
356,1890
357,2060
358,2100
359,3010
360,2720
361,2270
362,1750
363,1650
364,1600
365,1630
366,1620
367,1620
368,1560
369,1570
370,1610
371,1540
372,1930
373,1690
374,1530
375,1570
376,1680
377,1770
378,1230
379,670
380,830
381,900
382,880
383,950
384,930
385,730
386,760
387,810
388,490
389,470
390,530
391,550
392,440
393,560
394,700
395,900
396,960
397,930
398,1130
399,1040
400,1100
401,1550
402,1370
403,1190
404,1250
405,1130
406,1060
407,1310
408,1550
409,1370
410,1290
411,540
412,680
413,570
414,660
415,540
416,680
417,550
418,770
419,1040
420,950
421,870
422,3990
423,1000
424,2650
425,1120
426,1160
427,3520
428,520
429,560
430,600
431,1550
432,1550
433,4350
434,2580
435,530
436,630
437,510
438,600
439,550
440,580
441,590
442,550
443,590
444,810
445,690
446,3820
447,2270
448,850
449,780
450,1600
451,810
452,870
453,3390
454,1240
455,1250
456,1000
457,740
458,550
459,470
460,460
461,600
462,560
463,480
464,530
465,600
466,490
467,590
468,630
469,710
470,740
471,750
472,620
473,770
474,840
475,770
476,710
477,760
478,870
479,1250
480,1200
481,960
482,620
483,510
484,440
485,520
486,490
487,420
488,520
489,460
490,430
491,490
492,580
493,530
494,680
495,700
496,670
497,670
498,650
499,1970
500,1180
501,830
502,840
503,640
504,500
505,500
506,460
507,460
508,430
509,390
510,400
511,470
512,730
513,600
514,610
515,560
516,550
517,750
518,1610
519,1730
520,1820
521,1870
522,1830
523,2030
524,2330
525,2170
526,1920
527,1760
528,1840
529,1710
530,1670
531,1420
532,1360
533,1340
534,1420
535,1380
536,1500
537,1360
538,1330
539,1070
540,400
541,230
542,220
543,350
544,190
545,1250
546,660
547,850
548,710
549,810
550,780
551,850
552,640
553,720
554,760
555,820
556,760
557,640
558,790
559,730
560,1850
561,720
562,570
563,460
564,380
565,350
566,290
567,280
568,370
569,330
570,290
571,660
572,1270
573,1310
574,600
575,850
576,820
577,590
578,440
579,490
580,530
581,450
582,600
583,480
584,890
585,610
586,520
587,460
588,430
589,350
590,370
591,420
592,460
593,650
594,740
595,730
596,800
597,1170
598,1210
599,1160
600,980
601,880
602,610
603,460
604,560
605,470
606,510
607,570
608,990
609,500
610,360
611,580
612,360
613,370
614,360
615,280
616,270
617,1330
618,640
619,650
620,710
621,1050
622,1030
623,830
624,720
625,680
626,700
627,760
628,730
629,700
630,760
631,670
632,500
633,1070
634,350
635,430
636,510
637,1150
638,750
639,340
640,500
641,500
642,530
643,1540
644,1160
645,740
646,680
647,750
648,970
649,1010
650,750
651,640
652,680
653,620
654,640
655,610
656,610
657,580
658,470
659,470
660,520
661,680
662,630
663,720
664,1060
665,690
666,700
667,810
668,1520
669,790
670,820
671,840
672,630
673,760
674,740
675,690
676,610
677,660
678,650
679,760
680,950
681,640
682,630
683,460
684,210
685,320
686,270
687,380
688,230
689,350
690,340
691,300
692,350
693,470
694,1720
695,890
696,750
697,690
698,760
699,770
700,720
701,720
702,530
703,710
704,750
705,440
706,470
707,390
708,670
709,1590
710,1530
711,1500
712,1520
713,1760
714,1480
715,1050
716,770
717,890
718,890
719,750
720,610
721,725
722,750
723,730
724,665
725,690
726,590
727,735
728,850
729,540
730,550
731,425
732,440
733,955
734,900
735,940
736,875
737,1055
738,910
739,675
740,560
741,680
742,1305
743,820
744,680
745,3408.1
746,690.96
747,522.89
748,410.84
749,308.13
750,280.12
751,280.12
752,448.19
753,382.83
754,270.78
755,354.82
756,261.45
757,270.78
758,289.46
759,270.78
760,261.45
761,252.11
762,252.11
763,270.78
764,289.46
765,270.78
766,261.45
767,252.11
768,252.11
769,270.78
770,280.12
771,270.78
772,270.78
773,252.11
774,252.11
775,252.11
776,261.45
777,280.12
778,261.45
779,261.45
780,261.45
781,252.11
782,252.11
783,261.45
784,261.45
785,382.83
786,252.11
787,261.45
788,270.78
789,280.12
790,270.78
791,261.45
792,252.11
793,242.77
794,252.11
795,270.78
796,261.45
797,261.45
798,261.45
799,261.45
800,252.11
801,261.45
802,242.77
803,252.11
804,261.45
805,261.45
806,261.45
807,280.12
808,261.45
809,261.45
810,252.11
811,252.11
812,252.11
813,270.78
814,261.45
815,261.45
816,261.45
817,261.45
818,261.45
819,261.45
820,242.77
821,242.77
822,242.77
823,261.45
824,252.11
825,270.78
826,252.11
827,261.45
828,261.45
829,252.11
830,252.11
831,261.45
832,252.11
833,261.45
834,261.45
835,261.45
836,261.45
837,270.78
838,261.45
839,252.11
840,242.77
841,242.77
842,242.77
843,270.78
844,261.45
845,261.45
846,261.45
847,261.45
848,261.45
849,270.78
850,242.77
851,242.77
852,242.77
853,252.11
854,261.45
855,270.78
856,261.45
857,261.45
858,261.45
859,522.89
860,1578
861,1344.6
862,1167.2
863,896.39
864,915.06
865,784.34
866,709.64
867,718.98
868,681.63
869,550.9
870,504.22
871,560.24
872,775
873,457.53
874,448.19
875,448.19
876,718.98
877,737.65
878,896.39
879,915.06
880,859.04
881,1699.4
882,1550
883,1260.5
884,1260.5
885,1213.9
886,1297.9
887,1101.8
888,859.04
889,756.33
890,737.65
891,756.33
892,634.94
893,522.89
894,494.88
895,606.93
896,737.65
897,438.86
898,532.23
899,859.04
900,989.76
901,868.37
902,803.01
903,915.06
904,905.72
905,2119.6
906,831.03
907,803.01
908,905.72
909,1055.1
910,999.1
911,887.05
912,746.99
913,410.84
914,382.83
915,373.49
916,382.83
917,420.18
918,457.53
919,420.18
920,597.59
921,457.53
922,364.16
923,429.52
924,326.81
925,317.47
926,420.18
927,354.82
928,476.21
929,924.4
930,924.4
931,1438
932,1120.5
933,961.75
934,961.75
935,915.06
936,980.42
937,569.58
938,466.87
939,522.89
940,401.51
941,504.22
942,410.84
943,429.52
944,494.88
945,401.51
946,1204.5
947,1606
948,812.35
949,859.04
950,644.28
951,672.29
952,803.01
953,924.4
954,644.28
955,849.7
956,1372.6
957,1139.2
958,784.34
959,1073.8
960,1111.1
961,1148.5
962,1064.5
963,1148.5
964,775
965,606.93
966,504.22
967,606.93
968,504.22
969,634.94
970,681.63
971,550.9
972,737.65
973,410.84
974,410.84
975,457.53
976,457.53
977,438.86
978,466.87
979,466.87
980,466.87
981,420.18
982,606.93
983,504.22
984,616.27
985,1036.4
986,672.29
987,522.89
988,560.24
989,550.9
990,541.57
991,578.92
992,1036.4
993,578.92
994,485.54
995,457.53
996,373.49
997,373.49
998,382.83
999,364.16
1000,354.82
1001,373.49
1002,401.51
1003,578.92
1004,681.63
1005,672.29
1006,859.04
1007,784.34
1008,504.22
1009,625.6
1010,569.58
1011,560.24
1012,541.57
1013,466.87
1014,401.51
1015,532.23
1016,905.72
1017,476.21
1018,382.83
1019,345.48
1020,196.08
1021,345.48
1022,364.16
1023,317.47
1024,261.45
1025,410.84
1026,718.98
1027,681.63
1028,756.33
1029,522.89
1030,746.99
1031,746.99
1032,662.95
1033,560.24
1034,513.55
1035,504.22
1036,513.55
1037,485.54
1038,513.55
1039,494.88
1040,1279.2
1041,681.63
1042,578.92
1043,522.89
1044,401.51
1045,364.16
1046,382.83
1047,448.19
1048,345.48
1049,410.84
1050,550.9
1051,550.9
1052,1120.5
1053,1288.6
1054,775
1055,728.31
1056,662.95
1057,532.23
1058,401.51
1059,532.23
1060,410.84
1061,541.57
1062,448.19
1063,513.55
1064,709.64
1065,392.17
1066,392.17
1067,410.84
1068,364.16
1069,345.48
1070,214.76
1071,382.83
1072,354.82
1073,438.86
1074,373.49
1075,457.53
1076,980.42
1077,662.95
1078,775
1079,821.69
1080,728.31
1081,597.59
1082,560.24
1083,541.57
1084,550.9
1085,606.93
1086,662.95
1087,616.27
1088,868.37
1089,662.95
1090,522.89
1091,625.6
1092,485.54
1093,457.53
1094,616.27
1095,513.55
1096,690.96
1097,1353.9
1098,1344.6
1099,2091.6
1100,1624.7
1101,1391.3
1102,1400.6
1103,1335.2
1104,1419.3
1105,653.62
1106,532.23
1107,597.59
1108,457.53
1109,578.92
1110,476.21
1111,504.22
1112,569.58
1113,466.87
1114,1391.3
1115,1848.8
1116,933.74
1117,989.76
1118,737.65
1119,775
1120,924.4
1121,1064.5
1122,737.65
1123,980.42
1124,1587.4
1125,1316.6
1126,905.72
1127,1232.5
1128,1279.2
1129,1036.4
1130,457.53
1131,494.88
1132,410.84
1133,541.57
1134,401.51
1135,541.57
1136,429.52
1137,513.55
1138,438.86
1139,550.9
1140,924.4
1141,756.33
1142,550.9
1143,709.64
1144,924.4
1145,1008.4
1146,1839.5
1147,1643.4
1148,2241
1149,1783.4
1150,1634
1151,1307.2
1152,550.9
1153,429.52
1154,410.84
1155,392.17
1156,382.83
1157,373.49
1158,373.49
1159,457.53
1160,606.93
1161,345.48
1162,336.14
1163,457.53
1164,373.49
1165,382.83
1166,364.16
1167,364.16
1168,298.8
1169,1017.8
1170,756.33
1171,1148.5
1172,1083.1
1173,1251.2
1174,1027.1
1175,737.65
1176,410.84
1177,382.83
1178,382.83
1179,438.86
1180,448.19
1181,382.83
1182,373.49
1183,420.18
1184,672.29
1185,336.14
1186,364.16
1187,289.46
1188,345.48
1189,252.11
1190,261.45
1191,336.14
1192,280.12
1193,401.51
1194,971.09
1195,1017.8
1196,1055.1
1197,1297.9
1198,1652.7
1199,1699.4
1200,541.57
1201,373.49
1202,382.83
1203,308.13
1204,401.51
1205,382.83
1206,261.45
1207,373.49
1208,625.6
1209,242.77
1210,429.52
1211,373.49
1212,270.78
1213,401.51
1214,205.42
1215,392.17
1216,308.13
1217,504.22
1218,616.27
1219,756.33
1220,746.99
1221,625.6
1222,933.74
1223,840.36
1224,840.36
1225,924.4
1226,718.98
1227,317.47
1228,270.78
1229,354.82
1230,345.48
1231,345.48
1232,336.14
1233,317.47
1234,317.47
1235,485.54
1236,345.48
1237,326.81
1238,336.14
1239,485.54
1240,382.83
1241,522.89
1242,728.31
1243,1101.8
1244,1606
1245,1540.7
1246,3398.8
1247,3828.3
1248,1438
1249,1419.3
1250,2259.6
1251,4360.5
1252,887.05
1253,765.66
1254,578.92
1255,382.83
1256,420.18
1257,448.19
1258,364.16
1259,345.48
1260,242.77
1261,438.86
1262,522.89
1263,532.23
1264,597.59
1265,831.03
1266,933.74
1267,849.7
1268,915.06
1269,924.4
1270,924.4
1271,1185.8
1272,1083.1
1273,662.95
1274,606.93
1275,588.25
1276,289.46
1277,317.47
1278,382.83
1279,373.49
1280,476.21
1281,270.78
1282,429.52
1283,606.93
1284,373.49
1285,205.42
1286,308.13
1287,252.11
1288,401.51
1289,345.48
1290,233.43
1291,345.48
1292,644.28
1293,1447.3
1294,1634
1295,1522
1296,1400.6
1297,317.47
1298,401.51
1299,373.49
1300,308.13
1301,373.49
1302,476.21
1303,392.17
1304,401.51
1305,494.88
1306,597.59
1307,317.47
1308,317.47
1309,308.13
1310,308.13
1311,233.43
1312,289.46
1313,298.8
1314,289.46
1315,298.8
1316,317.47
1317,382.83
1318,1353.9
1319,1232.5
1320,1363.3
1321,513.55
1322,373.49
1323,373.49
1324,448.19
1325,485.54
1326,382.83
1327,429.52
1328,569.58
1329,634.94
1330,466.87
1331,513.55
1332,466.87
1333,420.18
1334,466.87
1335,504.22
1336,420.18
1337,420.18
1338,476.21
1339,476.21
1340,410.84
1341,494.88
1342,485.54
1343,420.18
1344,550.9
1345,448.19
1346,485.54
1347,513.55
1348,438.86
1349,569.58
1350,438.86
1351,522.89
1352,494.88
1353,476.21
1354,532.23
1355,401.51
1356,438.86
1357,457.53
1358,401.51
1359,392.17
1360,401.51
1361,392.17
1362,420.18
1363,494.88
1364,448.19
1365,1045.8
1366,1690.1
1367,2474.4
1368,1764.8
1369,1400.6
1370,1456.6
1371,1419.3
1372,1419.3
1373,1447.3
1374,1344.6
1375,1466
1376,1335.2
1377,1428.6
1378,1381.9
1379,1428.6
1380,1858.1
1381,1718.1
1382,1690.1
1383,1708.7
1384,1755.4
1385,1783.4
1386,1718.1
1387,1727.4
1388,1727.4
1389,1755.4
1390,1923.5
1391,1811.4
1392,1839.5
1393,1858.1
1394,1774.1
1395,1746.1
1396,1774.1
1397,1811.4
1398,1699.4
1399,1690.1
1400,1680.7
1401,1624.7
1402,1578
1403,1409.9
1404,1634
1405,1587.4
1406,1671.4
1407,1662.1
1408,1708.7
1409,1848.8
1410,1746.1
1411,1755.4
1412,1708.7
1413,1774.1
1414,1895.5
1415,1699.4
1416,1746.1
1417,4256.8
1418,863.02
1419,653.1
1420,1447.3
1421,1409.9
1422,1466
1423,1409.9
1424,1484.6
1425,1428.6
1426,1568.7
1427,1578
1428,1606
1429,1484.6
1430,1428.6
1431,1671.4
1432,1708.7
1433,1708.7
1434,1680.7
1435,1680.7
1436,1802.1
1437,1736.7
1438,1858.1
1439,1895.5
1440,1783.4
1441,338.21
1442,349.87
1443,338.21
1444,338.21
1445,314.89
1446,314.89
1447,314.89
1448,326.55
1449,349.87
1450,326.55
1451,326.55
1452,326.55
1453,314.89
1454,314.89
1455,326.55
1456,326.55
1457,478.16
1458,314.89
1459,326.55
1460,338.21
1461,349.87
1462,338.21
1463,326.55
1464,314.89
1465,303.22
1466,314.89
1467,338.21
1468,326.55
1469,326.55
1470,326.55
1471,326.55
1472,314.89
1473,326.55
1474,303.22
1475,314.89
1476,326.55
1477,326.55
1478,326.55
1479,349.87
1480,326.55
1481,326.55
1482,314.89
1483,314.89
1484,314.89
1485,338.21
1486,326.55
1487,326.55
1488,326.55
1489,326.55
1490,326.55
1491,326.55
1492,303.22
1493,303.22
1494,303.22
1495,326.55
1496,314.89
1497,338.21
1498,314.89
1499,326.55
1500,326.55
1501,314.89
1502,314.89
1503,326.55
1504,314.89
1505,326.55
1506,326.55
1507,326.55
1508,326.55
1509,338.21
1510,326.55
1511,314.89
1512,303.22
1513,303.22
1514,303.22
1515,338.21
1516,326.55
1517,326.55
1518,326.55
1519,326.55
1520,326.55
1521,338.21
1522,303.22
1523,303.22
1524,303.22
1525,314.89
1526,326.55
1527,338.21
1528,326.55
1529,326.55
1530,326.55
1531,653.1
1532,1970.9
1533,1679.4
1534,1457.8
1535,1119.6
1536,1142.9
1537,979.64
1538,886.34
1539,898.01
1540,851.36
1541,688.08
1542,629.77
1543,699.74
1544,967.98
1545,571.46
1546,559.8
1547,559.8
1548,898.01
1549,921.33
1550,1119.6
1551,1142.9
1552,1072.9
1553,2122.6
1554,1936
1555,1574.4
1556,1574.4
1557,1516.1
1558,1621.1
1559,1376.2
1560,1072.9
1561,944.66
1562,921.33
1563,944.66
1564,793.04
1565,653.1
1566,618.11
1567,758.06
1568,921.33
1569,548.13
1570,664.76
1571,1072.9
1572,1236.2
1573,1084.6
1574,1003
1575,1142.9
1576,1131.3
1577,2647.4
1578,1038
1579,1003
1580,1131.3
1581,1317.9
1582,1247.9
1583,1107.9
1584,932.99
1585,513.15
1586,478.16
1587,466.5
1588,478.16
1589,524.81
1590,571.46
1591,524.81
1592,746.39
1593,571.46
1594,454.83
1595,536.47
1596,408.18
1597,396.52
1598,524.81
1599,443.17
1600,594.78
1601,1154.6
1602,1154.6
1603,1796
1604,1399.5
1605,1201.2
1606,1201.2
1607,1142.9
1608,1224.6
1609,711.41
1610,583.12
1611,653.1
1612,501.48
1613,629.77
1614,513.15
1615,536.47
1616,618.11
1617,501.48
1618,1504.5
1619,2005.9
1620,1014.6
1621,1072.9
1622,804.71
1623,839.69
1624,1003
1625,1154.6
1626,804.71
1627,1061.3
1628,1714.4
1629,1422.8
1630,979.64
1631,1341.2
1632,1387.8
1633,1434.5
1634,1329.5
1635,1434.5
1636,967.98
1637,758.06
1638,629.77
1639,758.06
1640,629.77
1641,793.04
1642,851.36
1643,688.08
1644,921.33
1645,513.15
1646,513.15
1647,571.46
1648,571.46
1649,548.13
1650,583.12
1651,583.12
1652,583.12
1653,524.81
1654,758.06
1655,629.77
1656,769.72
1657,1294.5
1658,839.69
1659,653.1
1660,699.74
1661,688.08
1662,676.42
1663,723.07
1664,1294.5
1665,723.07
1666,606.45
1667,571.46
1668,466.5
1669,466.5
1670,478.16
1671,454.83
1672,443.17
1673,466.5
1674,501.48
1675,723.07
1676,851.36
1677,839.69
1678,1072.9
1679,979.64
1680,629.77
1681,781.38
1682,699.74
1683,962.72
1684,905.41
1685,773.61
1686,716.31
1687,613.16
1688,830.92
1689,710.58
1690,1025.8
1691,1438.3
1692,1581.6
1693,1707.7
1694,2005.7
1695,1850.9
1696,1862.4
1697,1724.9
1698,1644.6
1699,1707.7
1700,1845.2
1701,2103.1
1702,1512.8
1703,1507.1
1704,1392.5
1705,1174.7
1706,928.34
1707,790.8
1708,762.15
1709,853.84
1710,693.39
1711,653.27
1712,659
1713,928.34
1714,1008.6
1715,1363.9
1716,1633.2
1717,2555.8
1718,2802.2
1719,2630.3
1720,1942.6
1721,1736.3
1722,1633.2
1723,1604.5
1724,1438.3
1725,1455.5
1726,1432.6
1727,1329.5
1728,1306.5
1729,1289.4
1730,985.64
1731,785.07
1732,928.34
1733,670.46
1734,836.65
1735,630.35
1736,636.08
1737,744.96
1738,997.1
1739,1323.7
1740,1553
1741,1770.7
1742,1742.1
1743,1931.2
1744,2017.1
1745,1839.5
1746,1816.6
1747,1679
1748,1518.6
1749,1392.5
1750,1335.2
1751,1318
1752,1283.6
1753,1449.8
1754,2234.9
1755,739.23
1756,830.92
1757,670.46
1758,607.43
1759,607.43
1760,613.16
1761,595.97
1762,1048.7
1763,1564.4
1764,1306.5
1765,1507.1
1766,1392.5
1767,1277.9
1768,1375.3
1769,1392.5
1770,1249.2
1771,1243.5
1772,1512.8
1773,1489.9
1774,1300.8
1775,1169
1776,1014.3
1777,865.3
1778,613.16
1779,641.81
1780,704.85
1781,647.54
1782,458.44
1783,578.78
1784,567.32
1785,681.93
1786,1071.6
1787,1415.4
1788,1598.8
1789,2315.1
1790,3014.2
1791,2022.9
1792,1673.3
1793,1707.7
1794,1581.6
1795,1593.1
1796,1518.6
1797,1134.6
1798,1180.5
1799,1134.6
1800,1151.8
1801,871.03
1802,687.66
1803,618.89
1804,641.81
1805,469.9
1806,521.47
1807,435.52
1808,464.17
1809,647.54
1810,893.95
1811,1094.5
1812,1209.1
1813,1409.7
1814,1558.7
1815,2080.2
1816,1489.9
1817,1644.6
1818,3077.3
1819,2275
1820,1375.3
1821,1426.9
1822,1277.9
1823,1083.1
1824,1002.8
1825,1988.5
1826,1432.6
1827,510.01
1828,659
1829,750.69
1830,601.7
1831,790.8
1832,676.2
1833,670.46
1834,773.61
1835,1363.9
1836,1318
1837,1467
1838,1564.4
1839,1673.3
1840,2939.7
1841,1936.9
1842,1948.4
1843,1564.4
1844,1409.7
1845,1604.5
1846,1432.6
1847,1352.4
1848,951.26
1849,928.34
1850,767.88
1851,676.2
1852,613.16
1853,607.43
1854,406.86
1855,573.05
1856,446.98
1857,853.84
1858,922.61
1859,1260.7
1860,1404
1861,1879.6
1862,2057.2
1863,1719.1
1864,1684.8
1865,1925.4
1866,2653.2
1867,2275
1868,2206.2
1869,1776.4
1870,1329.5
1871,1243.5
1872,1128.9
1873,1008.6
1874,893.95
1875,842.38
1876,865.3
1877,647.54
1878,607.43
1879,670.46
1880,750.69
1881,676.2
1882,1369.6
1883,1375.3
1884,1736.3
1885,2372.4
1886,3094.5
1887,2859.5
1888,2813.7
1889,2842.3
1890,2573
1891,1919.7
1892,2131.7
1893,1747.8
1894,1793.6
1895,1575.9
1896,1146.1
1897,1100.2
1898,928.34
1899,893.95
1900,693.39
1901,836.65
1902,641.81
1903,659
1904,636.08
1905,905.41
1906,1083.1
1907,1203.4
1908,2269.3
1909,2785
1910,2578.7
1911,1822.3
1912,1868.1
1913,2206.2
1914,2630.3
1915,1701.9
1916,1541.5
1917,1323.7
1918,1467
1919,1598.8
1920,1862.4
1921,2584.4
1922,1203.4
1923,939.8
1924,916.87
1925,956.99
1926,687.66
1927,853.84
1928,693.39
1929,911.14
1930,1002.8
1931,1455.5
1932,1627.5
1933,2475.6
1934,3031.4
1935,3128.8
1936,3025.7
1937,2676.1
1938,2699.1
1939,1845.2
1940,1828
1941,1765
1942,1782.2
1943,1667.6
1944,1386.8
1945,1191.9
1946,1048.7
1947,888.22
1948,928.34
1949,905.41
1950,727.77
1951,693.39
1952,882.49
1953,1203.4
1954,1449.8
1955,1736.3
1956,2097.4
1957,3088.7
1958,3444
1959,4744.8
1960,3369.5
1961,2991.3
1962,2779.3
1963,2389.6
1964,2108.8
1965,2011.4
1966,1621.7
1967,1472.7
1968,1484.2
1969,2229.2
1970,974.18
1971,853.84
1972,956.99
1973,704.85
1974,825.19
1975,681.93
1976,693.39
1977,899.68
1978,997.1
1979,1134.6
1980,1507.1
1981,1518.6
1982,1524.3
1983,1312.3
1984,1621.7
1985,1684.8
1986,1375.3
1987,3163.2
1988,2584.4
1989,1799.4
1990,1621.7
1991,1656.1
1992,1971.3
1993,1128.9
1994,1037.2
1995,968.45
1996,716.31
1997,945.53
1998,670.46
1999,636.08
2000,636.08
2001,773.61
2002,1014.3
2003,1919.7
2004,2280.7
2005,2521.4
2006,2888.2
2007,2756.4
2008,2521.4
2009,2802.2
2010,2532.9
2011,2057.2
2012,1547.2
2013,1530
2014,1467
2015,1449.8
2016,1426.9
2017,1106
2018,962.72
2019,893.95
2020,842.38
2021,911.14
2022,699.12
2023,951.26
2024,727.77
2025,922.61
2026,1106
2027,1266.4
2028,1421.2
2029,1478.5
2030,1736.3
2031,1467
2032,1673.3
2033,1644.6
2034,1719.1
2035,1633.2
2036,1472.7
2037,1381
2038,1489.9
2039,1151.8
2040,939.8
2041,916.87
2042,710.58
2043,790.8
2044,641.81
2045,687.66
2046,613.16
2047,636.08
2048,607.43
2049,756.42
2050,945.53
2051,1106
2052,1352.4
2053,1598.8
2054,1850.9
2055,1850.9
2056,1971.3
2057,3054.3
2058,1713.4
2059,1581.6
2060,1472.7
2061,1404
2062,1381
2063,1323.7
2064,1054.4
2065,893.95
2066,876.76
2067,882.49
2068,664.73
2069,779.34
2070,590.24
2071,1008.6
2072,997.1
2073,939.8
2074,979.91
2075,1633.2
2076,1965.6
2077,2206.2
2078,2068.7
2079,2045.8
2080,1799.4
2081,1787.9
2082,1948.4
2083,1547.2
2084,1484.2
2085,1524.3
2086,1495.7
2087,1478.5
2088,1209.1
2089,1106
2090,991.37
2091,836.65
2092,928.34
2093,916.87
2094,693.39
2095,1083.1
2096,773.61
2097,871.03
2098,1065.9
2099,1169
2100,2097.4
2101,1782.2
2102,2424
2103,2349.5
2104,1621.7
2105,1352.4
2106,1530
2107,2206.2
2108,1850.9
2109,1787.9
2110,1306.5
2111,1306.5
2112,1191.9
2113,1157.6
2114,1077.3
2115,790.8
2116,830.92
2117,641.81
2118,601.7
2119,424.05
2120,693.39
2121,779.34
2122,1025.8
2123,1793.6
2124,1587.3
2125,1633.2
2126,1489.9
2127,1518.6
2128,1340.9
2129,1530
2130,1919.7
2131,1518.6
2132,1604.5
2133,1478.5
2134,1363.9
2135,1289.4
2136,1025.8
2137,1191.9
2138,710.58
2139,664.73
2140,441.25
2141,229.22
2142,252.14
2143,424.05
2144,607.43
2145,624.62
2146,722.04
2147,1117.4
2148,1461.3
2149,1507.1
2150,1518.6
2151,1535.8
2152,1587.3
2153,1587.3
2154,1581.6
2155,1558.7
2156,1358.1
2157,1277.9
2158,1329.5
2159,2206.2
2160,1142.3
2161,742.04
2162,590.7
2163,546.76
2164,527.24
2165,366.14
2166,507.71
2167,424.72
2168,541.88
2169,839.67
2170,844.56
2171,991.01
2172,1142.3
2173,1313.2
2174,1396.2
2175,1508.5
2176,1386.4
2177,1415.7
2178,2260.3
2179,1449.9
2180,1376.7
2181,1669.6
2182,1513.4
2183,1059.4
2184,873.85
2185,815.27
2186,781.09
2187,766.45
2188,585.82
2189,678.57
2190,556.53
2191,546.76
2192,595.58
2193,746.92
2194,707.87
2195,1034.9
2196,927.55
2197,995.89
2198,1025.2
2199,1078.9
2200,1078.9
2201,1215.6
2202,2387.2
2203,1459.7
2204,1308.3
2205,1679.3
2206,1571.9
2207,1298.6
2208,883.61
2209,883.61
2210,654.17
2211,668.81
2212,541.88
2213,497.95
2214,488.18
2215,439.36
2216,605.35
2217,1034.9
2218,834.79
2219,1039.8
2220,1181.4
2221,1308.3
2222,1445
2223,1362
2224,1469.4
2225,1923.4
2226,1586.6
2227,1449.9
2228,1381.6
2229,1157
2230,961.72
2231,868.97
2232,854.32
2233,654.17
2234,795.74
2235,571.17
2236,566.29
2237,580.94
2238,541.88
2239,419.84
2240,561.41
2241,790.86
2242,771.33
2243,864.08
2244,898.26
2245,1064.2
2246,1264.4
2247,1362
2248,1420.6
2249,1479.2
2250,1518.2
2251,1576.8
2252,1962.5
2253,1459.7
2254,1537.8
2255,1103.3
2256,849.44
2257,942.19
2258,2182.2
2259,917.78
2260,585.82
2261,712.75
2262,551.65
2263,551.65
2264,610.23
2265,683.46
2266,1410.8
2267,1108.2
2268,1332.7
2269,2597.1
2270,1371.8
2271,1366.9
2272,1371.8
2273,1918.6
2274,1493.8
2275,1244.9
2276,1777
2277,1850.2
2278,1293.7
2279,1049.6
2280,790.86
2281,820.15
2282,634.64
2283,727.39
2284,585.82
2285,566.29
2286,537
2287,371.02
2288,673.69
2289,634.64
2290,912.9
2291,1059.4
2292,1186.3
2293,1308.3
2294,1279
2295,1347.4
2296,1410.8
2297,1352.3
2298,1259.5
2299,1166.8
2300,1137.5
2301,1030.1
2302,991.01
2303,971.48
2304,991.01
2305,966.6
2306,795.74
2307,873.85
2308,820.15
2309,668.81
2310,600.47
2311,600.47
2312,815.27
2313,908.02
2314,834.79
2315,844.56
2316,654.17
2317,1054.5
2318,1030.1
2319,1176.5
2320,1171.6
2321,1137.5
2322,1005.7
2323,917.78
2324,878.73
2325,1020.3
2326,951.96
2327,795.74
2328,986.13
2329,961.72
2330,2035.7
2331,1498.7
2332,732.27
2333,883.61
2334,624.87
2335,649.28
2336,751.8
2337,595.58
2338,1157
2339,707.87
2340,898.26
2341,883.61
2342,820.15
2343,873.85
2344,942.19
2345,971.48
2346,1337.6
2347,1186.3
2348,1039.8
2349,1161.9
2350,1069.1
2351,908.02
2352,893.37
2353,839.67
2354,829.91
2355,673.69
2356,712.75
2357,551.65
2358,522.36
2359,571.17
2360,722.51
2361,585.82
2362,585.82
2363,576.06
2364,639.52
2365,785.97
2366,810.38
2367,971.48
2368,1000.8
2369,1479.2
2370,1449.9
2371,986.13
2372,947.07
2373,947.07
2374,956.84
2375,868.97
2376,746.92
2377,790.86
2378,849.44
2379,746.92
2380,590.7
2381,576.06
2382,590.7
2383,585.82
2384,629.76
2385,610.23
2386,615.11
2387,712.75
2388,903.14
2389,971.48
2390,971.48
2391,1034.9
2392,1039.8
2393,1015.4
2394,1117.9
2395,1279
2396,1117.9
2397,986.13
2398,981.25
2399,922.67
2400,571.17
2401,702.98
2402,590.7
2403,580.94
2404,556.53
2405,541.88
2406,556.53
2407,522.36
2408,385.66
2409,1362
2410,2348.2
2411,1337.6
2412,1562.2
2413,1635.4
2414,1801.4
2415,1816
2416,1230.2
2417,2523.9
2418,1054.5
2419,1830.7
2420,2138.2
2421,1269.3
2422,1176.5
2423,1059.4
2424,1171.6
2425,971.48
2426,619.99
2427,854.32
2428,619.99
2429,771.33
2430,566.29
2431,712.75
2432,693.22
2433,790.86
2434,766.45
2435,1020.3
2436,1181.4
2437,1337.6
2438,1396.2
2439,2089.4
2440,2035.7
2441,1957.6
2442,1557.3
2443,1327.9
2444,1108.2
2445,1152.1
2446,995.89
2447,888.49
2448,995.89
2449,937.31
2450,864.08
2451,693.22
2452,732.27
2453,644.4
2454,561.41
2455,571.17
2456,580.94
2457,605.35
2458,825.03
2459,1025.2
2460,1157
2461,1254.6
2462,1342.5
2463,1498.7
2464,1484.1
2465,1542.7
2466,1464.5
2467,1440.1
2468,1420.6
2469,1288.8
2470,1078.9
2471,1059.4
2472,2006.4
2473,1254.6
2474,971.48
2475,966.6
2476,976.37
2477,961.72
2478,820.15
2479,898.26
2480,1034.9
2481,1074
2482,1093.5
2483,1269.3
2484,1264.4
2485,1293.7
2486,1425.5
2487,1469.4
2488,1264.4
2489,1220.5
2490,1015.4
2491,1049.6
2492,1059.4
2493,1113.1
2494,1137.5
2495,1108.2
2496,864.08
2497,727.39
2498,688.34
2499,756.68
2500,576.06
2501,727.39
2502,624.87
2503,722.51
2504,810.38
2505,722.51
2506,878.73
2507,1044.7
2508,1342.5
2509,1474.3
2510,1718.4
2511,2094.3
2512,2318.9
2513,2216.4
2514,2250.5
2515,2675.2
2516,2260.3
2517,1606.1
2518,1210.7
2519,937.31
2520,893.37
2521,829.91
2522,810.38
2523,683.46
2524,698.1
2525,702.98
2526,654.17
2527,693.22
2528,781.09
2529,781.09
2530,1005.7
2531,1064.2
2532,1191.2
2533,1445
2534,1591.5
2535,2123.6
2536,2558.1
2537,2328.6
2538,2187.1
2539,1943
2540,1547.5
2541,1518.2
2542,1459.7
2543,1005.7
2544,912.9
2545,1000.8
2546,932.43
2547,854.32
2548,810.38
2549,766.45
2550,707.87
2551,937.31
2552,922.67
2553,966.6
2554,1098.4
2555,1303.4
2556,1518.2
2557,1737.9
2558,1747.7
2559,1654.9
2560,1869.7
2561,1864.9
2562,1625.6
2563,1864.9
2564,1489
2565,1689.1
2566,1552.4
2567,1088.6
2568,1025.2
2569,927.55
2570,864.08
2571,844.56
2572,805.5
2573,761.57
2574,600.47
2575,893.37
2576,756.68
2577,688.34
2578,746.92
2579,1191.2
2580,1220.5
2581,1449.9
2582,1474.3
2583,1440.1
2584,1459.7
2585,1503.6
2586,2118.7
2587,1918.6
2588,1845.3
2589,1435.3
2590,1254.6
2591,1030.1
2592,956.84
2593,859.2
2594,771.33
2595,610.23
2596,698.1
2597,678.57
2598,527.24
2599,546.76
2600,751.8
2601,829.91
2602,1069.1
2603,1205.8
2604,1381.6
2605,2846.1
2606,1938.1
2607,1923.4
2608,1913.7
2609,1718.4
2610,1625.6
2611,1464.5
2612,2377.5
2613,1923.4
2614,1689.1
2615,1479.2
2616,912.9
2617,859.2
2618,815.27
2619,761.57
2620,595.58
2621,732.27
2622,659.05
2623,610.23
2624,585.82
2625,951.96
2626,1323
2627,1508.5
2628,1323
2629,1498.7
2630,1508.5
2631,1620.8
2632,1664.7
2633,1674.5
2634,1630.5
2635,1537.8
2636,1674.5
2637,1288.8
2638,1830.7
2639,1235.1
2640,810.38
2641,825.03
2642,839.67
2643,805.5
2644,717.63
2645,619.99
2646,781.09
2647,751.8
2648,776.21
2649,859.2
2650,854.32
2651,1210.7
2652,1430.4
2653,2245.6
2654,2323.8
2655,2255.4
2656,1830.7
2657,1845.3
2658,1537.8
2659,1513.4
2660,1498.7
2661,1362
2662,1127.7
2663,1039.8
2664,878.73
2665,834.79
2666,825.03
2667,702.98
2668,688.34
2669,771.33
2670,561.41
2671,595.58
2672,634.64
2673,702.98
2674,903.14
2675,1200.9
2676,1625.6
2677,2445.8
2678,2284.7
2679,2450.7
2680,2450.7
2681,2240.8
2682,2245.6
2683,1977.1
2684,1518.2
2685,1469.4
2686,1430.4
2687,922.67
2688,883.61
2689,839.67
2690,815.27
2691,751.8
2692,742.04
2693,727.39
2694,566.29
2695,839.67
2696,698.1
2697,800.62
2698,883.61
2699,1161.9
2700,1332.7
2701,1459.7
2702,1420.6
2703,1703.8
2704,1684.2
2705,1825.8
2706,1952.7
2707,1635.4
2708,1513.4
2709,1449.9
2710,1117.9
2711,961.72
2712,868.97
2713,761.57
2714,717.63
2715,766.45
2716,541.88
2717,556.53
2718,546.76
2719,639.52
2720,732.27
2721,532.12
2722,771.33
2723,829.91
2724,947.07
2725,1074
2726,1366.9
2727,1430.4
2728,1293.7
2729,1200.9
2730,1689.1
2731,1425.5
2732,1342.5
2733,1337.6
2734,995.89
2735,746.92
2736,707.87
2737,815.27
2738,551.65
2739,551.65
2740,537
2741,507.71
2742,507.71
2743,634.64
2744,527.24
2745,463.77
2746,522.36
2747,776.21
2748,868.97
2749,903.14
2750,1215.6
2751,1654.9
2752,1801.4
2753,1830.7
2754,1650.1
2755,1152.1
2756,1059.4
2757,1074
2758,922.67
2759,727.39
2760,673.69
2761,561.41
2762,659.05
2763,493.06
2764,478.42
2765,497.95
2766,458.89
2767,434.48
2768,468.66
2769,405.19
2770,605.35
2771,702.98
2772,981.25
2773,912.9
2774,1298.6
2775,1303.4
2776,1347.4
2777,1303.4
2778,1288.8
2779,1225.3
2780,1157
2781,1074
2782,961.72
2783,839.67
2784,668.81
2785,712.75
2786,561.41
2787,502.83
2788,493.06
2789,341.73
2790,502.83
2791,322.2
2792,405.19
2793,746.92
2794,561.41
2795,781.09
2796,854.32
2797,912.9
2798,922.67
2799,922.67
2800,903.14
2801,878.73
2802,825.03
2803,1244.9
2804,976.37
2805,1196
2806,829.91
2807,2792.4
2808,1161.9
2809,688.34
2810,527.24
2811,473.54
2812,322.2
2813,331.96
2814,209.92
2815,449.13
2816,497.95
2817,483.3
2818,473.54
2819,576.06
2820,644.4
2821,732.27
2822,678.57
2823,590.7
2824,1215.6
2825,1308.3
2826,864.08
2827,1830.7
2828,1952.7
2829,1366.9
2830,908.02
2831,654.17
2832,507.71
2833,561.41
2834,595.58
2835,610.23
2836,424.72
2837,454.01
2838,375.9
2839,756.68
2840,683.46
2841,610.23
2842,815.27
2843,727.39
2844,859.2
2845,995.89
2846,1078.9
2847,1108.2
2848,1196
2849,1318.1
2850,1157
2851,1205.8
2852,1064.2
2853,800.62
2854,654.17
2855,493.06
2856,527.24
2857,478.42
2858,341.73
2859,351.49
2860,219.68
2861,327.08
2862,341.73
2863,449.13
2864,541.88
2865,541.88
2866,576.06
2867,424.72
2868,683.46
2869,761.57
2870,742.04
2871,868.97
2872,659.05
2873,1030.1
2874,1039.8
2875,937.31
2876,932.43
2877,1044.7
2878,751.8
2879,668.81
2880,1156.1
2881,736.62
2882,726.39
2883,941.24
2884,757.08
2885,705.93
2886,368.31
2887,1207.2
2888,1278.9
2889,1115.2
2890,1084.5
2891,1094.7
2892,1166.3
2893,1217.5
2894,1708.6
2895,1207.2
2896,2138.3
2897,2035.9
2898,2128
2899,1902.9
2900,2189.4
2901,2291.7
2902,1913.2
2903,1483.5
2904,1370.9
2905,1391.4
2906,828.7
2907,358.08
2908,388.77
2909,388.77
2910,327.39
2911,337.62
2912,511.54
2913,971.93
2914,1176.5
2915,1370.9
2916,2230.3
2917,2281.5
2918,2209.9
2919,2322.4
2920,2015.5
2921,1882.5
2922,1862
2923,1964.3
2924,2189.4
2925,2046.2
2926,1503.9
2927,1739.2
2928,1145.9
2929,767.31
2930,460.39
2931,399
2932,419.47
2933,419.47
2934,399
2935,378.54
2936,388.77
2937,603.62
2938,1125.4
2939,1872.2
2940,1473.2
2941,1626.7
2942,1769.9
2943,1780.2
2944,1729
2945,1626.7
2946,1360.7
2947,1759.7
2948,1913.2
2949,2107.6
2950,1923.4
2951,1514.2
2952,1422.1
2953,859.39
2954,429.7
2955,419.47
2956,399
2957,358.08
2958,378.54
2959,501.31
2960,368.31
2961,409.23
2962,1340.2
2963,2158.7
2964,3314.8
2965,3887.7
2966,4010.5
2967,3018.1
2968,3018.1
2969,3734.3
2970,3683.1
2971,2833.9
2972,2424.7
2973,2076.9
2974,1780.2
2975,1227.7
2976,1115.2
2977,808.24
2978,869.62
2979,439.93
2980,470.62
2981,439.93
2982,439.93
2983,971.93
2984,1176.5
2985,757.08
2986,1115.2
2987,1780.2
2988,2005.2
2989,2281.5
2990,2342.9
2991,2445.2
2992,3171.6
2993,2608.9
2994,2414.5
2995,2230.3
2996,2342.9
2997,2056.4
2998,1319.8
2999,1053.8
3000,1002.6
3001,1115.2
3002,685.47
3003,705.93
3004,675.24
3005,347.85
3006,665.01
3007,951.47
3008,1176.5
3009,1094.7
3010,726.39
3011,746.85
3012,736.62
3013,767.31
3014,828.7
3015,675.24
3016,1094.7
3017,1289.1
3018,1094.7
3019,1278.9
3020,859.39
3021,1381.2
3022,1483.5
3023,971.93
3024,726.39
3025,399
3026,358.08
3027,368.31
3028,358.08
3029,491.08
3030,347.85
3031,388.77
3032,409.23
3033,532.01
3034,317.16
3035,644.54
3036,1033.3
3037,1258.4
3038,1289.1
3039,1278.9
3040,2005.2
3041,1585.8
3042,3212.5
3043,2301.9
3044,1585.8
3045,1319.8
3046,992.39
3047,378.54
3048,358.08
3049,368.31
3050,368.31
3051,358.08
3052,337.62
3053,327.39
3054,347.85
3055,736.62
3056,429.7
3057,419.47
3058,450.16
3059,1391.4
3060,1166.3
3061,1585.8
3062,1278.9
3063,1708.6
3064,1524.4
3065,1964.3
3066,1790.4
3067,2271.3
3068,2158.7
3069,1974.6
3070,1534.6
3071,1340.2
3072,1381.2
3073,613.85
3074,757.08
3075,439.93
3076,419.47
3077,419.47
3078,419.47
3079,583.16
3080,828.7
3081,828.7
3082,1289.1
3083,1340.2
3084,1381.2
3085,1954.1
3086,2128
3087,1810.9
3088,1769.9
3089,1995
3090,2056.4
3091,1667.6
3092,1913.2
3093,1892.7
3094,2066.6
3095,1565.3
3096,920.78
3097,409.23
3098,388.77
3099,388.77
3100,409.23
3101,409.23
3102,419.47
3103,460.39
3104,450.16
3105,695.7
3106,1248.2
3107,1585.8
3108,4153.7
3109,869.62
3110,920.78
3111,1197
3112,849.16
3113,1330
3114,1483.5
3115,1647.2
3116,1432.3
3117,1626.7
3118,1452.8
3119,3437.6
3120,757.08
3121,480.85
3122,511.54
3123,460.39
3124,399
3125,399
3126,429.7
3127,419.47
3128,470.62
3129,460.39
3130,470.62
3131,491.08
3132,787.78
3133,879.85
3134,838.93
3135,890.09
3136,828.7
3137,613.85
3138,675.24
3139,736.62
3140,736.62
3141,552.47
3142,480.85
3143,501.31
3144,511.54
3145,480.85
3146,470.62
3147,439.93
3148,491.08
3149,542.24
3150,429.7
3151,480.85
3152,460.39
3153,460.39
3154,450.16
3155,736.62
3156,746.85
3157,2035.9
3158,1237.9
3159,1350.5
3160,1104.9
3161,716.16
3162,757.08
3163,1463
3164,1237.9
3165,1227.7
3166,1207.2
3167,1023.1
3168,726.39
3169,419.47
3170,378.54
3171,337.62
3172,358.08
3173,409.23
3174,317.16
3175,654.78
3176,429.7
3177,368.31
3178,276.23
3179,562.7
3180,941.24
3181,1237.9
3182,1237.9
3183,1463
3184,1565.3
3185,2250.8
3186,1923.4
3187,1698.3
3188,1913.2
3189,2046.2
3190,1432.3
3191,879.85
3192,726.39
3193,388.77
3194,347.85
3195,327.39
3196,317.16
3197,337.62
3198,358.08
3199,879.85
3200,685.47
3201,890.09
3202,583.16
3203,1064
3204,1053.8
3205,1074.2
3206,1197
3207,1943.9
3208,3202.3
3209,2926
3210,2547.5
3211,1902.9
3212,1974.6
3213,1892.7
3214,1248.2
3215,941.24
3216,920.78
3217,757.08
3218,450.16
3219,409.23
3220,378.54
3221,429.7
3222,491.08
3223,634.31
3224,368.31
3225,562.7
3226,869.62
3227,1340.2
3228,1800.6
3229,2046.2
3230,2015.5
3231,1933.6
3232,1862
3233,1923.4
3234,2066.6
3235,1954.1
3236,2076.9
3237,1872.2
3238,1514.2
3239,1473.2
3240,1432.3
3241,1391.4
3242,1278.9
3243,746.85
3244,460.39
3245,409.23
3246,337.62
3247,337.62
3248,685.47
3249,931.01
3250,1698.3
3251,1810.9
3252,2424.7
3253,2680.5
3254,2833.9
3255,2690.7
3256,2660
3257,2741.9
3258,2557.7
3259,2874.9
3260,2332.6
3261,2117.8
3262,2005.2
3263,1145.9
3264,1094.7
3265,849.16
3266,859.39
3267,368.31
3268,358.08
3269,347.85
3270,317.16
3271,306.93
3272,337.62
3273,1473.2
3274,3038.6
3275,3580.8
3276,3826.3
3277,4000.3
3278,4031
3279,4573.2
3280,4348.1
3281,3355.7
3282,2895.3
3283,2506.6
3284,2486.1
3285,2179.2
3286,1555.1
3287,1278.9
3288,1094.7
3289,1012.9
3290,634.31
3291,634.31
3292,654.78
3293,409.23
3294,388.77
3295,552.47
3296,1053.8
3297,777.55
3298,1115.2
3299,1636.9
3300,1882.5
3301,1923.4
3302,2035.9
3303,2261
3304,2823.7
3305,2752.1
3306,3007.9
3307,3263.6
3308,2394
3309,2189.4
3310,1964.3
3311,1503.9
3312,1319.8
3313,1094.7
3314,1064
3315,1023.1
3316,705.93
3317,1084.5
3318,654.78
3319,910.55
3320,757.08
3321,961.7
3322,1084.5
3323,1442.6
3324,1647.2
3325,2035.9
3326,2404.3
3327,2506.6
3328,2752.1
3329,2752.1
3330,3406.9
3331,3345.5
3332,2537.3
3333,2240.6
3334,1851.8
3335,1473.2
3336,1012.9
3337,1094.7
3338,982.16
3339,971.93
3340,951.47
3341,624.08
3342,613.85
3343,849.16
3344,1186.8
3345,1156.1
3346,1156.1
3347,1759.7
3348,2087.1
3349,2752.1
3350,2588.4
3351,2660
3352,2936.3
3353,3263.6
3354,2936.3
3355,2567.9
3356,2424.7
3357,2168.9
3358,1964.3
3359,1555.1
3360,1064
3361,1002.6
3362,992.39
3363,982.16
3364,665.01
3365,624.08
3366,634.31
3367,971.93
3368,818.47
3369,777.55
3370,1207.2
3371,1913.2
3372,2404.3
3373,2731.6
3374,2752.1
3375,2598.6
3376,2527
3377,2506.6
3378,2793
3379,2301.9
3380,2138.3
3381,2138.3
3382,1657.4
3383,1197
3384,1503.9
3385,1053.8
3386,1012.9
3387,992.39
3388,1012.9
3389,1002.6
3390,705.93
3391,2240.6
3392,1708.6
3393,1125.4
3394,1606.2
3395,1892.7
3396,2097.3
3397,2424.7
3398,2455.4
3399,2936.3
3400,2997.6
3401,2496.3
3402,2363.3
3403,2261
3404,1831.3
3405,1749.5
3406,2076.9
3407,1851.8
3408,1790.4
3409,1831.3
3410,1534.6
3411,1258.4
3412,777.55
3413,931.01
3414,705.93
3415,675.24
3416,358.08
3417,951.47
3418,1463
3419,2383.8
3420,2373.6
3421,2608.9
3422,2353.1
3423,2926
3424,2803.3
3425,2823.7
3426,2793
3427,2475.9
3428,2128
3429,1810.9
3430,1995
3431,1596
3432,1872.2
3433,1606.2
3434,1769.9
3435,1115.2
3436,951.47
3437,920.78
3438,716.16
3439,634.31
3440,613.85
3441,961.7
3442,1729
3443,1882.5
3444,2711.2
3445,3376.2
3446,2864.6
3447,2547.5
3448,2424.7
3449,3161.3
3450,3846.8
3451,5197.3
3452,4522
3453,2465.6
3454,4337.9
3455,1514.2
3456,1442.6
3457,1012.9
3458,1309.6
3459,1053.8
3460,828.7
3461,757.08
3462,941.24
3463,777.55
3464,644.54
3465,1166.3
3466,1503.9
3467,1800.6
3468,2455.4
3469,2598.6
3470,2915.8
3471,3038.6
3472,3100
3473,3038.6
3474,3478.5
3475,4757.4
3476,3458
3477,2332.6
3478,2107.6
3479,1882.5
3480,1227.7
3481,1432.3
3482,1002.6
3483,982.16
3484,992.39
3485,675.24
3486,961.7
3487,1043.5
3488,1186.8
3489,1033.3
3490,1074.2
3491,1616.5
3492,2005.2
3493,2353.1
3494,2516.8
3495,2670.3
3496,2864.6
3497,3478.5
3498,2987.4
3499,2414.5
3500,2199.6
3501,2015.5
3502,1923.4
3503,1503.9
3504,1166.3
3505,1043.5
3506,1033.3
3507,982.16
3508,644.54
3509,971.93
3510,409.23
3511,1064
3512,1411.9
3513,982.16
3514,1053.8
3515,1892.7
3516,2087.1
3517,2619.1
3518,2782.8
3519,2793
3520,2782.8
3521,2987.4
3522,2813.5
3523,2578.2
3524,2363.3
3525,2250.8
3526,2066.6
3527,1616.5
3528,1493.7
3529,1043.5
3530,1043.5
3531,1084.5
3532,1023.1
3533,634.31
3534,317.16
3535,900.32
3536,1176.5
3537,1197
3538,1493.7
3539,2005.2
3540,2220.1
3541,2731.6
3542,3263.6
3543,3212.5
3544,3130.6
3545,2967
3546,2363.3
3547,2496.3
3548,2731.6
3549,2475.9
3550,2138.3
3551,1585.8
3552,1463
3553,1647.2
3554,1104.9
3555,1442.6
3556,1064
3557,1012.9
3558,1002.6
3559,1248.2
3560,1064
3561,982.16
3562,1023.1
3563,1626.7
3564,1862
3565,1995
3566,2158.7
3567,2220.1
3568,2752.1
3569,2639.6
3570,2373.6
3571,2424.7
3572,2905.6
3573,2496.3
3574,2353.1
3575,1769.9
3576,1780.2
3577,1370.9
3578,1340.2
3579,1064
3580,705.93
3581,1002.6
3582,654.78
3583,644.54
3584,532.01
3585,1319.8
3586,1800.6
3587,1749.5
3588,2220.1
3589,2404.3
3590,2445.2
3591,2506.6
3592,2404.3
3593,2516.8
3594,2465.6
3595,3550.1
3596,2261
3597,2066.6
3598,1493.7
3599,808.24
3600,665.01
3601,368.31
3602,378.54
3603,358.08
3604,327.39
3605,337.62
3606,358.08
3607,368.31
3608,613.85
3609,552.47
3610,583.16
3611,511.54
3612,593.39
3613,583.16
3614,716.16
3615,675.24
3616,941.24
3617,1084.5
3618,1074.2
3619,1237.9
3620,951.47
3621,593.39
3622,572.93
3623,491.08
3624,1184.6
3625,656.07
3626,674.3
3627,637.85
3628,583.18
3629,601.4
3630,637.85
3631,656.07
3632,1093.5
3633,984.11
3634,1038.8
3635,911.21
3636,1057
3637,1038.8
3638,1275.7
3639,1202.8
3640,1676.6
3641,1931.8
3642,1913.5
3643,2205.1
3644,1694.9
3645,1057
3646,1020.6
3647,874.76
3648,765.42
3649,728.97
3650,728.97
3651,656.07
3652,656.07
3653,674.3
3654,747.19
3655,1202.8
3656,747.19
3657,637.85
3658,583.18
3659,528.5
3660,1184.6
3661,1858.9
3662,2423.8
3663,2259.8
3664,2988.8
3665,3936.4
3666,3098.1
3667,3407.9
3668,2934.1
3669,6560.7
3670,2496.7
3671,1403.3
3672,1148.1
3673,674.3
3674,656.07
3675,619.62
3676,601.4
3677,637.85
3678,674.3
3679,1166.4
3680,637.85
3681,382.71
3682,874.76
3683,1366.8
3684,2296.3
3685,2405.6
3686,2350.9
3687,2679
3688,2697.2
3689,3280.4
3690,3335
3691,3152.8
3692,3535.5
3693,3025.2
3694,2514.9
3695,2806.5
3696,2642.5
3697,2186.9
3698,2350.9
3699,2022.9
3700,820.09
3701,619.62
3702,801.87
3703,1148.1
3704,710.74
3705,583.18
3706,1221
3707,1968.2
3708,2861.2
3709,2624.3
3710,3098.1
3711,3061.7
3712,3025.2
3713,3298.6
3714,4264.5
3715,3043.4
3716,3517.3
3717,3079.9
3718,1512.6
3719,911.21
3720,801.87
3721,728.97
3722,692.52
3723,765.42
3724,747.19
3725,728.97
3726,728.97
3727,1075.2
3728,710.74
3729,619.62
3730,583.18
3731,1184.6
3732,2022.9
3733,2970.5
3734,2715.4
3735,2861.2
3736,3098.1
3737,3152.8
3738,3845.3
3739,4209.8
3740,4228
3741,3098.1
3742,3243.9
3743,2296.3
3744,1767.7
3745,1330.4
3746,692.52
3747,801.87
3748,710.74
3749,656.07
3750,765.42
3751,1385
3752,637.85
3753,710.74
3754,1293.9
3755,1858.9
3756,2606.1
3757,2879.4
3758,3061.7
3759,3717.7
3760,4920.5
3761,4428.5
3762,4246.2
3763,4228
3764,4027.6
3765,3881.8
3766,3189.2
3767,3881.8
3768,1968.2
3769,1840.6
3770,1786
3771,1202.8
3772,1184.6
3773,1184.6
3774,1221
3775,1330.4
3776,1822.4
3777,1895.3
3778,2751.9
3779,3079.9
3780,3335
3781,4355.6
3782,4446.7
3783,4665.4
3784,4410.3
3785,4683.6
3786,6086.9
3787,4173.3
3788,4009.3
3789,3863.5
3790,3571.9
3791,3808.9
3792,2314.5
3793,2150.5
3794,1950
3795,1530.8
3796,1239.2
3797,1676.6
3798,1640.2
3799,1057
3800,1603.7
3801,1822.4
3802,2952.3
3803,3444.4
3804,3681.3
3805,4082.2
3806,3954.7
3807,5339.7
3808,4246.2
3809,4045.8
3810,3736
3811,3517.3
3812,3553.7
3813,3480.8
3814,3262.1
3815,2679
3816,1986.4
3817,2168.7
3818,2022.9
3819,1804.2
3820,1804.2
3821,1767.7
3822,1749.5
3823,2168.7
3824,2697.2
3825,1694.9
3826,1658.4
3827,1858.9
3828,2423.8
3829,2241.6
3830,2915.9
3831,3462.6
3832,3991.1
3833,5667.7
3834,4136.9
3835,3772.4
3836,3972.9
3837,3972.9
3838,3116.3
3839,2186.9
3840,2186.9
3841,1767.7
3842,1767.7
3843,1713.1
3844,1694.9
3845,1658.4
3846,1786
3847,2460.3
3848,1950
3849,2095.8
3850,2095.8
3851,1676.6
3852,4209.8
3853,2824.8
3854,3007
3855,3243.9
3856,3900
3857,4009.3
3858,4027.6
3859,4100.5
3860,4027.6
3861,4282.7
3862,4902.3
3863,3790.6
3864,3116.3
3865,2843
3866,2952.3
3867,2824.8
3868,2478.5
3869,2296.3
3870,2259.8
3871,3407.9
3872,2533.2
3873,2423.8
3874,2478.5
3875,3280.4
3876,3590.2
3877,4355.6
3878,4592.5
3879,5048.1
3880,5357.9
3881,4993.4
3882,4665.4
3883,5157.5
3884,5285
3885,4920.5
3886,3262.1
3887,2770.1
3888,1950
3889,2022.9
3890,2022.9
3891,1731.3
3892,1129.9
3893,1421.5
3894,783.64
3895,1931.8
3896,1877.1
3897,2205.1
3898,2059.3
3899,2843
3900,3298.6
3901,3553.7
3902,3681.3
3903,4829.4
3904,4774.7
3905,4756.5
3906,4355.6
3907,4446.7
3908,4337.4
3909,4027.6
3910,3553.7
3911,2824.8
3912,2733.6
3913,2022.9
3914,2041.1
3915,1986.4
3916,1877.1
3917,1840.6
3918,1385
3919,2296.3
3920,1986.4
3921,1312.1
3922,2077.6
3923,1366.8
3924,1968.2
3925,2296.3
3926,1822.4
3927,2041.1
3928,4100.5
3929,2733.6
3930,3426.2
3931,3699.5
3932,2970.5
3933,3171
3934,2861.2
3935,2350.9
3936,1767.7
3937,1184.6
3938,1257.5
3939,583.18
3940,546.73
3941,1148.1
3942,619.62
3943,583.18
3944,1968.2
3945,1221
3946,1931.8
3947,1950
3948,3134.6
3949,3626.6
3950,3371.5
3951,3991.1
3952,5977.5
3953,4537.8
3954,4173.3
3955,3918.2
3956,3790.6
3957,3827.1
3958,2824.8
3959,3134.6
3960,2041.1
3961,1202.8
3962,1111.7
3963,1184.6
3964,656.07
3965,583.18
3966,546.73
3967,637.85
3968,783.64
3969,1476.2
3970,1713.1
3971,2569.6
3972,2879.4
3973,3954.7
3974,3571.9
3975,3298.6
3976,3608.4
3977,3262.1
3978,3316.8
3979,5576.6
3980,7581.3
3981,4264.5
3982,3717.7
3983,2041.1
3984,2296.3
3985,1439.7
3986,1858.9
3987,1731.3
3988,1148.1
3989,1330.4
3990,1293.9
3991,1457.9
3992,1166.4
3993,546.73
3994,437.38
3995,1567.3
3996,528.5
3997,1585.5
3998,1002.3
3999,1202.8
4000,1312.1
4001,3571.9
4002,2824.8
4003,1877.1
4004,1986.4
4005,1403.3
4006,1713.1
4007,1093.5
4008,1038.8
4009,929.44
4010,656.07
4011,637.85
4012,601.4
4013,674.3
4014,728.97
4015,1020.6
4016,473.83
4017,473.83
4018,510.28
4019,437.38
4020,419.16
4021,601.4
4022,692.52
4023,765.42
4024,1148.1
4025,1512.6
4026,1658.4
4027,1822.4
4028,1676.6
4029,1676.6
4030,637.85
4031,619.62
4032,637.85
4033,546.73
4034,546.73
4035,637.85
4036,619.62
4037,583.18
4038,583.18
4039,947.66
4040,1421.5
4041,1421.5
4042,2168.7
4043,1804.2
4044,2770.1
4045,1530.8
4046,1348.6
4047,874.76
4048,1129.9
4049,1494.4
4050,1622
4051,984.11
4052,1312.1
4053,1622
4054,1603.7
4055,1622
4056,1622
4057,1275.7
4058,947.66
4059,674.3
4060,583.18
4061,546.73
4062,619.62
4063,601.4
4064,710.74
4065,528.5
4066,583.18
4067,619.62
4068,1002.3
4069,1585.5
4070,947.66
4071,564.95
4072,583.18
4073,656.07
4074,1020.6
4075,1658.4
4076,1403.3
4077,3736
4078,1549.1
4079,1640.2
4080,1348.6
4081,637.85
4082,583.18
4083,637.85
4084,601.4
4085,583.18
4086,546.73
4087,674.3
4088,601.4
4089,1020.6
4090,619.62
4091,674.3
4092,801.87
4093,947.66
4094,1239.2
4095,1640.2
4096,3389.7
4097,2879.4
4098,2369.1
4099,2314.5
4100,2132.2
4101,1858.9
4102,1293.9
4103,1148.1
4104,1075.2
4105,1002.3
4106,947.66
4107,911.21
4108,838.31
4109,856.54
4110,892.99
4111,1239.2
4112,1057
4113,692.52
4114,783.64
4115,783.64
4116,765.42
4117,728.97
4118,747.19
4119,2460.3
4120,3991.1
4121,1986.4
4122,2186.9
4123,1385
4124,1330.4
4125,1822.4
4126,1512.6
4127,1512.6
4128,1093.5
4129,801.87
4130,747.19
4131,710.74
4132,692.52
4133,747.19
4134,728.97
4135,674.3
4136,674.3
4137,728.97
4138,947.66
4139,1239.2
4140,601.4
4141,546.73
4142,583.18
4143,2077.6
4144,1184.6
4145,1166.4
4146,1366.8
4147,1913.5
4148,1694.9
4149,1840.6
4150,1221
4151,1786
4152,1786
4153,1002.3
4154,747.19
4155,783.64
4156,728.97
4157,692.52
4158,856.54
4159,1184.6
4160,747.19
4161,1020.6
4162,692.52
4163,601.4
4164,965.88
4165,856.54
4166,728.97
4167,1567.3
4168,2442
4169,1767.7
4170,1148.1
4171,1202.8
4172,2186.9
4173,2332.7
4174,1293.9
4175,801.87
4176,838.31
4177,801.87
4178,692.52
4179,710.74
4180,747.19
4181,747.19
4182,747.19
4183,1530.8
4184,674.3
4185,637.85
4186,583.18
4187,583.18
4188,747.19
4189,801.87
4190,783.64
4191,838.31
4192,1221
4193,820.09
4194,674.3
4195,619.62
4196,583.18
4197,929.44
4198,874.76
4199,783.64
4200,710.74
4201,656.07
4202,674.3
4203,728.97
4204,710.74
4205,692.52
4206,692.52
4207,1257.5
4208,911.21
4209,765.42
4210,692.52
4211,728.97
4212,765.42
4213,765.42
4214,765.42
4215,765.42
4216,1202.8
4217,1312.1
4218,838.31
4219,674.3
4220,1603.7
4221,1622
4222,1239.2
4223,1421.5
4224,984.11
4225,929.44
4226,856.54
4227,820.09
4228,710.74
4229,710.74
4230,783.64
4231,1257.5
4232,637.85
4233,674.3
4234,656.07
4235,601.4
4236,728.97
4237,783.64
4238,692.52
4239,619.62
4240,1166.4
4241,747.19
4242,1057
4243,1202.8
4244,3571.9
4245,1694.9
4246,1567.3
4247,1275.7
4248,1038.8
4249,947.66
4250,984.11
4251,984.11
4252,965.88
4253,1093.5
4254,1002.3
4255,1530.8
4256,619.62
4257,801.87
4258,765.42
4259,546.73
4260,874.76
4261,710.74
4262,546.73
4263,728.97
4264,1439.7
4265,1366.8
4266,1293.9
4267,2041.1
4268,2350.9
4269,1950
4270,1658.4
4271,1184.6
4272,1366.8
4273,1148.1
4274,783.64
4275,820.09
4276,728.97
4277,728.97
4278,783.64
4279,801.87
4280,765.42
4281,747.19
4282,1038.8
4283,1694.9
4284,1293.9
4285,1348.6
4286,1840.6
4287,2004.7
4288,2022.9
4289,1767.7
4290,3863.5
4291,1476.2
4292,1713.1
4293,2223.4
4294,1822.4
4295,1658.4
4296,1767.7
4297,1129.9
4298,1202.8
4299,1002.3
4300,710.74
4301,856.54
4302,765.42
4303,929.44
4304,892.99
4305,856.54
4306,1767.7
4307,838.31
4308,4829.4
4309,6360.3
4310,2168.7
4311,1786
4312,1275.7
4313,1366.8
4314,2660.7
4315,2897.7
4316,1786
4317,1530.8
4318,1549.1
4319,1931.8
4320,1221
4321,929.44
4322,856.54
4323,892.99
4324,874.76
4325,892.99
4326,892.99
4327,1622
4328,1275.7
4329,1111.7
4330,1111.7
4331,1439.7
4332,1676.6
4333,1603.7
4334,1786
4335,2514.9
4336,2861.2
4337,2296.3
4338,1530.8
4339,1694.9
4340,1676.6
4341,1512.6
4342,1858.9
4343,1202.8
4344,1639.4
4345,1204
4346,1280.8
4347,1229.6
4348,1255.2
4349,1280.8
4350,1332.1
4351,1921.2
4352,1204
4353,999.04
4354,1434.5
4355,1075.9
4356,1255.2
4357,1024.7
4358,999.04
4359,973.42
4360,1588.2
4361,2587.3
4362,2331.1
4363,2407.9
4364,1972.5
4365,1972.5
4366,1127.1
4367,1050.3
4368,1024.7
4369,947.81
4370,870.96
4371,896.57
4372,947.81
4373,947.81
4374,999.04
4375,1460.1
4376,870.96
4377,768.49
4378,1024.7
4379,768.49
4380,794.11
4381,768.49
4382,1844.4
4383,1178.4
4384,973.42
4385,1485.7
4386,1562.6
4387,3970.5
4388,3330.1
4389,2254.2
4390,1767.5
4391,1050.3
4392,1024.7
4393,973.42
4394,922.19
4395,870.96
4396,896.57
4397,947.81
4398,999.04
4399,6557.8
4400,1639.4
4401,1229.6
4402,1024.7
4403,1024.7
4404,1050.3
4405,1101.5
4406,1101.5
4407,999.04
4408,896.57
4409,2382.3
4410,1895.6
4411,4073
4412,8837.7
4413,7300.7
4414,5610
4415,5097.7
4416,3816.8
4417,3637.5
4418,2945.9
4419,1101.5
4420,1844.4
4421,1050.3
4422,1178.4
4423,1741.9
4424,1588.2
4425,2305.5
4426,1075.9
4427,1972.5
4428,3176.4
4429,2997.1
4430,2766.6
4431,2792.2
4432,2612.9
4433,2177.4
4434,2151.8
4435,1537
4436,1767.5
4437,1460.1
4438,2971.5
4439,2664.1
4440,1946.8
4441,1383.3
4442,1306.4
4443,1204
4444,1255.2
4445,1332.1
4446,1280.8
4447,1357.7
4448,1229.6
4449,973.42
4450,1332.1
4451,1383.3
4452,1767.5
4453,2510.4
4454,1229.6
4455,1050.3
4456,1127.1
4457,1024.7
4458,999.04
4459,1895.6
4460,2561.6
4461,2177.4
4462,2254.2
4463,1690.7
4464,2484.8
4465,2433.6
4466,2177.4
4467,1946.8
4468,2151.8
4469,1818.8
4470,1870
4471,2664.1
4472,1665.1
4473,2305.5
4474,2587.3
4475,2305.5
4476,1972.5
4477,2126.2
4478,2484.8
4479,3355.7
4480,2843.4
4481,2638.5
4482,2689.7
4483,7864.2
4484,8248.5
4485,6327.2
4486,12859
4487,4610.9
4488,7198.2
4489,2817.8
4490,973.42
4491,819.72
4492,845.34
4493,896.57
4494,947.81
4495,1434.5
4496,768.49
4497,640.41
4498,742.87
4499,922.19
4500,922.19
4501,973.42
4502,1024.7
4503,896.57
4504,1562.6
4505,2356.7
4506,2843.4
4507,1946.8
4508,1741.9
4509,1716.3
4510,1741.9
4511,1255.2
4512,1152.7
4513,1229.6
4514,1204
4515,1101.5
4516,1101.5
4517,1152.7
4518,1204
4519,1870
4520,1152.7
4521,947.81
4522,999.04
4523,922.19
4524,1357.7
4525,1255.2
4526,1024.7
4527,999.04
4528,1306.4
4529,5200.1
4530,6583.4
4531,5379.4
4532,3663.1
4533,2203
4534,3637.5
4535,2407.9
4536,1408.9
4537,1280.8
4538,1485.7
4539,1178.4
4540,1050.3
4541,1178.4
4542,1204
4543,1767.5
4544,1229.6
4545,1204
4546,1229.6
4547,1178.4
4548,1127.1
4549,1127.1
4550,1229.6
4551,2715.3
4552,3714.4
4553,3535.1
4554,3919.3
4555,3048.3
4556,2228.6
4557,1332.1
4558,1280.8
4559,1280.8
4560,1716.3
4561,2023.7
4562,1613.8
4563,1332.1
4564,1332.1
4565,1408.9
4566,1332.1
4567,2228.6
4568,870.96
4569,819.72
4570,896.57
4571,896.57
4572,1050.3
4573,1127.1
4574,1178.4
4575,1127.1
4576,1434.5
4577,1870
4578,2843.4
4579,1255.2
4580,1383.3
4581,1383.3
4582,1152.7
4583,973.42
4584,2430
4585,4410
4586,1390
4587,1470
4588,1040
4589,1010
4590,1030
4591,710
4592,1020
4593,1090
4594,2460
4595,1770
4596,2180
4597,2400
4598,2650
4599,2700
4600,2530
4601,2480
4602,2300
4603,2380
4604,2610
4605,4970
4606,5120
4607,2870
4608,2460
4609,1950
4610,1720
4611,1680
4612,1580
4613,1350
4614,1250
4615,1070
4616,1450
4617,1240
4618,1790
4619,2510
4620,2760
4621,2980
4622,3500
4623,3230
4624,3250
4625,3010
4626,2870
4627,2980
4628,3220
4629,3670
4630,2640
4631,2630
4632,2430
4633,2050
4634,1620
4635,1380
4636,1330
4637,1490
4638,1210
4639,1140
4640,1150
4641,1620
4642,1760
4643,2380
4644,2850
4645,4460
4646,4890
4647,4590
4648,3390
4649,3030
4650,2850
4651,2800
4652,2510
4653,2540
4654,2500
4655,2320
4656,2280
4657,2250
4658,1720
4659,1370
4660,1620
4661,1170
4662,1460
4663,1100
4664,1110
4665,1300
4666,1740
4667,2310
4668,2710
4669,3090
4670,3040
4671,3370
4672,3520
4673,3210
4674,3170
4675,2930
4676,2650
4677,2430
4678,2330
4679,2300
4680,2240
4681,2530
4682,3900
4683,1290
4684,1450
4685,1170
4686,1060
4687,1060
4688,1070
4689,1040
4690,1830
4691,2730
4692,2280
4693,2630
4694,2430
4695,2230
4696,2400
4697,2430
4698,2180
4699,2170
4700,2640
4701,2600
4702,2270
4703,2040
4704,1770
4705,1510
4706,1070
4707,1120
4708,1230
4709,1130
4710,800
4711,1010
4712,990
4713,1190
4714,1870
4715,2470
4716,2790
4717,4040
4718,5260
4719,3530
4720,2920
4721,2980
4722,2760
4723,2780
4724,2650
4725,1980
4726,2060
4727,1980
4728,2010
4729,1520
4730,1200
4731,1080
4732,1120
4733,820
4734,910
4735,760
4736,810
4737,1130
4738,1560
4739,1910
4740,2110
4741,2460
4742,2720
4743,3630
4744,2600
4745,2870
4746,5370
4747,3970
4748,2400
4749,2490
4750,2230
4751,1890
4752,1750
4753,3470
4754,2500
4755,890
4756,1150
4757,1310
4758,1050
4759,1380
4760,1180
4761,1170
4762,1350
4763,2380
4764,2300
4765,2560
4766,2730
4767,2920
4768,5130
4769,3380
4770,3400
4771,2730
4772,2460
4773,2800
4774,2500
4775,2360
4776,1660
4777,1620
4778,1340
4779,1180
4780,1070
4781,1060
4782,710
4783,1000
4784,780
4785,1490
4786,1610
4787,2200
4788,2450
4789,3280
4790,3590
4791,3000
4792,2940
4793,3360
4794,4630
4795,3970
4796,3850
4797,3100
4798,2320
4799,2170
4800,1970
4801,1760
4802,1560
4803,1470
4804,1510
4805,1130
4806,1060
4807,1170
4808,1310
4809,1180
4810,2390
4811,2400
4812,3030
4813,4140
4814,5400
4815,4990
4816,4910
4817,4960
4818,4490
4819,3350
4820,3720
4821,3050
4822,3130
4823,2750
4824,2000
4825,1920
4826,1620
4827,1560
4828,1210
4829,1460
4830,1120
4831,1150
4832,1110
4833,1580
4834,1890
4835,2100
4836,3960
4837,4860
4838,4500
4839,3180
4840,3260
4841,3850
4842,4590
4843,2970
4844,2690
4845,2310
4846,2560
4847,2790
4848,3250
4849,4510
4850,2100
4851,1640
4852,1600
4853,1670
4854,1200
4855,1490
4856,1210
4857,1590
4858,1750
4859,2540
4860,2840
4861,4320
4862,5290
4863,5460
4864,5280
4865,4670
4866,4710
4867,3220
4868,3190
4869,3080
4870,3110
4871,2910
4872,2420
4873,2080
4874,1830
4875,1550
4876,1620
4877,1580
4878,1270
4879,1210
4880,1540
4881,2100
4882,2530
4883,3030
4884,3660
4885,5390
4886,6010
4887,8280
4888,5880
4889,5220
4890,4850
4891,4170
4892,3680
4893,3510
4894,2830
4895,2570
4896,2590
4897,3890
4898,1700
4899,1490
4900,1670
4901,1230
4902,1440
4903,1190
4904,1210
4905,1570
4906,1740
4907,1980
4908,2630
4909,2650
4910,2660
4911,2290
4912,2830
4913,2940
4914,2400
4915,5520
4916,4510
4917,3140
4918,2830
4919,2890
4920,3440
4921,1970
4922,1810
4923,1690
4924,1250
4925,1650
4926,1170
4927,1110
4928,1110
4929,1350
4930,1770
4931,3350
4932,3980
4933,4400
4934,5040
4935,4810
4936,4400
4937,4890
4938,4420
4939,3590
4940,2700
4941,2670
4942,2560
4943,2530
4944,2490
4945,1930
4946,1680
4947,1560
4948,1470
4949,1590
4950,1220
4951,1660
4952,1270
4953,1610
4954,1930
4955,2210
4956,2480
4957,2580
4958,3030
4959,2560
4960,2920
4961,2870
4962,3000
4963,2850
4964,2570
4965,2410
4966,2600
4967,2010
4968,1640
4969,1600
4970,1240
4971,1380
4972,1120
4973,1200
4974,1070
4975,1110
4976,1060
4977,1320
4978,1650
4979,1930
4980,2360
4981,2790
4982,3230
4983,3230
4984,3440
4985,5330
4986,2990
4987,2760
4988,2570
4989,2450
4990,2410
4991,2310
4992,1840
4993,1560
4994,1530
4995,1540
4996,1160
4997,1360
4998,1030
4999,1760
5000,1740
5001,1640
5002,1710
5003,2850
5004,3430
5005,3850
5006,3610
5007,3570
5008,3140
5009,3120
5010,3400
5011,2700
5012,2590
5013,2660
5014,2610
5015,2580
5016,2110
5017,1930
5018,1730
5019,1460
5020,1620
5021,1600
5022,1210
5023,1890
5024,1350
5025,1520
5026,1860
5027,2040
5028,3660
5029,3110
5030,4230
5031,4100
5032,2830
5033,2360
5034,2670
5035,3850
5036,3230
5037,3120
5038,2280
5039,2280
5040,2080
5041,2020
5042,1880
5043,1380
5044,1450
5045,1120
5046,1050
5047,740
5048,1210
5049,1360
5050,1790
5051,3130
5052,2770
5053,2850
5054,2600
5055,2650
5056,2340
5057,2670
5058,3350
5059,2650
5060,2800
5061,2580
5062,2380
5063,2250
5064,1790
5065,2080
5066,1240
5067,1160
5068,770
5069,400
5070,440
5071,740
5072,1060
5073,1090
5074,1260
5075,1950
5076,2550
5077,2630
5078,2650
5079,2680
5080,2770
5081,2770
5082,2760
5083,2720
5084,2370
5085,2230
5086,2320
5087,3850
5088,2340
5089,1520
5090,1210
5091,1120
5092,1080
5093,750
5094,1040
5095,870
5096,1110
5097,1720
5098,1730
5099,2030
5100,2340
5101,2690
5102,2860
5103,3090
5104,2840
5105,2900
5106,4630
5107,2970
5108,2820
5109,3420
5110,3100
5111,2170
5112,1790
5113,1670
5114,1600
5115,1570
5116,1200
5117,1390
5118,1140
5119,1120
5120,1220
5121,1530
5122,1450
5123,2120
5124,1900
5125,2040
5126,2100
5127,2210
5128,2210
5129,2490
5130,4890
5131,2990
5132,2680
5133,3440
5134,3220
5135,2660
5136,1810
5137,1810
5138,1340
5139,1370
5140,1110
5141,1020
5142,1000
5143,900
5144,1240
5145,2120
5146,1710
5147,2130
5148,2420
5149,2680
5150,2960
5151,2790
5152,3010
5153,3940
5154,3250
5155,2970
5156,2830
5157,2370
5158,1970
5159,1780
5160,1750
5161,1340
5162,1630
5163,1170
5164,1160
5165,1190
5166,1110
5167,860
5168,1150
5169,1620
5170,1580
5171,1770
5172,1840
5173,2180
5174,2590
5175,2790
5176,2910
5177,3030
5178,3110
5179,3230
5180,4020
5181,2990
5182,3150
5183,2260
5184,1740
5185,1930
5186,4470
5187,1880
5188,1200
5189,1460
5190,1130
5191,1130
5192,1250
5193,1400
5194,2890
5195,2270
5196,2730
5197,5320
5198,2810
5199,2800
5200,2810
5201,3930
5202,3060
5203,2550
5204,3640
5205,3790
5206,2650
5207,2150
5208,1620
5209,1680
5210,1300
5211,1490
5212,1200
5213,1160
5214,1100
5215,760
5216,1380
5217,1300
5218,1870
5219,2170
5220,2430
5221,2680
5222,2620
5223,2760
5224,2890
5225,2770
5226,2580
5227,2390
5228,2330
5229,2110
5230,2030
5231,1990
5232,2030
5233,1980
5234,1630
5235,1790
5236,1680
5237,1370
5238,1230
5239,1230
5240,1670
5241,1860
5242,1710
5243,1730
5244,1340
5245,2160
5246,2110
5247,2410
5248,2400
5249,2330
5250,2060
5251,1880
5252,1800
5253,2090
5254,1950
5255,1630
5256,2020
5257,1970
5258,4170
5259,3070
5260,1500
5261,1810
5262,1280
5263,1330
5264,1540
5265,1220
5266,2370
5267,1450
5268,1840
5269,1810
5270,1680
5271,1790
5272,1930
5273,1990
5274,2740
5275,2430
5276,2130
5277,2380
5278,2190
5279,1860
5280,1830
5281,1720
5282,1700
5283,1380
5284,1460
5285,1130
5286,1070
5287,1170
5288,1480
5289,1200
5290,1200
5291,1180
5292,1310
5293,1610
5294,1660
5295,1990
5296,2050
5297,3030
5298,2970
5299,2020
5300,1940
5301,1940
5302,1960
5303,1780
5304,1530
5305,1620
5306,1740
5307,1530
5308,1210
5309,1180
5310,1210
5311,1200
5312,1290
5313,1250
5314,1260
5315,1460
5316,1850
5317,1990
5318,1990
5319,2120
5320,2130
5321,2080
5322,2290
5323,2620
5324,2290
5325,2020
5326,2010
5327,1890
5328,1170
5329,1440
5330,1210
5331,1190
5332,1140
5333,1110
5334,1140
5335,1070
5336,790
5337,2790
5338,4810
5339,2740
5340,3200
5341,3350
5342,3690
5343,3720
5344,2520
5345,5170
5346,2160
5347,3750
5348,4380
5349,2600
5350,2410
5351,2170
5352,2400
5353,1990
5354,1270
5355,1750
5356,1270
5357,1580
5358,1160
5359,1460
5360,1420
5361,1620
5362,1570
5363,2090
5364,2420
5365,2740
5366,2860
5367,4280
5368,4170
5369,4010
5370,3190
5371,2720
5372,2270
5373,2360
5374,2040
5375,1820
5376,2040
5377,1920
5378,1770
5379,1420
5380,1500
5381,1320
5382,1150
5383,1170
5384,1190
5385,1240
5386,1690
5387,2100
5388,2370
5389,2570
5390,2750
5391,3070
5392,3040
5393,3160
5394,3000
5395,2950
5396,2910
5397,2640
5398,2210
5399,2170
5400,4110
5401,2570
5402,1990
5403,1980
5404,2000
5405,1970
5406,1680
5407,1840
5408,2120
5409,2200
5410,2240
5411,2600
5412,2590
5413,2650
5414,2920
5415,3010
5416,2590
5417,2500
5418,2080
5419,2150
5420,2170
5421,2280
5422,2330
5423,2270
5424,1770
5425,1490
5426,1410
5427,1550
5428,1180
5429,1490
5430,1280
5431,1480
5432,1660
5433,1480
5434,1800
5435,2140
5436,2750
5437,3020
5438,3520
5439,4290
5440,4750
5441,4540
5442,4610
5443,5480
5444,4630
5445,3290
5446,2480
5447,1920
5448,1830
5449,1700
5450,1660
5451,1400
5452,1430
5453,1440
5454,1340
5455,1420
5456,1600
5457,1600
5458,2060
5459,2180
5460,2440
5461,2960
5462,3260
5463,4350
5464,5240
5465,4770
5466,4480
5467,3980
5468,3170
5469,3110
5470,2990
5471,2060
5472,1870
5473,2050
5474,1910
5475,1750
5476,1660
5477,1570
5478,1450
5479,1920
5480,1890
5481,1980
5482,2250
5483,2670
5484,3110
5485,3560
5486,3580
5487,3390
5488,3830
5489,3820
5490,3330
5491,3820
5492,3050
5493,3460
5494,3180
5495,2230
5496,2100
5497,1900
5498,1770
5499,1730
5500,1650
5501,1560
5502,1230
5503,1830
5504,1550
5505,1410
5506,1530
5507,2440
5508,2500
5509,2970
5510,3020
5511,2950
5512,2990
5513,3080
5514,4340
5515,3930
5516,3780
5517,2940
5518,2570
5519,2110
5520,1960
5521,1760
5522,1580
5523,1250
5524,1430
5525,1390
5526,1080
5527,1120
5528,1540
5529,1700
5530,2190
5531,2470
5532,2830
5533,5830
5534,3970
5535,3940
5536,3920
5537,3520
5538,3330
5539,3000
5540,4870
5541,3940
5542,3460
5543,3030
5544,1870
5545,1760
5546,1670
5547,1560
5548,1220
5549,1500
5550,1350
5551,1250
5552,1200
5553,1950
5554,2710
5555,3090
5556,2710
5557,3070
5558,3090
5559,3320
5560,3410
5561,3430
5562,3340
5563,3150
5564,3430
5565,2640
5566,3750
5567,2530
5568,1660
5569,1690
5570,1720
5571,1650
5572,1470
5573,1270
5574,1600
5575,1540
5576,1590
5577,1760
5578,1750
5579,2480
5580,2930
5581,4600
5582,4760
5583,4620
5584,3750
5585,3780
5586,3150
5587,3100
5588,3070
5589,2790
5590,2310
5591,2130
5592,1800
5593,1710
5594,1690
5595,1440
5596,1410
5597,1580
5598,1150
5599,1220
5600,1300
5601,1440
5602,1850
5603,2460
5604,3330
5605,5010
5606,4680
5607,5020
5608,5020
5609,4590
5610,4600
5611,4050
5612,3110
5613,3010
5614,2930
5615,1890
5616,1810
5617,1720
5618,1670
5619,1540
5620,1520
5621,1490
5622,1160
5623,1720
5624,1430
5625,1640
5626,1810
5627,2380
5628,2730
5629,2990
5630,2910
5631,3490
5632,3450
5633,3740
5634,4000
5635,3350
5636,3100
5637,2970
5638,2290
5639,1970
5640,1780
5641,1560
5642,1470
5643,1570
5644,1110
5645,1140
5646,1120
5647,1310
5648,1500
5649,1090
5650,1580
5651,1700
5652,1940
5653,2200
5654,2800
5655,2930
5656,2650
5657,2460
5658,3460
5659,2920
5660,2750
5661,2740
5662,2040
5663,1530
5664,1450
5665,1670
5666,1130
5667,1130
5668,1100
5669,1040
5670,1040
5671,1300
5672,1080
5673,950
5674,1070
5675,1590
5676,1780
5677,1850
5678,2490
5679,3390
5680,3690
5681,3750
5682,3380
5683,2360
5684,2170
5685,2200
5686,1890
5687,1490
5688,1380
5689,1150
5690,1350
5691,1010
5692,980
5693,1020
5694,940
5695,890
5696,960
5697,830
5698,1240
5699,1440
5700,2010
5701,1870
5702,2660
5703,2670
5704,2760
5705,2670
5706,2640
5707,2510
5708,2370
5709,2200
5710,1970
5711,1720
5712,1370
5713,1460
5714,1150
5715,1030
5716,1010
5717,700
5718,1030
5719,660
5720,830
5721,1530
5722,1150
5723,1600
5724,1750
5725,1870
5726,1890
5727,1890
5728,1850
5729,1800
5730,1690
5731,2550
5732,2000
5733,2450
5734,1700
5735,5720
5736,2380
5737,1410
5738,1080
5739,970
5740,660
5741,680
5742,430
5743,920
5744,1020
5745,990
5746,970
5747,1180
5748,1320
5749,1500
5750,1390
5751,1210
5752,2490
5753,2680
5754,1770
5755,3750
5756,4000
5757,2800
5758,1860
5759,1340
5760,1040
5761,1150
5762,1220
5763,1250
5764,870
5765,930
5766,770
5767,1550
5768,1400
5769,1250
5770,1670
5771,1490
5772,1760
5773,2040
5774,2210
5775,2270
5776,2450
5777,2700
5778,2370
5779,2470
5780,2180
5781,1640
5782,1340
5783,1010
5784,1080
5785,980
5786,700
5787,720
5788,450
5789,670
5790,700
5791,920
5792,1110
5793,1110
5794,1180
5795,870
5796,1400
5797,1560
5798,1520
5799,1780
5800,1350
5801,2110
5802,2130
5803,1920
5804,1910
5805,2140
5806,1540
5807,1370
5808,1150
5809,750
5810,1110
5811,680
5812,740
5813,500
5814,670
5815,970
5816,1050
5817,930
5818,600
5819,880
5820,590
5821,890
5822,600
5823,850
5824,800
5825,1340
5826,1290
5827,3150
5828,2010
5829,1550
5830,1450
5831,1400
5832,1130
5833,720
5834,710
5835,920
5836,740
5837,690
5838,360
5839,1180
5840,1250
5841,1090
5842,1060
5843,1070
5844,1140
5845,1190
5846,1670
5847,1180
5848,2090
5849,1990
5850,2080
5851,1860
5852,2140
5853,2240
5854,1870
5855,1450
5856,1340
5857,1360
5858,810
5859,350
5860,380
5861,380
5862,320
5863,330
5864,500
5865,950
5866,1150
5867,1340
5868,2180
5869,2230
5870,2160
5871,2270
5872,1970
5873,1840
5874,1820
5875,1920
5876,2140
5877,2000
5878,1470
5879,1700
5880,1120
5881,750
5882,450
5883,390
5884,410
5885,410
5886,390
5887,370
5888,380
5889,590
5890,1100
5891,1830
5892,1440
5893,1590
5894,1730
5895,1740
5896,1690
5897,1590
5898,1330
5899,1720
5900,1870
5901,2060
5902,1880
5903,1480
5904,1390
5905,840
5906,420
5907,410
5908,390
5909,350
5910,370
5911,490
5912,360
5913,400
5914,1310
5915,2110
5916,3240
5917,3800
5918,3920
5919,2950
5920,2950
5921,3650
5922,3600
5923,2770
5924,2370
5925,2030
5926,1740
5927,1200
5928,1090
5929,790
5930,850
5931,430
5932,460
5933,430
5934,430
5935,950
5936,1150
5937,740
5938,1090
5939,1740
5940,1960
5941,2230
5942,2290
5943,2390
5944,3100
5945,2550
5946,2360
5947,2180
5948,2290
5949,2010
5950,1290
5951,1030
5952,980
5953,1090
5954,670
5955,690
5956,660
5957,340
5958,650
5959,930
5960,1150
5961,1070
5962,710
5963,730
5964,720
5965,750
5966,810
5967,660
5968,1070
5969,1260
5970,1070
5971,1250
5972,840
5973,1350
5974,1450
5975,950
5976,710
5977,390
5978,350
5979,360
5980,350
5981,480
5982,340
5983,380
5984,400
5985,520
5986,310
5987,630
5988,1010
5989,1230
5990,1260
5991,1250
5992,1960
5993,1550
5994,3140
5995,2250
5996,1550
5997,1290
5998,970
5999,370
6000,350
6001,360
6002,360
6003,350
6004,330
6005,320
6006,340
6007,720
6008,420
6009,410
6010,440
6011,1360
6012,1140
6013,1550
6014,1250
6015,1670
6016,1490
6017,1920
6018,1750
6019,2220
6020,2110
6021,1930
6022,1500
6023,1310
6024,1350
6025,600
6026,740
6027,430
6028,410
6029,410
6030,410
6031,570
6032,810
6033,810
6034,1260
6035,1310
6036,1350
6037,1910
6038,2080
6039,1770
6040,1730
6041,1950
6042,2010
6043,1630
6044,1870
6045,1850
6046,2020
6047,1530
6048,900
6049,400
6050,380
6051,380
6052,400
6053,400
6054,410
6055,450
6056,440
6057,680
6058,1220
6059,1550
6060,4060
6061,850
6062,900
6063,1170
6064,830
6065,1300
6066,1450
6067,1610
6068,1400
6069,1590
6070,1420
6071,3360
6072,740
6073,470
6074,500
6075,450
6076,390
6077,390
6078,420
6079,410
6080,460
6081,450
6082,460
6083,480
6084,770
6085,860
6086,820
6087,870
6088,810
6089,600
6090,660
6091,720
6092,720
6093,540
6094,470
6095,490
6096,500
6097,470
6098,460
6099,430
6100,480
6101,530
6102,420
6103,470
6104,450
6105,450
6106,440
6107,720
6108,730
6109,1990
6110,1210
6111,1320
6112,1080
6113,700
6114,740
6115,1430
6116,1210
6117,1200
6118,1180
6119,1000
6120,710
6121,410
6122,370
6123,330
6124,350
6125,400
6126,310
6127,640
6128,420
6129,360
6130,270
6131,550
6132,920
6133,1210
6134,1210
6135,1430
6136,1530
6137,2200
6138,1880
6139,1660
6140,1870
6141,2000
6142,1400
6143,860
6144,710
6145,380
6146,340
6147,320
6148,310
6149,330
6150,350
6151,860
6152,670
6153,870
6154,570
6155,1040
6156,1030
6157,1050
6158,1170
6159,1900
6160,3130
6161,2860
6162,2490
6163,1860
6164,1930
6165,1850
6166,1220
6167,920
6168,900
6169,740
6170,440
6171,400
6172,370
6173,420
6174,480
6175,620
6176,360
6177,550
6178,850
6179,1310
6180,1760
6181,2000
6182,1970
6183,1890
6184,1820
6185,1880
6186,2020
6187,1910
6188,2030
6189,1830
6190,1480
6191,1440
6192,1400
6193,1360
6194,1250
6195,730
6196,450
6197,400
6198,330
6199,330
6200,670
6201,910
6202,1660
6203,1770
6204,2370
6205,2620
6206,2770
6207,2630
6208,2600
6209,2680
6210,2500
6211,2810
6212,2280
6213,2070
6214,1960
6215,1120
6216,1070
6217,830
6218,840
6219,360
6220,350
6221,340
6222,310
6223,300
6224,330
6225,1440
6226,2970
6227,3500
6228,3740
6229,3910
6230,3940
6231,4470
6232,4250
6233,3280
6234,2830
6235,2450
6236,2430
6237,2130
6238,1520
6239,1250
6240,1070
6241,990
6242,620
6243,620
6244,640
6245,400
6246,380
6247,540
6248,1030
6249,760
6250,1090
6251,1600
6252,1840
6253,1880
6254,1990
6255,2210
6256,2760
6257,2690
6258,2940
6259,3190
6260,2340
6261,2140
6262,1920
6263,1470
6264,1290
6265,1070
6266,1040
6267,1000
6268,690
6269,1060
6270,640
6271,890
6272,740
6273,940
6274,1060
6275,1410
6276,1610
6277,1990
6278,2350
6279,2450
6280,2690
6281,2690
6282,3330
6283,3270
6284,2480
6285,2190
6286,1810
6287,1440
6288,990
6289,1070
6290,960
6291,950
6292,930
6293,610
6294,600
6295,830
6296,1160
6297,1130
6298,1130
6299,1720
6300,2040
6301,2690
6302,2530
6303,2600
6304,2870
6305,3190
6306,2870
6307,2510
6308,2370
6309,2120
6310,1920
6311,1520
6312,1040
6313,980
6314,970
6315,960
6316,650
6317,610
6318,620
6319,950
6320,800
6321,760
6322,1180
6323,1870
6324,2350
6325,2670
6326,2690
6327,2540
6328,2470
6329,2450
6330,2730
6331,2250
6332,2090
6333,2090
6334,1620
6335,1170
6336,1470
6337,1030
6338,990
6339,970
6340,990
6341,980
6342,690
6343,2190
6344,1670
6345,1100
6346,1570
6347,1850
6348,2050
6349,2370
6350,2400
6351,2870
6352,2930
6353,2440
6354,2310
6355,2210
6356,1790
6357,1710
6358,2030
6359,1810
6360,1750
6361,1790
6362,1500
6363,1230
6364,760
6365,910
6366,690
6367,660
6368,350
6369,930
6370,1430
6371,2330
6372,2320
6373,2550
6374,2300
6375,2860
6376,2740
6377,2760
6378,2730
6379,2420
6380,2080
6381,1770
6382,1950
6383,1560
6384,1830
6385,1570
6386,1730
6387,1090
6388,930
6389,900
6390,700
6391,620
6392,600
6393,940
6394,1690
6395,1840
6396,2650
6397,3300
6398,2800
6399,2490
6400,2370
6401,3090
6402,3760
6403,5080
6404,4420
6405,2410
6406,4240
6407,1480
6408,1410
6409,990
6410,1280
6411,1030
6412,810
6413,740
6414,920
6415,760
6416,630
6417,1140
6418,1470
6419,1760
6420,2400
6421,2540
6422,2850
6423,2970
6424,3030
6425,2970
6426,3400
6427,4650
6428,3380
6429,2280
6430,2060
6431,1840
6432,1200
6433,1400
6434,980
6435,960
6436,970
6437,660
6438,940
6439,1020
6440,1160
6441,1010
6442,1050
6443,1580
6444,1960
6445,2300
6446,2460
6447,2610
6448,2800
6449,3400
6450,2920
6451,2360
6452,2150
6453,1970
6454,1880
6455,1470
6456,1140
6457,1020
6458,1010
6459,960
6460,630
6461,950
6462,400
6463,1040
6464,1380
6465,960
6466,1030
6467,1850
6468,2040
6469,2560
6470,2720
6471,2730
6472,2720
6473,2920
6474,2750
6475,2520
6476,2310
6477,2200
6478,2020
6479,1580
6480,1460
6481,1020
6482,1020
6483,1060
6484,1000
6485,620
6486,310
6487,880
6488,1150
6489,1170
6490,1460
6491,1960
6492,2170
6493,2670
6494,3190
6495,3140
6496,3060
6497,2900
6498,2310
6499,2440
6500,2670
6501,2420
6502,2090
6503,1550
6504,1430
6505,1610
6506,1080
6507,1410
6508,1040
6509,990
6510,980
6511,1220
6512,1040
6513,960
6514,1000
6515,1590
6516,1820
6517,1950
6518,2110
6519,2170
6520,2690
6521,2580
6522,2320
6523,2370
6524,2840
6525,2440
6526,2300
6527,1730
6528,1740
6529,1340
6530,1310
6531,1040
6532,690
6533,980
6534,640
6535,630
6536,520
6537,1290
6538,1760
6539,1710
6540,2170
6541,2350
6542,2390
6543,2450
6544,2350
6545,2460
6546,2410
6547,3470
6548,2210
6549,2020
6550,1460
6551,790
6552,650
6553,360
6554,370
6555,350
6556,320
6557,330
6558,350
6559,360
6560,600
6561,540
6562,570
6563,500
6564,580
6565,570
6566,700
6567,660
6568,920
6569,1060
6570,1050
6571,1210
6572,930
6573,580
6574,560
6575,480
6576,420
6577,400
6578,400
6579,360
6580,360
6581,370
6582,410
6583,660
6584,410
6585,350
6586,320
6587,290
6588,650
6589,1020
6590,1330
6591,1240
6592,1640
6593,2160
6594,1700
6595,1870
6596,1610
6597,3600
6598,1370
6599,770
6600,630
6601,370
6602,360
6603,340
6604,330
6605,350
6606,370
6607,640
6608,350
6609,210
6610,480
6611,750
6612,1260
6613,1320
6614,1290
6615,1470
6616,1480
6617,1800
6618,1830
6619,1730
6620,1940
6621,1660
6622,1380
6623,1540
6624,1450
6625,1200
6626,1290
6627,1110
6628,450
6629,340
6630,440
6631,630
6632,390
6633,320
6634,670
6635,1080
6636,1570
6637,1440
6638,1700
6639,1680
6640,1660
6641,1810
6642,2340
6643,1670
6644,1930
6645,1690
6646,830
6647,500
6648,440
6649,400
6650,380
6651,420
6652,410
6653,400
6654,400
6655,590
6656,390
6657,340
6658,320
6659,650
6660,1110
6661,1630
6662,1490
6663,1570
6664,1700
6665,1730
6666,2110
6667,2310
6668,2320
6669,1700
6670,1780
6671,1260
6672,970
6673,730
6674,380
6675,440
6676,390
6677,360
6678,420
6679,760
6680,350
6681,390
6682,710
6683,1020
6684,1430
6685,1580
6686,1680
6687,2040
6688,2700
6689,2430
6690,2330
6691,2320
6692,2210
6693,2130
6694,1750
6695,2130
6696,1080
6697,1010
6698,980
6699,660
6700,650
6701,650
6702,670
6703,730
6704,1000
6705,1040
6706,1510
6707,1690
6708,1830
6709,2390
6710,2440
6711,2560
6712,2420
6713,2570
6714,3340
6715,2290
6716,2200
6717,2120
6718,1960
6719,2090
6720,1270
6721,1180
6722,1070
6723,840
6724,680
6725,920
6726,900
6727,580
6728,880
6729,1000
6730,1620
6731,1890
6732,2020
6733,2240
6734,2170
6735,2930
6736,2330
6737,2220
6738,2050
6739,1930
6740,1950
6741,1910
6742,1790
6743,1470
6744,1090
6745,1190
6746,1110
6747,990
6748,990
6749,970
6750,960
6751,1190
6752,1480
6753,930
6754,910
6755,1020
6756,1330
6757,1230
6758,1600
6759,1900
6760,2190
6761,3110
6762,2270
6763,2070
6764,2180
6765,2180
6766,1710
6767,1200
6768,1200
6769,970
6770,970
6771,940
6772,930
6773,910
6774,980
6775,1350
6776,1070
6777,1150
6778,1150
6779,920
6780,2310
6781,1550
6782,1650
6783,1780
6784,2140
6785,2200
6786,2210
6787,2250
6788,2210
6789,2350
6790,2690
6791,2080
6792,1710
6793,1560
6794,1620
6795,1550
6796,1360
6797,1260
6798,1240
6799,1870
6800,1390
6801,1330
6802,1360
6803,1800
6804,1970
6805,2390
6806,2520
6807,2770
6808,2940
6809,2740
6810,2560
6811,2830
6812,2900
6813,2700
6814,1790
6815,1520
6816,1070
6817,1110
6818,1110
6819,950
6820,620
6821,780
6822,430
6823,1060
6824,1030
6825,1210
6826,1130
6827,1560
6828,1810
6829,1950
6830,2020
6831,2650
6832,2620
6833,2610
6834,2390
6835,2440
6836,2380
6837,2210
6838,1950
6839,1550
6840,1500
6841,1110
6842,1120
6843,1090
6844,1030
6845,1010
6846,760
6847,1260
6848,1090
6849,720
6850,1140
6851,750
6852,1080
6853,1260
6854,1000
6855,1120
6856,2250
6857,1500
6858,1880
6859,2030
6860,1630
6861,1740
6862,1570
6863,1290
6864,970
6865,650
6866,690
6867,320
6868,300
6869,630
6870,340
6871,320
6872,1080
6873,670
6874,1060
6875,1070
6876,1720
6877,1990
6878,1850
6879,2190
6880,3280
6881,2490
6882,2290
6883,2150
6884,2080
6885,2100
6886,1550
6887,1720
6888,1120
6889,660
6890,610
6891,650
6892,360
6893,320
6894,300
6895,350
6896,430
6897,810
6898,940
6899,1410
6900,1580
6901,2170
6902,1960
6903,1810
6904,1980
6905,1790
6906,1820
6907,3060
6908,4160
6909,2340
6910,2040
6911,1120
6912,1260
6913,790
6914,1020
6915,950
6916,630
6917,730
6918,710
6919,800
6920,640
6921,300
6922,240
6923,860
6924,290
6925,870
6926,550
6927,660
6928,720
6929,1960
6930,1550
6931,1030
6932,1090
6933,770
6934,940
6935,600
6936,570
6937,510
6938,360
6939,350
6940,330
6941,370
6942,400
6943,560
6944,260
6945,260
6946,280
6947,240
6948,230
6949,330
6950,380
6951,420
6952,630
6953,830
6954,910
6955,1000
6956,920
6957,920
6958,350
6959,340
6960,350
6961,300
6962,300
6963,350
6964,340
6965,320
6966,320
6967,520
6968,780
6969,780
6970,1190
6971,990
6972,1520
6973,840
6974,740
6975,480
6976,620
6977,820
6978,890
6979,540
6980,720
6981,890
6982,880
6983,890
6984,890
6985,700
6986,520
6987,370
6988,320
6989,300
6990,340
6991,330
6992,390
6993,290
6994,320
6995,340
6996,550
6997,870
6998,520
6999,310
7000,320
7001,360
7002,560
7003,910
7004,770
7005,2050
7006,850
7007,900
7008,740
7009,350
7010,320
7011,350
7012,330
7013,320
7014,300
7015,370
7016,330
7017,560
7018,340
7019,370
7020,440
7021,520
7022,680
7023,900
7024,1860
7025,1580
7026,1300
7027,1270
7028,1170
7029,1020
7030,710
7031,630
7032,590
7033,550
7034,520
7035,500
7036,460
7037,470
7038,490
7039,680
7040,580
7041,380
7042,430
7043,430
7044,420
7045,400
7046,410
7047,1350
7048,2190
7049,1090
7050,1200
7051,760
7052,730
7053,1000
7054,830
7055,830
7056,600
7057,440
7058,410
7059,390
7060,380
7061,410
7062,400
7063,370
7064,370
7065,400
7066,520
7067,680
7068,330
7069,300
7070,320
7071,1140
7072,650
7073,640
7074,750
7075,1050
7076,930
7077,1010
7078,670
7079,980
7080,980
7081,550
7082,410
7083,430
7084,400
7085,380
7086,470
7087,650
7088,410
7089,560
7090,380
7091,330
7092,530
7093,470
7094,400
7095,860
7096,1340
7097,970
7098,630
7099,660
7100,1200
7101,1280
7102,710
7103,440
7104,460
7105,440
7106,380
7107,390
7108,410
7109,410
7110,410
7111,840
7112,370
7113,350
7114,320
7115,320
7116,410
7117,440
7118,430
7119,460
7120,670
7121,450
7122,370
7123,340
7124,320
7125,510
7126,480
7127,430
7128,390
7129,360
7130,370
7131,400
7132,390
7133,380
7134,380
7135,690
7136,500
7137,420
7138,380
7139,400
7140,420
7141,420
7142,420
7143,420
7144,660
7145,720
7146,460
7147,370
7148,880
7149,890
7150,680
7151,780
7152,540
7153,510
7154,470
7155,450
7156,390
7157,390
7158,430
7159,690
7160,350
7161,370
7162,360
7163,330
7164,400
7165,430
7166,380
7167,340
7168,640
7169,410
7170,580
7171,660
7172,1960
7173,930
7174,860
7175,700
7176,570
7177,520
7178,540
7179,540
7180,530
7181,600
7182,550
7183,840
7184,340
7185,440
7186,420
7187,300
7188,480
7189,390
7190,300
7191,400
7192,790
7193,750
7194,710
7195,1120
7196,1290
7197,1070
7198,910
7199,650
7200,750
7201,630
7202,430
7203,450
7204,400
7205,400
7206,430
7207,440
7208,420
7209,410
7210,570
7211,930
7212,710
7213,740
7214,1010
7215,1100
7216,1110
7217,970
7218,2120
7219,810
7220,940
7221,1220
7222,1000
7223,910
7224,970
7225,620
7226,660
7227,550
7228,390
7229,470
7230,420
7231,510
7232,490
7233,470
7234,970
7235,460
7236,2650
7237,3490
7238,1190
7239,980
7240,700
7241,750
7242,1460
7243,1590
7244,980
7245,840
7246,850
7247,1060
7248,670
7249,510
7250,470
7251,490
7252,480
7253,490
7254,490
7255,890
7256,700
7257,610
7258,610
7259,790
7260,920
7261,880
7262,980
7263,1380
7264,1570
7265,1260
7266,840
7267,930
7268,920
7269,830
7270,1020
7271,660
7272,540
7273,690
7274,660
7275,630
7276,590
7277,670
7278,560
7279,1030
7280,510
7281,560
7282,500
7283,500
7284,360
7285,480
7286,390
7287,440
7288,760
7289,620
7290,890
7291,1010
7292,820
7293,780
7294,820
7295,670
7296,640
7297,470
7298,500
7299,480
7300,490
7301,500
7302,520
7303,750
7304,470
7305,390
7306,560
7307,420
7308,490
7309,400
7310,390
7311,380
7312,620
7313,1010
7314,910
7315,940
7316,770
7317,770
7318,440
7319,410
7320,400
7321,370
7322,340
7323,350
7324,370
7325,370
7326,390
7327,570
7328,340
7329,300
7330,400
7331,300
7332,310
7333,300
7334,720
7335,460
7336,380
7337,580
7338,610
7339,1550
7340,1300
7341,880
7342,690
7343,410
7344,400
7345,380
7346,360
7347,340
7348,350
7349,370
7350,390
7351,2560
7352,640
7353,480
7354,400
7355,400
7356,410
7357,430
7358,430
7359,390
7360,350
7361,930
7362,740
7363,1590
7364,3450
7365,2850
7366,2190
7367,1990
7368,1490
7369,1420
7370,1150
7371,430
7372,720
7373,410
7374,460
7375,680
7376,620
7377,900
7378,420
7379,770
7380,1240
7381,1170
7382,1080
7383,1090
7384,1020
7385,850
7386,840
7387,600
7388,690
7389,570
7390,1160
7391,1040
7392,760
7393,540
7394,540
7395,510
7396,470
7397,490
7398,520
7399,500
7400,530
7401,480
7402,380
7403,520
7404,540
7405,690
7406,980
7407,480
7408,410
7409,440
7410,400
7411,390
7412,740
7413,1000
7414,850
7415,880
7416,660
7417,970
7418,950
7419,850
7420,760
7421,840
7422,710
7423,730
7424,1040
7425,650
7426,900
7427,1010
7428,900
7429,770
7430,830
7431,970
7432,1310
7433,1110
7434,1030
7435,1050
7436,3070
7437,3220
7438,2470
7439,5020
7440,1800
7441,2810
7442,1100
7443,380
7444,320
7445,330
7446,350
7447,370
7448,560
7449,300
7450,250
7451,290
7452,360
7453,360
7454,380
7455,400
7456,350
7457,610
7458,920
7459,1110
7460,760
7461,680
7462,670
7463,680
7464,490
7465,450
7466,480
7467,470
7468,430
7469,430
7470,450
7471,470
7472,730
7473,450
7474,370
7475,390
7476,360
7477,530
7478,490
7479,400
7480,390
7481,510
7482,2030
7483,2570
7484,2100
7485,1430
7486,860
7487,1420
7488,940
7489,550
7490,500
7491,580
7492,460
7493,410
7494,460
7495,470
7496,690
7497,480
7498,470
7499,480
7500,460
7501,440
7502,440
7503,480
7504,1060
7505,1450
7506,1380
7507,1530
7508,1190
7509,870
7510,520
7511,500
7512,500
7513,670
7514,790
7515,630
7516,520
7517,520
7518,550
7519,520
7520,870
7521,340
7522,320
7523,350
7524,350
7525,410
7526,440
7527,460
7528,440
7529,560
7530,730
7531,1110
7532,490
7533,540
7534,540
7535,450
7536,380
7537,340
7538,330
7539,340
7540,340
7541,340
7542,320
7543,310
7544,330
7545,520
7546,640
7547,840
7548,770
7549,690
7550,720
7551,840
7552,730
7553,890
7554,1530
7555,1150
7556,850
7557,870
7558,1020
7559,730
7560,700
7561,580
7562,450
7563,400
7564,370
7565,350
7566,330
7567,330
7568,350
7569,360
7570,350
7571,640
7572,990
7573,1670
7574,2250
7575,1890
7576,2170
7577,3080
7578,2310
7579,2780
7580,1610
7581,1880
7582,920
7583,650
7584,340
7585,470
7586,350
7587,370
7588,410
7589,320
7590,310
7591,340
7592,560
7593,390
7594,240
7595,260
7596,280
7597,280
7598,300
7599,360
7600,330
7601,940
7602,1250
7603,2370
7604,1700
7605,1120
7606,1240
7607,910
7608,730
7609,690
7610,700
7611,700
7612,780
7613,690
7614,680
7615,710
7616,1010
7617,500
7618,440
7619,430
7620,480
7621,560
7622,340
7623,340
7624,450
7625,1200
7626,720
7627,640
7628,580
7629,710
7630,580
7631,550
7632,440
7633,410
7634,400
7635,390
7636,430
7637,430
7638,400
7639,410
7640,680
7641,390
7642,320
7643,310
7644,320
7645,330
7646,460
7647,350
7648,660
7649,980
7650,890
7651,860
7652,820
7653,850
7654,770
7655,670
7656,350
7657,340
7658,320
7659,320
7660,320
7661,320
7662,310
7663,360
7664,670
7665,630
7666,810
7667,490
7668,390
7669,450
7670,760
7671,640
7672,1300
7673,480
7674,700
7675,670
7676,790
7677,810
7678,760
7679,340
7680,340
7681,500
7682,600
7683,480
7684,390
7685,390
7686,410
7687,390
7688,650
7689,260
7690,240
7691,270
7692,260
7693,310
7694,330
7695,340
7696,340
7697,420
7698,560
7699,840
7700,370
7701,400
7702,410
7703,340
7704,290
7705,330
7706,320
7707,340
7708,320
7709,300
7710,300
7711,300
7712,340
7713,2210
7714,780
7715,730
7716,740
7717,590
7718,380
7719,390
7720,690
7721,1460
7722,900
7723,1340
7724,840
7725,720
7726,690
7727,660
7728,680
7729,620
7730,520
7731,340
7732,350
7733,330
7734,310
7735,300
7736,320
7737,580
7738,260
7739,260
7740,670
7741,1620
7742,1220
7743,1060
7744,1680
7745,1470
7746,1490
7747,1060
7748,1740
7749,1000
7750,840
7751,680
7752,620
7753,410
7754,390
7755,410
7756,400
7757,400
7758,390
7759,430
7760,680
7761,400
7762,340
7763,320
7764,320
7765,400
7766,620
7767,340
7768,390
7769,1040
7770,2010
7771,1410
7772,1320
7773,1130
7774,720
7775,460
7776,450
7777,410
7778,460
7779,430
7780,410
7781,410
7782,410
7783,420
7784,740
7785,510
7786,430
7787,420
7788,420
7789,540
7790,410
7791,400
7792,620
7793,820
7794,1100
7795,1230
7796,870
7797,970
7798,800
7799,660
7800,450
7801,370
7802,310
7803,320
7804,330
7805,320
7806,320
7807,400
7808,340
7809,390
7810,430
7811,570
7812,290
7813,280
7814,280
7815,510
7816,250
7817,230
7818,580
7819,780
7820,640
7821,630
7822,1200
7823,470
7824,400
7825,250
7826,240
7827,250
7828,250
7829,250
7830,230
7831,220
7832,240
7833,380
7834,460
7835,610
7836,560
7837,500
7838,520
7839,610
7840,530
7841,640
7842,1110
7843,830
7844,620
7845,630
7846,740
7847,530
7848,410
7849,300
7850,300
7851,300
7852,310
7853,320
7854,310
7855,300
7856,310
7857,300
7858,320
7859,290
7860,300
7861,300
7862,310
7863,320
7864,330
7865,320
7866,310
7867,300
7868,300
7869,300
7870,690
7871,730
7872,710
7873,650
7874,420
7875,380
7876,370
7877,370
7878,360
7879,350
7880,410
7881,480
7882,420
7883,680
7884,730
7885,720
7886,590
7887,590
7888,1230
7889,840
7890,1580
7891,1130
7892,750
7893,750
7894,1030
7895,890
7896,760
7897,760
7898,440
7899,340
7900,320
7901,310
7902,330
7903,330
7904,330
7905,340
7906,330
7907,770
7908,280
7909,280
7910,290
7911,280
7912,280
7913,490
7914,690
7915,780
7916,730
7917,940
7918,770
7919,350
7920,330
7921,320
7922,310
7923,300
7924,290
7925,300
7926,290
7927,340
7928,830
7929,340
7930,250
7931,230
7932,230
7933,230
7934,500
7935,270
7936,350
7937,550
7938,430
7939,1370
7940,1130
7941,810
7942,1000
7943,470
7944,320
7945,310
7946,330
7947,320
7948,310
7949,310
7950,310
7951,340
7952,590
7953,260
7954,250
7955,240
7956,240
7957,300
7958,280
7959,230
7960,270
7961,690
7962,970
7963,860
7964,840
7965,840
7966,910
7967,490
7968,400
7969,460
7970,420
7971,390
7972,390
7973,360
7974,360
7975,390
7976,610
7977,450
7978,580
7979,560
7980,560
7981,590
7982,740
7983,840
7984,790
7985,910
7986,1220
7987,1350
7988,1460
7989,1830
7990,1670
7991,570
7992,340
7993,330
7994,310
7995,320
7996,300
7997,300
7998,440
7999,360
8000,620
8001,280
8002,250
8003,250
8004,250
8005,250
8006,250
8007,230
8008,230
8009,280
8010,480
8011,720
8012,640
8013,680
8014,2730
8015,2620
8016,3310
8017,3650
8018,740
8019,560
8020,440
8021,330
8022,300
8023,300
8024,480
8025,410
8026,290
8027,380
8028,280
8029,290
8030,310
8031,290
8032,280
8033,270
8034,270
8035,290
8036,310
8037,290
8038,280
8039,270
8040,270
8041,290
8042,300
8043,290
8044,290
8045,270
8046,270
8047,270
8048,280
8049,300
8050,280
8051,280
8052,280
8053,270
8054,270
8055,280
8056,280
8057,410
8058,270
8059,280
8060,290
8061,300
8062,290
8063,280
8064,270
8065,260
8066,270
8067,290
8068,280
8069,280
8070,280
8071,280
8072,270
8073,280
8074,260
8075,270
8076,280
8077,280
8078,280
8079,300
8080,280
8081,280
8082,270
8083,270
8084,270
8085,290
8086,280
8087,280
8088,280
8089,280
8090,280
8091,280
8092,260
8093,260
8094,260
8095,280
8096,270
8097,290
8098,270
8099,280
8100,280
8101,270
8102,270
8103,280
8104,270
8105,280
8106,280
8107,280
8108,280
8109,290
8110,280
8111,270
8112,260
8113,260
8114,260
8115,290
8116,280
8117,280
8118,280
8119,280
8120,280
8121,290
8122,260
8123,260
8124,260
8125,270
8126,280
8127,290
8128,280
8129,280
8130,280
8131,560
8132,1690
8133,1440
8134,1250
8135,960
8136,980
8137,840
8138,760
8139,770
8140,730
8141,590
8142,540
8143,600
8144,830
8145,490
8146,480
8147,480
8148,770
8149,790
8150,960
8151,980
8152,920
8153,1820
8154,1660
8155,1350
8156,1350
8157,1300
8158,1390
8159,1180
8160,920
8161,810
8162,790
8163,810
8164,680
8165,560
8166,530
8167,650
8168,790
8169,470
8170,570
8171,920
8172,1060
8173,930
8174,860
8175,980
8176,970
8177,2270
8178,890
8179,860
8180,970
8181,1130
8182,1070
8183,950
8184,800
8185,440
8186,410
8187,400
8188,410
8189,450
8190,490
8191,450
8192,640
8193,490
8194,390
8195,460
8196,350
8197,340
8198,450
8199,380
8200,510
8201,990
8202,990
8203,1540
8204,1200
8205,1030
8206,1030
8207,980
8208,1050
8209,610
8210,500
8211,560
8212,430
8213,540
8214,440
8215,460
8216,530
8217,430
8218,1290
8219,1720
8220,870
8221,920
8222,690
8223,720
8224,860
8225,990
8226,690
8227,910
8228,1470
8229,1220
8230,840
8231,1150
8232,1190
8233,1230
8234,1140
8235,1230
8236,830
8237,650
8238,540
8239,650
8240,540
8241,680
8242,730
8243,590
8244,790
8245,440
8246,440
8247,490
8248,490
8249,470
8250,500
8251,500
8252,500
8253,450
8254,650
8255,540
8256,660
8257,1110
8258,720
8259,560
8260,600
8261,590
8262,580
8263,620
8264,1110
8265,620
8266,520
8267,490
8268,400
8269,400
8270,410
8271,390
8272,380
8273,400
8274,430
8275,620
8276,730
8277,720
8278,920
8279,840
8280,540
8281,670
8282,610
8283,600
8284,580
8285,500
8286,430
8287,570
8288,970
8289,510
8290,410
8291,370
8292,210
8293,370
8294,390
8295,340
8296,280
8297,440
8298,770
8299,730
8300,810
8301,560
8302,800
8303,800
8304,710
8305,600
8306,550
8307,540
8308,550
8309,520
8310,550
8311,530
8312,1370
8313,730
8314,620
8315,560
8316,430
8317,390
8318,410
8319,480
8320,370
8321,440
8322,590
8323,590
8324,1200
8325,1380
8326,830
8327,780
8328,710
8329,570
8330,430
8331,570
8332,440
8333,580
8334,480
8335,550
8336,760
8337,420
8338,420
8339,440
8340,390
8341,370
8342,230
8343,410
8344,380
8345,470
8346,400
8347,490
8348,1050
8349,710
8350,830
8351,880
8352,780
8353,640
8354,600
8355,580
8356,590
8357,650
8358,710
8359,660
8360,930
8361,710
8362,560
8363,670
8364,520
8365,490
8366,660
8367,550
8368,740
8369,1450
8370,1440
8371,2240
8372,1740
8373,1490
8374,1500
8375,1430
8376,1520
8377,700
8378,570
8379,640
8380,490
8381,620
8382,510
8383,540
8384,610
8385,500
8386,1490
8387,1980
8388,1000
8389,1060
8390,790
8391,830
8392,990
8393,1140
8394,790
8395,1050
8396,1700
8397,1410
8398,970
8399,1320
8400,1370
8401,1110
8402,490
8403,530
8404,440
8405,580
8406,430
8407,580
8408,460
8409,550
8410,470
8411,590
8412,990
8413,810
8414,590
8415,760
8416,990
8417,1080
8418,1970
8419,1760
8420,2400
8421,1910
8422,1750
8423,1400
8424,590
8425,460
8426,440
8427,420
8428,410
8429,400
8430,400
8431,490
8432,650
8433,370
8434,360
8435,490
8436,400
8437,410
8438,390
8439,390
8440,320
8441,1090
8442,810
8443,1230
8444,1160
8445,1340
8446,1100
8447,790
8448,440
8449,410
8450,410
8451,470
8452,480
8453,410
8454,400
8455,450
8456,720
8457,360
8458,390
8459,310
8460,370
8461,270
8462,280
8463,360
8464,300
8465,430
8466,1040
8467,1090
8468,1130
8469,1390
8470,1770
8471,1820
8472,580
8473,400
8474,410
8475,330
8476,430
8477,410
8478,280
8479,400
8480,670
8481,260
8482,460
8483,400
8484,290
8485,430
8486,220
8487,420
8488,330
8489,540
8490,660
8491,810
8492,800
8493,670
8494,1000
8495,900
8496,900
8497,990
8498,770
8499,340
8500,290
8501,380
8502,370
8503,370
8504,360
8505,340
8506,340
8507,520
8508,370
8509,350
8510,360
8511,520
8512,410
8513,560
8514,780
8515,1180
8516,1720
8517,1650
8518,3640
8519,4100
8520,1540
8521,1520
8522,2420
8523,4670
8524,950
8525,820
8526,620
8527,410
8528,450
8529,480
8530,390
8531,370
8532,260
8533,470
8534,560
8535,570
8536,640
8537,890
8538,1000
8539,910
8540,980
8541,990
8542,990
8543,1270
8544,1160
8545,710
8546,650
8547,630
8548,310
8549,340
8550,410
8551,400
8552,510
8553,290
8554,460
8555,650
8556,400
8557,220
8558,330
8559,270
8560,430
8561,370
8562,250
8563,370
8564,690
8565,1550
8566,1750
8567,1630
8568,1500
8569,340
8570,430
8571,400
8572,330
8573,400
8574,510
8575,420
8576,430
8577,530
8578,640
8579,340
8580,340
8581,330
8582,330
8583,250
8584,310
8585,320
8586,310
8587,320
8588,340
8589,410
8590,1450
8591,1320
8592,1460
8593,550
8594,400
8595,400
8596,480
8597,520
8598,410
8599,460
8600,610
8601,680
8602,500
8603,550
8604,500
8605,450
8606,500
8607,540
8608,450
8609,450
8610,510
8611,510
8612,440
8613,530
8614,520
8615,450
8616,590
8617,480
8618,520
8619,550
8620,470
8621,610
8622,470
8623,560
8624,530
8625,510
8626,570
8627,430
8628,470
8629,490
8630,430
8631,420
8632,430
8633,420
8634,450
8635,530
8636,480
8637,1120
8638,1810
8639,2650
8640,1890
8641,1500
8642,1560
8643,1520
8644,1520
8645,1550
8646,1440
8647,1570
8648,1430
8649,1530
8650,1480
8651,1530
8652,1990
8653,1840
8654,1810
8655,1830
8656,1880
8657,1910
8658,1840
8659,1850
8660,1850
8661,1880
8662,2060
8663,1940
8664,1970
8665,1990
8666,1900
8667,1870
8668,1900
8669,1940
8670,1820
8671,1810
8672,1800
8673,1740
8674,1690
8675,1510
8676,1750
8677,1700
8678,1790
8679,1780
8680,1830
8681,1980
8682,1870
8683,1880
8684,1830
8685,1900
8686,2030
8687,1820
8688,1870
8689,1730
8690,1570
8691,1650
8692,1550
8693,1510
8694,1570
8695,1510
8696,1590
8697,1530
8698,1680
8699,1690
8700,1720
8701,1590
8702,1530
8703,1790
8704,1830
8705,1830
8706,1800
8707,1800
8708,1930
8709,1860
8710,1990
8711,2030
8712,1910
8713,1700
8714,1530
8715,1630
8716,1600
8717,1580
8718,1500
8719,1570
8720,1500
8721,1600
8722,1650
8723,1780
8724,1730
8725,1730
8726,1690
8727,1750
8728,1810
8729,1740
8730,1830
8731,1840
8732,1200
8733,1000
8734,820
8735,760
8736,760
8737,750
8738,770
8739,500
8740,640
8741,570
8742,480
8743,470
8744,540
8745,630
8746,540
8747,480
8748,790
8749,960
8750,840
8751,700
8752,760
8753,640
8754,870
8755,880
8756,1470
8757,1250
8758,1300
8759,1270
8760,1330
