Interval,PV,
1,0
2,0
3,0
4,0
5,0
6,0
7,0
8,0
9,0.33441
10,0.25412
11,0.33602
12,0.38199
13,0.92297
14,0.85138
15,0.69317
16,0.45225
17,0.12993
18,0
19,0
20,0
21,0
22,0
23,0
24,0
25,0
26,0
27,0
28,0
29,0
30,0
31,0
32,0
33,0.046499
34,0.10621
35,0.25172
36,0.88575
37,0.46387
38,0.55642
39,0.23347
40,0.13698
41,0.01904
42,0
43,0
44,0
45,0
46,0
47,0
48,0
49,0
50,0
51,0
52,0
53,0
54,0
55,0
56,0
57,0.16793
58,0.32464
59,0.68551
60,0.46929
61,0.34854
62,0.56071
63,0.47404
64,0.29877
65,0.075877
66,0
67,0
68,0
69,0
70,0
71,0
72,0
73,0
74,0
75,0
76,0
77,0
78,0
79,0
80,0
81,0.11622
82,0.2393
83,0.26842
84,0.075435
85,0.15767
86,0.06638
87,0.066775
88,0.036421
89,0.0035064
90,0
91,0
92,0
93,0
94,0
95,0
96,0
97,0
98,0
99,0
100,0
101,0
102,0
103,0
104,0
105,0.23563
106,0.44451
107,0.38868
108,0.30594
109,0.0065084
110,0.028815
111,0.1357
112,0.076382
113,0.012205
114,0
115,0
116,0
117,0
118,0
119,0
120,0
121,0
122,0
123,0
124,0
125,0
126,0
127,0
128,0
129,0.018661
130,0.051751
131,0.19687
132,0.13365
133,0.3086
134,0.26414
135,0.31031
136,0.18799
137,0.037162
138,0
139,0
140,0
141,0
142,0
143,0
144,0
145,0
146,0
147,0
148,0
149,0
150,0
151,0
152,0
153,0.25836
154,0.52256
155,0.74501
156,0.4635
157,0.53493
158,0.28248
159,0.31267
160,0.44727
161,0.15998
162,0
163,0
164,0
165,0
166,0
167,0
168,0
169,0
170,0
171,0
172,0
173,0
174,0
175,0
176,0
177,0.19355
178,0.3665
179,0.52216
180,0.7074
181,0.44246
182,0.19874
183,0.34063
184,0.21195
185,0.059101
186,0
187,0
188,0
189,0
190,0
191,0
192,0
193,0
194,0
195,0
196,0
197,0
198,0
199,0
200,0
201,0.33053
202,0.58827
203,0.13493
204,0.2088
205,0.19371
206,0.37163
207,0.17096
208,0.096635
209,0.01887
210,0
211,0
212,0
213,0
214,0
215,0
216,0
217,0
218,0
219,0
220,0
221,0
222,0
223,0
224,0
225,0.32496
226,0.074009
227,0.11089
228,0.17984
229,0.64206
230,0.59323
231,0.70106
232,0.48084
233,0.19615
234,0
235,0
236,0
237,0
238,0
239,0
240,0
241,0
242,0
243,0
244,0
245,0
246,0
247,0
248,0
249,0.25555
250,0.46317
251,0.51208
252,0.45575
253,0.52111
254,0.44134
255,0.68487
256,0.47484
257,0.19441
258,0
259,0
260,0
261,0
262,0
263,0
264,0
265,0
266,0
267,0
268,0
269,0
270,0
271,0
272,0
273,0.35065
274,0.61423
275,0.55
276,0.57674
277,0.45338
278,0.55841
279,0.30547
280,0.19427
281,0.056668
282,0
283,0
284,0
285,0
286,0
287,0
288,0
289,0
290,0
291,0
292,0
293,0
294,0
295,0
296,0
297,0.30348
298,0.27648
299,0.44115
300,0.45312
301,0.54361
302,0.37286
303,0.070553
304,0.4604
305,0.18414
306,0
307,0
308,0
309,0
310,0
311,0
312,0
313,0
314,0
315,0
316,0
317,0
318,0
319,0
320,0
321,0.04382
322,0.10383
323,0.11424
324,0.23474
325,0.15336
326,0.071592
327,0.048545
328,0.027175
329,0.003564
330,0
331,0
332,0
333,0
334,0
335,0
336,0
337,0
338,0
339,0
340,0
341,0
342,0
343,0
344,0
345,0.35156
346,0.10697
347,0.12175
348,0.17501
349,0.55458
350,0.3302
351,0.16169
352,0.096528
353,0.02429
354,0
355,0
356,0
357,0
358,0
359,0
360,0
361,0
362,0
363,0
364,0
365,0
366,0
367,0
368,0
369,0.28951
370,0.041704
371,0.024604
372,0.027647
373,0.083889
374,0.097009
375,0.000152
376,0
377,0.17162
378,0
379,0
380,0
381,0
382,0
383,0
384,0
385,0
386,0
387,0
388,0
389,0
390,0
391,0
392,0
393,0.0065946
394,0.020308
395,0.10266
396,0.028518
397,0.10278
398,0.10879
399,0.032841
400,0.018146
401,0.0012982
402,0
403,0
404,0
405,0
406,0
407,0
408,0
409,0
410,0
411,0
412,0
413,0
414,0
415,0
416,0
417,0.35662
418,0.62861
419,0.64315
420,0.3014
421,0.57133
422,0.53659
423,0.11268
424,0.067703
425,0.01827
426,0
427,0
428,0
429,0
430,0
431,0
432,0
433,0
434,0
435,0
436,0
437,0
438,0
439,0
440,0
441,0.086567
442,0.19519
443,0.31464
444,0.52934
445,0.2146
446,0.34913
447,0.68391
448,0.46969
449,0.20006
450,0
451,0
452,0
453,0
454,0
455,0
456,0
457,0
458,0
459,0
460,0
461,0
462,0
463,0
464,0
465,0.19755
466,0.37065
467,0.5817
468,0.73389
469,0.37254
470,0.45532
471,0.45663
472,0.3124
473,0.1384
474,0
475,0
476,0
477,0
478,0
479,0
480,0
481,0
482,0
483,0
484,0
485,0
486,0
487,0
488,0
489,0.0098889
490,0.026695
491,0.083201
492,0.098818
493,0.47633
494,0.30557
495,0.23637
496,0.082769
497,0.02463
498,0
499,0
500,0
501,0
502,0
503,0
504,0
505,0
506,0
507,0
508,0
509,0
510,0
511,0
512,0
513,0.044406
514,0.10411
515,0.13938
516,0.099772
517,0.14588
518,0.047298
519,0.048635
520,0
521,0
522,0
523,0
524,0
525,0
526,0
527,0
528,0
529,0
530,0
531,0
532,0
533,0
534,0
535,0
536,0
537,0.029133
538,0.06963
539,0.29741
540,0.46279
541,0.54619
542,0.21391
543,0.45028
544,0.51111
545,0.23412
546,0
547,0
548,0
549,0
550,0
551,0
552,0
553,0
554,0
555,0
556,0
557,0
558,0
559,0
560,0
561,0.072719
562,0.16094
563,0.53138
564,0.70689
565,0.93763
566,0.87265
567,0.73678
568,0.52396
569,0.25018
570,0
571,0
572,0
573,0
574,0
575,0
576,0
577,0
578,0
579,0
580,0
581,0
582,0
583,0
584,0.035181
585,0.36614
586,0.6303
587,0.79024
588,0.8954
589,0.91677
590,0.7597
591,0.64503
592,0.34415
593,0.16298
594,0
595,0
596,0
597,0
598,0
599,0
600,0
601,0
602,0
603,0
604,0
605,0
606,0
607,0
608,0.041195
609,0.37778
610,0.65179
611,0.83363
612,0.93368
613,0.94998
614,0.73843
615,0.4919
616,0.38862
617,0.18019
618,0
619,0
620,0
621,0
622,0
623,0
624,0
625,0
626,0
627,0
628,0
629,0
630,0
631,0
632,0.0094787
633,0.33883
634,0.60404
635,0.78979
636,0.88146
637,0.89476
638,0.85188
639,0.73555
640,0.54201
641,0.27277
642,0
643,0
644,0
645,0
646,0
647,0
648,0
649,0
650,0
651,0
652,0
653,0
654,0
655,0
656,0
657,0.056123
658,0.11946
659,0.51186
660,0.16121
661,0.30089
662,0.066591
663,0.092865
664,0.19504
665,0.078457
666,0
667,0
668,0
669,0
670,0
671,0
672,0
673,0
674,0
675,0
676,0
677,0
678,0
679,0
680,0
681,0.04849
682,0.10321
683,0.20594
684,0.21024
685,0.16416
686,0.14778
687,0.10069
688,0.086595
689,0.030787
690,0
691,0
692,0
693,0
694,0
695,0
696,0
697,0
698,0
699,0
700,0
701,0
702,0
703,0
704,0.012853
705,0.32035
706,0.56583
707,0.82842
708,0.67934
709,0.95925
710,0.89699
711,0.10424
712,0.068372
713,0.024863
714,0
715,0
716,0
717,0
718,0
719,0
720,0
721,0
722,0
723,0
724,0
725,0
726,0
727,0
728,0.011896
729,0.25441
730,0.46019
731,0.86712
732,0.98304
733,1
734,0.70263
735,0.61461
736,0.00025131
737,0
738,0
739,0
740,0
741,0
742,0
743,0
744,0
745,0
746,0
747,0
748,0
749,0
750,0
751,0
752,0.080777
753,0.43834
754,0.71867
755,0.91544
756,1
757,1
758,0.99063
759,0.5455
760,0.6177
761,0.31493
762,0
763,0
764,0
765,0
766,0
767,0
768,0
769,0
770,0
771,0
772,0
773,0
774,0
775,0
776,0.043863
777,0.34527
778,0.62494
779,0.088981
780,0.051205
781,0.15323
782,0.22534
783,0.26747
784,0.55619
785,0.26826
786,0
787,0
788,0
789,0
790,0
791,0
792,0
793,0
794,0
795,0
796,0
797,0
798,0
799,0
800,0.02714
801,0.38192
802,0.64292
803,0.80788
804,0.89235
805,0.53574
806,0.43194
807,0.076758
808,0.20417
809,0.08644
810,0
811,0
812,0
813,0
814,0
815,0
816,0
817,0
818,0
819,0
820,0
821,0
822,0
823,0
824,0.029924
825,0.39376
826,0.65666
827,0.72998
828,0.74148
829,0.82906
830,0.75413
831,0.69938
832,0.48455
833,0.2469
834,0
835,0
836,0
837,0
838,0
839,0
840,0
841,0
842,0
843,0
844,0
845,0
846,0
847,0
848,0.074348
849,0.39183
850,0.65964
851,0.84184
852,0.81376
853,0.74223
854,0.77863
855,0.77733
856,0.57635
857,0.30389
858,0
859,0
860,0
861,0
862,0
863,0
864,0
865,0
866,0
867,0
868,0
869,0
870,0
871,0
872,0.083404
873,0.39427
874,0.64525
875,0.81854
876,0.90753
877,0.93193
878,0.62782
879,0.58647
880,0.41386
881,0.21556
882,0
883,0
884,0
885,0
886,0
887,0
888,0
889,0
890,0
891,0
892,0
893,0
894,0
895,0
896,0.09747
897,0.41667
898,0.68224
899,0.85843
900,0.95568
901,0.9769
902,0.92408
903,0.79381
904,0.59098
905,0.31813
906,0
907,0
908,0
909,0
910,0
911,0
912,0
913,0
914,0
915,0
916,0
917,0
918,0
919,0
920,0.090255
921,0.4046
922,0.67512
923,0.85847
924,0.96041
925,0.98093
926,0.92639
927,0.79753
928,0.59438
929,0.3193
930,0
931,0
932,0
933,0
934,0
935,0
936,0
937,0
938,0
939,0
940,0
941,0
942,0
943,0
944,0.098287
945,0.4117
946,0.57136
947,0.62106
948,0.79691
949,0.76458
950,0.90523
951,0.64032
952,0.34102
953,0.17201
954,0
955,0
956,0
957,0
958,0
959,0
960,0
961,0
962,0
963,0
964,0
965,0
966,0
967,0
968,0.036859
969,0.21068
970,0.34428
971,0.44477
972,0.74281
973,0.75081
974,0.74439
975,0.68374
976,0.22346
977,0.10897
978,0.00047605
979,0
980,0
981,0
982,0
983,0
984,0
985,0
986,0
987,0
988,0
989,0
990,0
991,0
992,0.0457
993,0.21742
994,0.35621
995,0.71483
996,0.79844
997,0.66272
998,0.6153
999,0.53255
1000,0.45136
1001,0.21249
1002,0.0024887
1003,0
1004,0
1005,0
1006,0
1007,0
1008,0
1009,0
1010,0
1011,0
1012,0
1013,0
1014,0
1015,0
1016,0.085557
1017,0.37433
1018,0.55828
1019,0.80818
1020,0.90503
1021,0.79966
1022,0.677
1023,0.57893
1024,0.33842
1025,0.16135
1026,0.0035804
1027,0
1028,0
1029,0
1030,0
1031,0
1032,0
1033,0
1034,0
1035,0
1036,0
1037,0
1038,0
1039,0
1040,0.11364
1041,0.42707
1042,0.69134
1043,0.87189
1044,0.97524
1045,0.99825
1046,0.94006
1047,0.80515
1048,0.6027
1049,0.32984
1050,0.01228
1051,0
1052,0
1053,0
1054,0
1055,0
1056,0
1057,0
1058,0
1059,0
1060,0
1061,0
1062,0
1063,0
1064,0.11834
1065,0.39787
1066,0.67769
1067,0.65979
1068,0.66208
1069,0.98051
1070,0.70036
1071,0.55617
1072,0.50085
1073,0.31869
1074,0.014174
1075,0
1076,0
1077,0
1078,0
1079,0
1080,0
1081,0
1082,0
1083,0
1084,0
1085,0
1086,0
1087,0
1088,0.13057
1089,0.43737
1090,0.68919
1091,0.86143
1092,0.96223
1093,0.98662
1094,0.92716
1095,0.79832
1096,0.6003
1097,0.33636
1098,0.04149
1099,0
1100,0
1101,0
1102,0
1103,0
1104,0
1105,0
1106,0
1107,0
1108,0
1109,0
1110,0
1111,0
1112,0.13401
1113,0.43171
1114,0.67478
1115,0.82
1116,0.73622
1117,0.79217
1118,0.74265
1119,0.79885
1120,0.60191
1121,0.33675
1122,0.021506
1123,0
1124,0
1125,0
1126,0
1127,0
1128,0
1129,0
1130,0
1131,0
1132,0
1133,0
1134,0
1135,0
1136,0.010659
1137,0.058908
1138,0.1604
1139,0.65908
1140,0.61432
1141,0.64198
1142,0.61579
1143,0.64957
1144,0.45272
1145,0.22238
1146,0.012088
1147,0
1148,0
1149,0
1150,0
1151,0
1152,0
1153,0
1154,0
1155,0
1156,0
1157,0
1158,0
1159,0
1160,0.057129
1161,0.25951
1162,0.32995
1163,0.090701
1164,0.028497
1165,0.36986
1166,0.089079
1167,0.49179
1168,0.47151
1169,0.24699
1170,0.042312
1171,0
1172,0
1173,0
1174,0
1175,0
1176,0
1177,0
1178,0
1179,0
1180,0
1181,0
1182,0
1183,0
1184,0.13306
1185,0.42834
1186,0.46868
1187,0.18115
1188,0.1579
1189,0.34072
1190,0.099086
1191,0.070998
1192,0.13687
1193,0.067086
1194,0.0035917
1195,0
1196,0
1197,0
1198,0
1199,0
1200,0
1201,0
1202,0
1203,0
1204,0
1205,0
1206,0
1207,0
1208,0.11388
1209,0.36111
1210,0.61398
1211,0.7649
1212,0.972
1213,0.83208
1214,0.72274
1215,0.61009
1216,0.61275
1217,0.35199
1218,0.062829
1219,0
1220,0
1221,0
1222,0
1223,0
1224,0
1225,0
1226,0
1227,0
1228,0
1229,0
1230,0
1231,0
1232,0.15281
1233,0.45952
1234,0.70755
1235,0.87367
1236,0.97618
1237,1
1238,0.95824
1239,0.8321
1240,0.63038
1241,0.35874
1242,0.066514
1243,0
1244,0
1245,0
1246,0
1247,0
1248,0
1249,0
1250,0
1251,0
1252,0
1253,0
1254,0
1255,0
1256,0.1619
1257,0.47858
1258,0.7478
1259,0.93081
1260,1
1261,1
1262,1
1263,0.72322
1264,0.66383
1265,0.37879
1266,0.074185
1267,0
1268,0
1269,0
1270,0
1271,0
1272,0
1273,0
1274,0
1275,0
1276,0
1277,0
1278,0
1279,0
1280,0.16495
1281,0.48627
1282,0.67995
1283,0.94103
1284,1
1285,1
1286,0.99143
1287,0.86292
1288,0.64942
1289,0.36806
1290,0.070266
1291,0
1292,0
1293,0
1294,0
1295,0
1296,0
1297,0
1298,0
1299,0
1300,0
1301,0
1302,0
1303,0
1304,0.14584
1305,0.43688
1306,0.66858
1307,0.69992
1308,0.83372
1309,0.96927
1310,0.92586
1311,0.80329
1312,0.60421
1313,0.34413
1314,0.068302
1315,0
1316,0
1317,0
1318,0
1319,0
1320,0
1321,0
1322,0
1323,0
1324,0
1325,0
1326,0
1327,0
1328,0.147
1329,0.43365
1330,0.66934
1331,0.82293
1332,0.90065
1333,0.90764
1334,0.53835
1335,0.63243
1336,0.58798
1337,0.33717
1338,0.070095
1339,0
1340,0
1341,0
1342,0
1343,0
1344,0
1345,0
1346,0
1347,0
1348,0
1349,0
1350,0
1351,0
1352,0.033641
1353,0.11828
1354,0.41001
1355,0.55893
1356,0.80022
1357,0.7748
1358,0.92901
1359,0.62369
1360,0.60499
1361,0.34859
1362,0.074589
1363,0
1364,0
1365,0
1366,0
1367,0
1368,0
1369,0
1370,0
1371,0
1372,0
1373,0
1374,0
1375,0
1376,0.16691
1377,0.46116
1378,0.70303
1379,0.50062
1380,0.34718
1381,0.5361
1382,0.6514
1383,0.55333
1384,0.5863
1385,0.35743
1386,0.081279
1387,0
1388,0
1389,0
1390,0
1391,0
1392,0
1393,0
1394,0
1395,0
1396,0
1397,0
1398,0
1399,0
1400,0.052749
1401,0.17451
1402,0.50959
1403,0.49776
1404,0.81265
1405,0.40204
1406,0.63531
1407,0.68293
1408,0.54285
1409,0.29347
1410,0.066456
1411,0
1412,0
1413,0
1414,0
1415,0
1416,0
1417,0
1418,0
1419,0
1420,0
1421,0
1422,0
1423,0
1424,0.16197
1425,0.43064
1426,0.58063
1427,0.89795
1428,0.99455
1429,1
1430,0.97322
1431,0.84568
1432,0.64502
1433,0.37689
1434,0.092358
1435,0
1436,0
1437,0
1438,0
1439,0
1440,0
1441,0
1442,0
1443,0
1444,0
1445,0
1446,0
1447,0
1448,0.18517
1449,0.47518
1450,0.49513
1451,0.8664
1452,0.7581
1453,0.95947
1454,0.75766
1455,0.66371
1456,0.46105
1457,0.29528
1458,0.066131
1459,0
1460,0
1461,0
1462,0
1463,0
1464,0
1465,0
1466,0
1467,0
1468,0
1469,0
1470,0
1471,0
1472,0.106
1473,0.27108
1474,0.32754
1475,0.36954
1476,0.41564
1477,0.55055
1478,0.46801
1479,0.41783
1480,0.15147
1481,0.0043676
1482,0
1483,0
1484,0
1485,0
1486,0
1487,0
1488,0
1489,0
1490,0
1491,0
1492,0
1493,0
1494,0
1495,0
1496,0.075999
1497,0.20619
1498,0.1539
1499,0.25944
1500,0.2035
1501,0.015662
1502,0.025021
1503,0.37945
1504,0.10711
1505,0.1221
1506,0.02485
1507,0
1508,0
1509,0
1510,0
1511,0
1512,0
1513,0
1514,0
1515,0
1516,0
1517,0
1518,0
1519,0
1520,0.028475
1521,0.080002
1522,0.091622
1523,0.11442
1524,0.093128
1525,0.095866
1526,0.044388
1527,0.10864
1528,0.021921
1529,0.0053524
1530,0
1531,0
1532,0
1533,0
1534,0
1535,0
1536,0
1537,0
1538,0
1539,0
1540,0
1541,0
1542,0
1543,0
1544,0.1867
1545,0.48957
1546,0.753
1547,0.93485
1548,0.84059
1549,0.59967
1550,0.53612
1551,0.44788
1552,0.087478
1553,0.11266
1554,0.02271
1555,0
1556,0
1557,0
1558,0
1559,0
1560,0
1561,0
1562,0
1563,0
1564,0
1565,0
1566,0
1567,0
1568,0.0079264
1569,0.027249
1570,0.30555
1571,0.44738
1572,0.41137
1573,0.41447
1574,0.70567
1575,0.81424
1576,0.61607
1577,0.36027
1578,0.092677
1579,0
1580,0
1581,0
1582,0
1583,0
1584,0
1585,0
1586,0
1587,0
1588,0
1589,0
1590,0
1591,0
1592,0.22164
1593,0.51623
1594,0.62311
1595,0.7949
1596,0.3414
1597,0.37714
1598,0.28911
1599,0.21959
1600,0.039713
1601,0.043206
1602,0.0079068
1603,0
1604,0
1605,0
1606,0
1607,0
1608,0
1609,0
1610,0
1611,0
1612,0
1613,0
1614,0
1615,0
1616,0.20784
1617,0.14215
1618,0.20879
1619,0.35408
1620,0.42463
1621,0.57146
1622,0.13409
1623,0.21216
1624,0.15466
1625,0.057381
1626,0.011828
1627,0
1628,0
1629,0
1630,0
1631,0
1632,0
1633,0
1634,0
1635,0
1636,0
1637,0
1638,0
1639,0
1640,0.1171
1641,0.27852
1642,0.391
1643,0.44853
1644,0.27256
1645,0.40755
1646,0.3688
1647,0.060196
1648,0.023132
1649,0.0075284
1650,0
1651,0
1652,0
1653,0
1654,0
1655,0
1656,0
1657,0
1658,0
1659,0
1660,0
1661,0
1662,0
1663,0
1664,0.018208
1665,0.04779
1666,0.034271
1667,0.018371
1668,0.17287
1669,0.015097
1670,0.78343
1671,0.63057
1672,0.39061
1673,0.042834
1674,0.0077792
1675,0
1676,0
1677,0
1678,0
1679,0
1680,0
1681,0
1682,0
1683,0
1684,0
1685,0
1686,0
1687,0
1688,0.12043
1689,0.285
1690,0.13021
1691,0.02918
1692,0.21439
1693,0.021471
1694,0.14203
1695,0.3173
1696,0.14052
1697,0.14554
1698,0.03597
1699,0
1700,0
1701,0
1702,0
1703,0
1704,0
1705,0
1706,0
1707,0
1708,0
1709,0
1710,0
1711,0
1712,0.014062
1713,0.038294
1714,0.14819
1715,0.232
1716,0.27539
1717,0.23552
1718,0.21112
1719,0.23657
1720,0.0086241
1721,0.10959
1722,0.027782
1723,0
1724,0
1725,0
1726,0
1727,0
1728,0
1729,0
1730,0
1731,0
1732,0
1733,0
1734,0
1735,0.0050027
1736,0.19188
1737,0.4372
1738,0.67412
1739,0.80916
1740,0.86949
1741,0.76069
1742,1
1743,0.71746
1744,0.66425
1745,0.38392
1746,0.10539
1747,0
1748,0
1749,0
1750,0
1751,0
1752,0
1753,0
1754,0
1755,0
1756,0
1757,0
1758,0
1759,0.008457
1760,0.23569
1761,0.52948
1762,0.76321
1763,0.93288
1764,1
1765,1
1766,1
1767,0.87494
1768,0.67391
1769,0.40262
1770,0.1148
1771,0
1772,0
1773,0
1774,0
1775,0
1776,0
1777,0
1778,0
1779,0
1780,0
1781,0
1782,0
1783,0.012828
1784,0.24591
1785,0.54001
1786,0.77153
1787,0.90977
1788,0.98094
1789,0.99753
1790,0.9577
1791,0.84247
1792,0.6571
1793,0.39496
1794,0.11665
1795,0
1796,0
1797,0
1798,0
1799,0
1800,0
1801,0
1802,0
1803,0
1804,0
1805,0
1806,0
1807,0.014498
1808,0.25435
1809,0.54676
1810,0.77796
1811,0.94052
1812,1
1813,1
1814,0.99565
1815,0.8657
1816,0.6641
1817,0.39708
1818,0.11694
1819,0
1820,0
1821,0
1822,0
1823,0
1824,0
1825,0
1826,0
1827,0
1828,0
1829,0
1830,0
1831,0.01803
1832,0.25608
1833,0.55166
1834,0.78538
1835,0.93077
1836,1
1837,1
1838,0.96259
1839,0.84494
1840,0.65641
1841,0.3965
1842,0.11785
1843,0
1844,0
1845,0
1846,0
1847,0
1848,0
1849,0
1850,0
1851,0
1852,0
1853,0
1854,0
1855,0.012016
1856,0.15591
1857,0.53284
1858,0.75628
1859,0.89579
1860,0.97729
1861,0.99439
1862,0.66068
1863,0.8359
1864,0.48249
1865,0.30213
1866,0.11976
1867,0
1868,0
1869,0
1870,0
1871,0
1872,0
1873,0
1874,0
1875,0
1876,0
1877,0
1878,0
1879,0.014285
1880,0.15535
1881,0.44507
1882,0.45666
1883,0.21263
1884,0.27935
1885,0.42653
1886,0.44693
1887,0.36697
1888,0.28284
1889,0.0063789
1890,0
1891,0
1892,0
1893,0
1894,0
1895,0
1896,0
1897,0
1898,0
1899,0
1900,0
1901,0
1902,0
1903,0.021595
1904,0.22171
1905,0.49739
1906,0.58825
1907,0.70767
1908,0.46031
1909,0.60814
1910,0.8219
1911,0.3086
1912,0.24222
1913,0.25733
1914,0.082145
1915,0
1916,0
1917,0
1918,0
1919,0
1920,0
1921,0
1922,0
1923,0
1924,0
1925,0
1926,0
1927,0.029768
1928,0.28107
1929,0.58751
1930,0.83473
1931,1
1932,1
1933,1
1934,1
1935,0.9155
1936,0.61291
1937,0.36794
1938,0.11239
1939,0
1940,0
1941,0
1942,0
1943,0
1944,0
1945,0
1946,0
1947,0
1948,0
1949,0
1950,0
1951,0.028431
1952,0.24849
1953,0.52327
1954,0.8263
1955,0.9822
1956,1
1957,0.89724
1958,1
1959,0.8716
1960,0.66673
1961,0.39777
1962,0.1205
1963,0
1964,0
1965,0
1966,0
1967,0
1968,0
1969,0
1970,0
1971,0
1972,0
1973,0
1974,0
1975,0.031902
1976,0.26348
1977,0.53335
1978,0.75648
1979,0.84302
1980,0.84879
1981,0.85805
1982,0.98413
1983,0.85134
1984,0.6526
1985,0.38811
1986,0.12096
1987,0
1988,0
1989,0
1990,0
1991,0
1992,0
1993,0
1994,0
1995,0
1996,0
1997,0
1998,0
1999,0.036072
2000,0.27677
2001,0.5654
2002,0.80031
2003,0.94711
2004,1
2005,1
2006,0.99927
2007,0.86535
2008,0.66481
2009,0.40168
2010,0.12419
2011,0
2012,0
2013,0
2014,0
2015,0
2016,0
2017,0
2018,0
2019,0
2020,0
2021,0
2022,0
2023,0.037527
2024,0.28346
2025,0.57288
2026,0.79769
2027,0.85298
2028,1
2029,0.88167
2030,0.82483
2031,0.74171
2032,0.49033
2033,0.31363
2034,0.10292
2035,0
2036,0
2037,0
2038,0
2039,0
2040,0
2041,0
2042,0
2043,0
2044,0
2045,0
2046,0
2047,0.040481
2048,0.27949
2049,0.55613
2050,0.78377
2051,0.94297
2052,1
2053,0.93204
2054,0.8506
2055,0.67763
2056,0.53361
2057,0.26114
2058,0.086099
2059,0
2060,0
2061,0
2062,0
2063,0
2064,0
2065,0
2066,0
2067,0
2068,0
2069,0
2070,0
2071,0.044405
2072,0.31215
2073,0.61887
2074,0.8633
2075,0.87393
2076,0.48991
2077,0.76485
2078,0.7137
2079,0.82643
2080,0.49175
2081,0.22985
2082,0.13454
2083,0
2084,0
2085,0
2086,0
2087,0
2088,0
2089,0
2090,0
2091,0
2092,0
2093,0
2094,0
2095,0.046554
2096,0.31635
2097,0.61038
2098,0.84141
2099,1
2100,1
2101,1
2102,0.82457
2103,0.88538
2104,0.67981
2105,0.41105
2106,0.12976
2107,0
2108,0
2109,0
2110,0
2111,0
2112,0
2113,0
2114,0
2115,0
2116,0
2117,0
2118,0
2119,0.048917
2120,0.29334
2121,0.57096
2122,0.78766
2123,0.92359
2124,0.99791
2125,1
2126,0.96378
2127,0.8484
2128,0.66409
2129,0.40475
2130,0.12831
2131,0
2132,0
2133,0
2134,0
2135,0
2136,0
2137,0
2138,0
2139,0
2140,0
2141,0
2142,0
2143,0.05296
2144,0.30204
2145,0.58399
2146,0.63687
2147,0.95939
2148,1
2149,1
2150,0.98607
2151,0.858
2152,0.66564
2153,0.40629
2154,0.12977
2155,0
2156,0
2157,0
2158,0
2159,0
2160,0
2161,0
2162,0
2163,0
2164,0
2165,0
2166,0
2167,0.053751
2168,0.30206
2169,0.58177
2170,0.80549
2171,0.94676
2172,1
2173,1
2174,0.9747
2175,0.84709
2176,0.65711
2177,0.39843
2178,0.12775
2179,0
2180,0
2181,0
2182,0
2183,0
2184,0
2185,0
2186,0
2187,0
2188,0
2189,0
2190,0
2191,0.055823
2192,0.3058
2193,0.5809
2194,0.79415
2195,0.92913
2196,0.99921
2197,1
2198,0.83332
2199,0.83149
2200,0.64239
2201,0.39061
2202,0.1285
2203,0
2204,0
2205,0
2206,0
2207,0
2208,0
2209,0
2210,0
2211,0
2212,0
2213,0
2214,0
2215,0.060935
2216,0.31064
2217,0.58763
2218,0.80652
2219,0.95109
2220,1
2221,1
2222,0.97725
2223,0.7462
2224,0.65571
2225,0.39796
2226,0.13222
2227,0
2228,0
2229,0
2230,0
2231,0
2232,0
2233,0
2234,0
2235,0
2236,0
2237,0
2238,0
2239,0.061897
2240,0.31514
2241,0.593
2242,0.81407
2243,0.95761
2244,1
2245,1
2246,0.97092
2247,0.84318
2248,0.64773
2249,0.39329
2250,0.13007
2251,0
2252,0
2253,0
2254,0
2255,0
2256,0
2257,0
2258,0
2259,0
2260,0
2261,0
2262,0
2263,0.064254
2264,0.32757
2265,0.61409
2266,0.82803
2267,0.96738
2268,1
2269,1
2270,0.99063
2271,0.85452
2272,0.663
2273,0.40192
2274,0.1301
2275,0
2276,0
2277,0
2278,0
2279,0
2280,0
2281,0
2282,0
2283,0
2284,0
2285,0
2286,0
2287,0.064736
2288,0.32018
2289,0.60115
2290,0.81861
2291,0.96291
2292,1
2293,1
2294,0.97514
2295,0.84507
2296,0.5915
2297,0.28473
2298,0.10497
2299,0
2300,0
2301,0
2302,0
2303,0
2304,0
2305,0
2306,0
2307,0
2308,0
2309,0
2310,0
2311,0.058702
2312,0.23246
2313,0.58904
2314,0.50419
2315,0.73525
2316,0.79825
2317,0.87324
2318,0.85789
2319,0.8498
2320,0.64686
2321,0.35936
2322,0.12406
2323,0
2324,0
2325,0
2326,0
2327,0
2328,0
2329,0
2330,0
2331,0
2332,0
2333,0
2334,0
2335,0.045378
2336,0.15088
2337,0.37928
2338,0.32402
2339,0.47297
2340,0.66626
2341,0.76957
2342,0.83167
2343,0.79163
2344,0.53128
2345,0.17262
2346,0.069359
2347,0
2348,0
2349,0
2350,0
2351,0
2352,0
2353,0
2354,0
2355,0
2356,0
2357,0
2358,0
2359,0.0023414
2360,0.019175
2361,0.017102
2362,0.12725
2363,0.21438
2364,0.50857
2365,0.10673
2366,0.10687
2367,0.05422
2368,0.011576
2369,0.015806
2370,0.0033084
2371,0
2372,0
2373,0
2374,0
2375,0
2376,0
2377,0
2378,0
2379,0
2380,0
2381,0
2382,0
2383,0.0034042
2384,0.022341
2385,0.02644
2386,0.12239
2387,0.11934
2388,0.20024
2389,0.14763
2390,0.18817
2391,0.2326
2392,0.27497
2393,0.21862
2394,0.13187
2395,0.0037144
2396,0
2397,0
2398,0
2399,0
2400,0
2401,0
2402,0
2403,0
2404,0
2405,0
2406,0
2407,0.07724
2408,0.16263
2409,0.58457
2410,0.78985
2411,0.94067
2412,1
2413,1
2414,0.436
2415,0.37587
2416,0.28928
2417,0.23612
2418,0.13364
2419,0.0036652
2420,0
2421,0
2422,0
2423,0
2424,0
2425,0
2426,0
2427,0
2428,0
2429,0
2430,0
2431,0.080756
2432,0.13118
2433,0.44121
2434,0.78207
2435,0.66727
2436,0.79862
2437,1
2438,0.95743
2439,0.71207
2440,0.5387
2441,0.27866
2442,0.10774
2443,0.0015337
2444,0
2445,0
2446,0
2447,0
2448,0
2449,0
2450,0
2451,0
2452,0
2453,0
2454,0
2455,0.084614
2456,0.33561
2457,0.60654
2458,0.83102
2459,0.98355
2460,1
2461,1
2462,0.98755
2463,0.86032
2464,0.66106
2465,0.40329
2466,0.13948
2467,0.0081307
2468,0
2469,0
2470,0
2471,0
2472,0
2473,0
2474,0
2475,0
2476,0
2477,0
2478,0
2479,0.089265
2480,0.35098
2481,0.56567
2482,0.65077
2483,0.88623
2484,1
2485,0.57895
2486,0.47456
2487,0.87782
2488,0.67252
2489,0.41217
2490,0.14102
2491,0.0092258
2492,0
2493,0
2494,0
2495,0
2496,0
2497,0
2498,0
2499,0
2500,0
2501,0
2502,0
2503,0.089193
2504,0.36553
2505,0.6528
2506,0.88316
2507,1
2508,1
2509,1
2510,1
2511,0.90025
2512,0.69492
2513,0.42412
2514,0.14053
2515,0.0090601
2516,0
2517,0
2518,0
2519,0
2520,0
2521,0
2522,0
2523,0
2524,0
2525,0
2526,0
2527,0.08962
2528,0.35938
2529,0.64292
2530,0.85726
2531,1
2532,1
2533,1
2534,1
2535,0.87755
2536,0.67883
2537,0.4139
2538,0.13925
2539,0.015273
2540,0
2541,0
2542,0
2543,0
2544,0
2545,0
2546,0
2547,0
2548,0
2549,0
2550,0
2551,0.091913
2552,0.3466
2553,0.61778
2554,0.82855
2555,0.96418
2556,1
2557,1
2558,0.97797
2559,0.84626
2560,0.65528
2561,0.40198
2562,0.13479
2563,0.0074756
2564,0
2565,0
2566,0
2567,0
2568,0
2569,0
2570,0
2571,0
2572,0
2573,0
2574,0
2575,0.090089
2576,0.34737
2577,0.61293
2578,0.81132
2579,0.94333
2580,1
2581,1
2582,0.94995
2583,0.75032
2584,0.64153
2585,0.39045
2586,0.13815
2587,0.014653
2588,0
2589,0
2590,0
2591,0
2592,0
2593,0
2594,0
2595,0
2596,0
2597,0
2598,0
2599,0.092975
2600,0.30064
2601,0.55918
2602,0.79033
2603,0.90332
2604,0.98172
2605,0.8958
2606,0.8202
2607,0.69759
2608,0.47977
2609,0.23526
2610,0.10001
2611,0.0073527
2612,0
2613,0
2614,0
2615,0
2616,0
2617,0
2618,0
2619,0
2620,0
2621,0
2622,0
2623,0.10022
2624,0.36385
2625,0.63182
2626,0.83709
2627,0.9798
2628,1
2629,1
2630,0.98119
2631,0.76291
2632,0.65364
2633,0.40155
2634,0.14091
2635,0.01867
2636,0
2637,0
2638,0
2639,0
2640,0
2641,0
2642,0
2643,0
2644,0
2645,0
2646,0
2647,0.099226
2648,0.30882
2649,0.51794
2650,0.68483
2651,0.69858
2652,0.83227
2653,0.78967
2654,0.98136
2655,0.84228
2656,0.53643
2657,0.39989
2658,0.13899
2659,0.012186
2660,0
2661,0
2662,0
2663,0
2664,0
2665,0
2666,0
2667,0
2668,0
2669,0
2670,0
2671,0.026506
2672,0.0675
2673,0.57459
2674,0.23548
2675,0.63825
2676,0.8655
2677,0.50892
2678,0.4925
2679,0.91159
2680,0.53081
2681,0.32536
2682,0.14636
2683,0.014364
2684,0
2685,0
2686,0
2687,0
2688,0
2689,0
2690,0
2691,0
2692,0
2693,0
2694,0.0039214
2695,0.10172
2696,0.37177
2697,0.63954
2698,0.8453
2699,0.99185
2700,1
2701,1
2702,0.61897
2703,0.85911
2704,0.5623
2705,0.40168
2706,0.1415
2707,0.014889
2708,0
2709,0
2710,0
2711,0
2712,0
2713,0
2714,0
2715,0
2716,0
2717,0
2718,0.0049798
2719,0.10621
2720,0.35614
2721,0.60542
2722,0.8229
2723,0.82441
2724,1
2725,0.55425
2726,0.74168
2727,0.66926
2728,0.57487
2729,0.34735
2730,0.12647
2731,0.015731
2732,0
2733,0
2734,0
2735,0
2736,0
2737,0
2738,0
2739,0
2740,0
2741,0
2742,0.0073329
2743,0.10771
2744,0.38848
2745,0.65915
2746,0.86481
2747,1
2748,1
2749,1
2750,1
2751,0.89511
2752,0.68793
2753,0.42535
2754,0.14519
2755,0.01475
2756,0
2757,0
2758,0
2759,0
2760,0
2761,0
2762,0
2763,0
2764,0
2765,0
2766,0.0083776
2767,0.10766
2768,0.30803
2769,0.57642
2770,0.66326
2771,0.88785
2772,0.85824
2773,0.84259
2774,0.50209
2775,0.83351
2776,0.63857
2777,0.35004
2778,0.12406
2779,0.017557
2780,0
2781,0
2782,0
2783,0
2784,0
2785,0
2786,0
2787,0
2788,0
2789,0
2790,0.0094642
2791,0.10958
2792,0.36682
2793,0.43172
2794,0.62167
2795,0.67609
2796,0.79447
2797,0.89461
2798,0.024975
2799,0.064687
2800,0.2354
2801,0.32774
2802,0.14412
2803,0.016658
2804,0
2805,0
2806,0
2807,0
2808,0
2809,0
2810,0
2811,0
2812,0
2813,0
2814,0.010557
2815,0.1076
2816,0.37431
2817,0.63273
2818,0.82781
2819,0.96117
2820,1
2821,1
2822,0.96563
2823,0.84132
2824,0.6519
2825,0.40686
2826,0.14255
2827,0.016246
2828,0
2829,0
2830,0
2831,0
2832,0
2833,0
2834,0
2835,0
2836,0
2837,0
2838,0.0067725
2839,0.10561
2840,0.27994
2841,0.62076
2842,0.68304
2843,0.95792
2844,1
2845,1
2846,0.95532
2847,0.8238
2848,0.52284
2849,0.31618
2850,0.14468
2851,0.01832
2852,0
2853,0
2854,0
2855,0
2856,0
2857,0
2858,0
2859,0
2860,0
2861,0
2862,0.010663
2863,0.11491
2864,0.37813
2865,0.64739
2866,0.85429
2867,0.99139
2868,1
2869,1
2870,0.97763
2871,0.84124
2872,0.65209
2873,0.40577
2874,0.14184
2875,0.016856
2876,0
2877,0
2878,0
2879,0
2880,0
2881,0
2882,0
2883,0
2884,0
2885,0
2886,0.01151
2887,0.11331
2888,0.37148
2889,0.62734
2890,0.81405
2891,0.93139
2892,0.97669
2893,0.95754
2894,0.87592
2895,0.76932
2896,0.61393
2897,0.38796
2898,0.13945
2899,0.018593
2900,0
2901,0
2902,0
2903,0
2904,0
2905,0
2906,0
2907,0
2908,0
2909,0
2910,0.012523
2911,0.11718
2912,0.37178
2913,0.61455
2914,0.79779
2915,0.91056
2916,0.96289
2917,0.95735
2918,0.89949
2919,0.7934
2920,0.57177
2921,0.38864
2922,0.14654
2923,0.024425
2924,0
2925,0
2926,0
2927,0
2928,0
2929,0
2930,0
2931,0
2932,0
2933,0
2934,0.014051
2935,0.11831
2936,0.33483
2937,0.4975
2938,0.67998
2939,0.82232
2940,0.86736
2941,0.79654
2942,0.50115
2943,0.52074
2944,0.51846
2945,0.28267
2946,0.14495
2947,0.024531
2948,0
2949,0
2950,0
2951,0
2952,0
2953,0
2954,0
2955,0
2956,0
2957,0
2958,0.010757
2959,0.11187
2960,0.3051
2961,0.5453
2962,0.61844
2963,0.63828
2964,0.7748
2965,0.86321
2966,0.86159
2967,0.70611
2968,0.54211
2969,0.35241
2970,0.13436
2971,0.025837
2972,0
2973,0
2974,0
2975,0
2976,0
2977,0
2978,0
2979,0
2980,0
2981,0
2982,0.016883
2983,0.12788
2984,0.31112
2985,0.54905
2986,0.052334
2987,0.070662
2988,0.41099
2989,0.55352
2990,0.14417
2991,0.41069
2992,0.11607
2993,0.012494
2994,0.003229
2995,0
2996,0
2997,0
2998,0
2999,0
3000,0
3001,0
3002,0
3003,0
3004,0
3005,0
3006,0
3007,0.0012853
3008,0.0023195
3009,0.16616
3010,0.25782
3011,0.35642
3012,0.28067
3013,0.70644
3014,0.53346
3015,0.68213
3016,0.53028
3017,0.39309
3018,0.13188
3019,0.027051
3020,0
3021,0
3022,0
3023,0
3024,0
3025,0
3026,0
3027,0
3028,0
3029,0
3030,0.014163
3031,0.10482
3032,0.22932
3033,0.091487
3034,0.091472
3035,0.31855
3036,0.092879
3037,0.15338
3038,0.2382
3039,0.17675
3040,0.28206
3041,0.18399
3042,0.10134
3043,0.019101
3044,0
3045,0
3046,0
3047,0
3048,0
3049,0
3050,0
3051,0
3052,0
3053,0
3054,0.0013493
3055,0.035084
3056,0.18188
3057,0.21016
3058,0.22178
3059,0.4932
3060,0.45349
3061,0.13464
3062,0.13583
3063,0.58208
3064,0.64231
3065,0.4004
3066,0.14494
3067,0.02242
3068,0
3069,0
3070,0
3071,0
3072,0
3073,0
3074,0
3075,0
3076,0
3077,0
3078,0.020828
3079,0.12857
3080,0.37675
3081,0.62488
3082,0.8245
3083,0.96219
3084,1
3085,1
3086,0.97151
3087,0.84349
3088,0.65374
3089,0.40785
3090,0.15119
3091,0.025144
3092,0
3093,0
3094,0
3095,0
3096,0
3097,0
3098,0
3099,0
3100,0
3101,0
3102,0.019532
3103,0.12418
3104,0.37262
3105,0.61677
3106,0.80475
3107,0.93543
3108,1
3109,1
3110,0.96277
3111,0.83965
3112,0.64988
3113,0.40698
3114,0.14781
3115,0.022906
3116,0
3117,0
3118,0
3119,0
3120,0
3121,0
3122,0
3123,0
3124,0
3125,0
3126,0.020546
3127,0.12554
3128,0.38591
3129,0.63456
3130,0.81169
3131,0.92043
3132,0.96978
3133,0.96773
3134,0.91028
3135,0.79423
3136,0.6241
3137,0.39517
3138,0.14769
3139,0.024938
3140,0
3141,0
3142,0
3143,0
3144,0
3145,0
3146,0
3147,0
3148,0
3149,0
3150,0.022402
3151,0.13195
3152,0.37689
3153,0.62001
3154,0.80355
3155,0.93247
3156,0.98476
3157,0.97998
3158,0.92002
3159,0.79436
3160,0.61726
3161,0.3896
3162,0.1544
3163,0.030359
3164,0
3165,0
3166,0
3167,0
3168,0
3169,0
3170,0
3171,0
3172,0
3173,0
3174,0.022415
3175,0.13068
3176,0.38351
3177,0.52485
3178,0.82322
3179,0.95136
3180,1
3181,1
3182,0.95903
3183,0.83982
3184,0.66006
3185,0.41928
3186,0.15416
3187,0.024301
3188,0
3189,0
3190,0
3191,0
3192,0
3193,0
3194,0
3195,0
3196,0
3197,0
3198,0.020315
3199,0.12261
3200,0.38451
3201,0.49163
3202,0.84267
3203,0.97874
3204,1
3205,1
3206,0.97561
3207,0.84865
3208,0.65981
3209,0.41114
3210,0.15603
3211,0.029561
3212,0
3213,0
3214,0
3215,0
3216,0
3217,0
3218,0
3219,0
3220,0
3221,0
3222,0.023265
3223,0.12901
3224,0.3759
3225,0.62057
3226,0.81013
3227,0.94417
3228,1
3229,0.9986
3230,0.93422
3231,0.81674
3232,0.64023
3233,0.40483
3234,0.14811
3235,0.025509
3236,0
3237,0
3238,0
3239,0
3240,0
3241,0
3242,0
3243,0
3244,0
3245,0
3246,0.02205
3247,0.12526
3248,0.37022
3249,0.61199
3250,0.79381
3251,0.92424
3252,0.98713
3253,0.98845
3254,0.9281
3255,0.80928
3256,0.63319
3257,0.40182
3258,0.14818
3259,0.024973
3260,0
3261,0
3262,0
3263,0
3264,0
3265,0
3266,0
3267,0
3268,0
3269,0
3270,0.02268
3271,0.12517
3272,0.38496
3273,0.62939
3274,0.81501
3275,0.93687
3276,0.99195
3277,0.98358
3278,0.92043
3279,0.79895
3280,0.62767
3281,0.39882
3282,0.14804
3283,0.025587
3284,0
3285,0
3286,0
3287,0
3288,0
3289,0
3290,0
3291,0
3292,0
3293,0
3294,0.023354
3295,0.1249
3296,0.36971
3297,0.60329
3298,0.77449
3299,0.88543
3300,0.93625
3301,0.93053
3302,0.86934
3303,0.75863
3304,0.59476
3305,0.38161
3306,0.14591
3307,0.027722
3308,0
3309,0
3310,0
3311,0
3312,0
3313,0
3314,0
3315,0
3316,0
3317,0
3318,0.027043
3319,0.13028
3320,0.33235
3321,0.54633
3322,0.82276
3323,0.86611
3324,0.95432
3325,0.8795
3326,0.68611
3327,0.85336
3328,0.58645
3329,0.40468
3330,0.15794
3331,0.033727
3332,0
3333,0
3334,0
3335,0
3336,0
3337,0
3338,0
3339,0
3340,0
3341,0
3342,0.026285
3343,0.12941
3344,0.39896
3345,0.66292
3346,0.87375
3347,0.78223
3348,0.77255
3349,1
3350,1
3351,0.8801
3352,0.68228
3353,0.42816
3354,0.14616
3355,0.039053
3356,0
3357,0
3358,0
3359,0
3360,0
3361,0
3362,0
3363,0
3364,0
3365,0
3366,0.029334
3367,0.13531
3368,0.33853
3369,0.51195
3370,0.68255
3371,0.76069
3372,0.75414
3373,0.79939
3374,0.48997
3375,0.72379
3376,0.1802
3377,0.024135
3378,0.16644
3379,0.033963
3380,0
3381,0
3382,0
3383,0
3384,0
3385,0
3386,0
3387,0
3388,0
3389,0
3390,0.028516
3391,0.13292
3392,0.38484
3393,0.62532
3394,0.80939
3395,0.93305
3396,0.92657
3397,0.87182
3398,0.87237
3399,0.65294
3400,0.58381
3401,0.36139
3402,0.15111
3403,0.040892
3404,0
3405,0
3406,0
3407,0
3408,0
3409,0
3410,0
3411,0
3412,0
3413,0
3414,0.030059
3415,0.13323
3416,0.37835
3417,0.62405
3418,0.81375
3419,0.93942
3420,1
3421,0.29576
3422,0.19654
3423,0.23697
3424,0.4813
3425,0.07376
3426,0.13916
3427,0.041077
3428,0
3429,0
3430,0
3431,0
3432,0
3433,0
3434,0
3435,0
3436,0
3437,0
3438,0.029445
3439,0.13531
3440,0.37881
3441,0.62492
3442,0.82437
3443,0.95207
3444,1
3445,1
3446,0.95682
3447,0.83028
3448,0.59939
3449,0.40941
3450,0.16538
3451,0.036325
3452,0
3453,0
3454,0
3455,0
3456,0
3457,0
3458,0
3459,0
3460,0
3461,0
3462,0.028535
3463,0.1321
3464,0.37356
3465,0.61085
3466,0.79178
3467,0.9232
3468,0.98624
3469,0.99211
3470,0.92532
3471,0.81097
3472,0.63266
3473,0.40246
3474,0.15745
3475,0.032544
3476,0
3477,0
3478,0
3479,0
3480,0
3481,0
3482,0
3483,0
3484,0
3485,0
3486,0.029421
3487,0.13447
3488,0.37471
3489,0.60676
3490,0.78416
3491,0.90616
3492,0.96115
3493,0.96455
3494,0.91111
3495,0.79343
3496,0.62361
3497,0.39736
3498,0.16023
3499,0.034621
3500,0
3501,0
3502,0
3503,0
3504,0
3505,0
3506,0
3507,0
3508,0
3509,0
3510,0.030013
3511,0.13143
3512,0.3639
3513,0.58232
3514,0.75925
3515,0.88895
3516,0.95568
3517,0.96042
3518,0.90301
3519,0.79133
3520,0.62209
3521,0.39847
3522,0.15971
3523,0.034881
3524,0
3525,0
3526,0
3527,0
3528,0
3529,0
3530,0
3531,0
3532,0
3533,0
3534,0.029845
3535,0.13437
3536,0.37358
3537,0.57811
3538,0.719
3539,0.84392
3540,0.96265
3541,0.9603
3542,0.90942
3543,0.79138
3544,0.57345
3545,0.39504
3546,0.16266
3547,0.036478
3548,0
3549,0
3550,0
3551,0
3552,0
3553,0
3554,0
3555,0
3556,0
3557,0
3558,0.029973
3559,0.13301
3560,0.37219
3561,0.60383
3562,0.77908
3563,0.88935
3564,0.94747
3565,0.95265
3566,0.89223
3567,0.78458
3568,0.61489
3569,0.39474
3570,0.16097
3571,0.035669
3572,0
3573,0
3574,0
3575,0
3576,0
3577,0
3578,0
3579,0
3580,0
3581,0
3582,0.028912
3583,0.12914
3584,0.37198
3585,0.59985
3586,0.76883
3587,0.88074
3588,0.92966
3589,0.93019
3590,0.87338
3591,0.76833
3592,0.60777
3593,0.32757
3594,0.15742
3595,0.033758
3596,0
3597,0
3598,0
3599,0
3600,0
3601,0
3602,0
3603,0
3604,0
3605,0
3606,0.030031
3607,0.12918
3608,0.37435
3609,0.60863
3610,0.77543
3611,0.88351
3612,0.93391
3613,0.93455
3614,0.88053
3615,0.77346
3616,0.61271
3617,0.39575
3618,0.15735
3619,0.03062
3620,0
3621,0
3622,0
3623,0
3624,0
3625,0
3626,0
3627,0
3628,0
3629,0
3630,0.029139
3631,0.13009
3632,0.38613
3633,0.62658
3634,0.79885
3635,0.91174
3636,0.96762
3637,0.96846
3638,0.91242
3639,0.8041
3640,0.6395
3641,0.41478
3642,0.16482
3643,0.04151
3644,0
3645,0
3646,0
3647,0
3648,0
3649,0
3650,0
3651,0
3652,0
3653,0
3654,0.031647
3655,0.13225
3656,0.38237
3657,0.61902
3658,0.79552
3659,0.90942
3660,0.96642
3661,0.96115
3662,0.90513
3663,0.78911
3664,0.62175
3665,0.40192
3666,0.16107
3667,0.032175
3668,0
3669,0
3670,0
3671,0
3672,0
3673,0
3674,0
3675,0
3676,0
3677,0
3678,0.027046
3679,0.12381
3680,0.36851
3681,0.59632
3682,0.76339
3683,0.85245
3684,0.87579
3685,0.87734
3686,0.77697
3687,0.7404
3688,0.5888
3689,0.38306
3690,0.15705
3691,0.033547
3692,0
3693,0
3694,0
3695,0
3696,0
3697,0
3698,0
3699,0
3700,0
3701,0
3702,0.032602
3703,0.13152
3704,0.29984
3705,0.32169
3706,0.51689
3707,0.51454
3708,0.56734
3709,0.4549
3710,0.4797
3711,0.66476
3712,0.32412
3713,0.37475
3714,0.16186
3715,0.037344
3716,0
3717,0
3718,0
3719,0
3720,0
3721,0
3722,0
3723,0
3724,0
3725,0
3726,0.029867
3727,0.12747
3728,0.36855
3729,0.60218
3730,0.78023
3731,0.90212
3732,0.96468
3733,0.96589
3734,0.90177
3735,0.78845
3736,0.62353
3737,0.40283
3738,0.16408
3739,0.034419
3740,0
3741,0
3742,0
3743,0
3744,0
3745,0
3746,0
3747,0
3748,0
3749,0
3750,0.028661
3751,0.12361
3752,0.35606
3753,0.58573
3754,0.76002
3755,0.8798
3756,0.93957
3757,0.9407
3758,0.89043
3759,0.78017
3760,0.61401
3761,0.40007
3762,0.16577
3763,0.037606
3764,0
3765,0
3766,0
3767,0
3768,0
3769,0
3770,0
3771,0
3772,0
3773,0
3774,0.029728
3775,0.12735
3776,0.35948
3777,0.57981
3778,0.75013
3779,0.87925
3780,0.94655
3781,0.95274
3782,0.83231
3783,0.74261
3784,0.6322
3785,0.41157
3786,0.16939
3787,0.036806
3788,0
3789,0
3790,0
3791,0
3792,0
3793,0
3794,0
3795,0
3796,0
3797,0
3798,0.02806
3799,0.12505
3800,0.37395
3801,0.56537
3802,0.61474
3803,0.79089
3804,0.89585
3805,0.89605
3806,0.85134
3807,0.78293
3808,0.57589
3809,0.4075
3810,0.16781
3811,0.045692
3812,0
3813,0
3814,0
3815,0
3816,0
3817,0
3818,0
3819,0
3820,0
3821,0
3822,0.030074
3823,0.1272
3824,0.37611
3825,0.62124
3826,0.81018
3827,0.94012
3828,1
3829,1
3830,0.95457
3831,0.83453
3832,0.65653
3833,0.42672
3834,0.1749
3835,0.032177
3836,0
3837,0
3838,0
3839,0
3840,0
3841,0
3842,0
3843,0
3844,0
3845,0
3846,0.024985
3847,0.12035
3848,0.36982
3849,0.61257
3850,0.79588
3851,0.92483
3852,0.88693
3853,0.75981
3854,0.58388
3855,0.6147
3856,0.40628
3857,0.25283
3858,0.16798
3859,0.039857
3860,0
3861,0
3862,0
3863,0
3864,0
3865,0
3866,0
3867,0
3868,0
3869,0
3870,0.030825
3871,0.12554
3872,0.3675
3873,0.60372
3874,0.71976
3875,0.5959
3876,0.67153
3877,0.89369
3878,0.89949
3879,0.79288
3880,0.58721
3881,0.38655
3882,0.17366
3883,0.035982
3884,0
3885,0
3886,0
3887,0
3888,0
3889,0
3890,0
3891,0
3892,0
3893,0
3894,0.026641
3895,0.12127
3896,0.36862
3897,0.60761
3898,0.78851
3899,0.91821
3900,0.97616
3901,0.97708
3902,0.91717
3903,0.8001
3904,0.63117
3905,0.41165
3906,0.17221
3907,0.038162
3908,0
3909,0
3910,0
3911,0
3912,0
3913,0
3914,0
3915,0
3916,0
3917,0
3918,0.031157
3919,0.12434
3920,0.36619
3921,0.60348
3922,0.78642
3923,0.91296
3924,0.97891
3925,0.98154
3926,0.92503
3927,0.81167
3928,0.64503
3929,0.42525
3930,0.17717
3931,0.036632
3932,0
3933,0
3934,0
3935,0
3936,0
3937,0
3938,0
3939,0
3940,0
3941,0
3942,0.030277
3943,0.12309
3944,0.37348
3945,0.58196
3946,0.66458
3947,0.87225
3948,1
3949,0.92382
3950,0.85042
3951,0.77517
3952,0.61159
3953,0.43747
3954,0.1783
3955,0.040497
3956,0
3957,0
3958,0
3959,0
3960,0
3961,0
3962,0
3963,0
3964,0
3965,0
3966,0.036087
3967,0.11914
3968,0.31372
3969,0.48031
3970,0.73068
3971,0.41853
3972,0.84528
3973,0.89019
3974,0.31645
3975,0.61733
3976,0.60579
3977,0.39892
3978,0.18455
3979,0.03244
3980,0
3981,0
3982,0
3983,0
3984,0
3985,0
3986,0
3987,0
3988,0
3989,0
3990,0.027236
3991,0.10223
3992,0.29338
3993,0.31458
3994,0.60834
3995,0.74414
3996,0.80886
3997,0.82144
3998,0.9528
3999,0.83372
4000,0.54302
4001,0.23833
4002,0.15437
4003,0.052968
4004,0
4005,0
4006,0
4007,0
4008,0
4009,0
4010,0
4011,0
4012,0
4013,0
4014,0.034036
4015,0.11397
4016,0.22384
4017,0.46557
4018,0.60847
4019,0.59621
4020,0.54034
4021,0.45636
4022,0.30775
4023,0.14361
4024,0.64886
4025,0.19788
4026,0.17263
4027,0.048546
4028,0
4029,0
4030,0
4031,0
4032,0
4033,0
4034,0
4035,0
4036,0
4037,0
4038,0.023761
4039,0.11601
4040,0.36524
4041,0.60983
4042,0.80618
4043,0.93442
4044,1
4045,1
4046,0.95332
4047,0.83447
4048,0.66346
4049,0.4343
4050,0.18079
4051,0.030186
4052,0
4053,0
4054,0
4055,0
4056,0
4057,0
4058,0
4059,0
4060,0
4061,0
4062,0.023628
4063,0.11646
4064,0.33576
4065,0.59626
4066,0.77575
4067,0.89833
4068,0.96121
4069,0.90867
4070,0.90582
4071,0.73603
4072,0.64014
4073,0.38699
4074,0.17997
4075,0.032573
4076,0
4077,0
4078,0
4079,0
4080,0
4081,0
4082,0
4083,0
4084,0
4085,0
4086,0.024118
4087,0.11796
4088,0.37353
4089,0.60796
4090,0.78681
4091,0.90319
4092,0.96693
4093,0.96896
4094,0.91748
4095,0.80708
4096,0.64125
4097,0.36414
4098,0.1684
4099,0.045329
4100,0
4101,0
4102,0
4103,0
4104,0
4105,0
4106,0
4107,0
4108,0
4109,0
4110,0.023679
4111,0.11353
4112,0.35652
4113,0.59397
4114,0.77904
4115,0.90322
4116,0.96744
4117,0.97152
4118,0.90971
4119,0.79394
4120,0.62816
4121,0.41148
4122,0.17558
4123,0.031213
4124,0
4125,0
4126,0
4127,0
4128,0
4129,0
4130,0
4131,0
4132,0
4133,0
4134,0.02617
4135,0.11626
4136,0.37016
4137,0.61727
4138,0.80709
4139,0.93031
4140,0.98458
4141,0.98444
4142,0.92417
4143,0.81531
4144,0.64894
4145,0.42992
4146,0.18315
4147,0.03195
4148,0
4149,0
4150,0
4151,0
4152,0
4153,0
4154,0
4155,0
4156,0
4157,0
4158,0.025197
4159,0.11636
4160,0.36735
4161,0.60806
4162,0.7918
4163,0.9069
4164,0.96177
4165,0.96503
4166,0.91061
4167,0.80536
4168,0.64044
4169,0.42739
4170,0.17943
4171,0.030168
4172,0
4173,0
4174,0
4175,0
4176,0
4177,0
4178,0
4179,0
4180,0
4181,0
4182,0.024016
4183,0.11434
4184,0.36078
4185,0.59867
4186,0.77894
4187,0.89772
4188,0.96393
4189,0.97158
4190,0.91621
4191,0.8068
4192,0.64629
4193,0.42957
4194,0.18374
4195,0.031402
4196,0
4197,0
4198,0
4199,0
4200,0
4201,0
4202,0
4203,0
4204,0
4205,0
4206,0.02346
4207,0.11204
4208,0.36011
4209,0.60016
4210,0.77047
4211,0.86988
4212,0.91217
4213,0.89439
4214,0.83575
4215,0.74582
4216,0.60535
4217,0.4072
4218,0.1778
4219,0.031123
4220,0
4221,0
4222,0
4223,0
4224,0
4225,0
4226,0
4227,0
4228,0
4229,0
4230,0.023503
4231,0.11057
4232,0.34698
4233,0.57262
4234,0.73787
4235,0.8513
4236,0.90526
4237,0.91205
4238,0.85622
4239,0.75574
4240,0.60324
4241,0.40096
4242,0.17248
4243,0.033031
4244,0
4245,0
4246,0
4247,0
4248,0
4249,0
4250,0
4251,0
4252,0
4253,0
4254,0.023993
4255,0.10529
4256,0.33808
4257,0.5649
4258,0.73647
4259,0.84615
4260,0.90711
4261,0.90907
4262,0.86288
4263,0.76044
4264,0.60858
4265,0.40522
4266,0.17551
4267,0.029304
4268,0
4269,0
4270,0
4271,0
4272,0
4273,0
4274,0
4275,0
4276,0
4277,0
4278,0.023527
4279,0.10653
4280,0.34035
4281,0.56344
4282,0.72613
4283,0.82912
4284,0.89553
4285,0.91209
4286,0.86768
4287,0.76809
4288,0.61477
4289,0.4115
4290,0.18154
4291,0.032599
4292,0
4293,0
4294,0
4295,0
4296,0
4297,0
4298,0
4299,0
4300,0
4301,0
4302,0.025298
4303,0.10904
4304,0.35406
4305,0.50377
4306,0.77347
4307,0.89613
4308,0.95463
4309,0.96141
4310,0.90786
4311,0.80101
4312,0.64116
4313,0.42949
4314,0.18832
4315,0.034291
4316,0
4317,0
4318,0
4319,0
4320,0
4321,0
4322,0
4323,0
4324,0
4325,0
4326,0.028124
4327,0.11553
4328,0.3492
4329,0.58133
4330,0.75101
4331,0.86167
4332,0.90466
4333,0.89359
4334,0.82908
4335,0.73938
4336,0.60679
4337,0.40978
4338,0.17977
4339,0.034393
4340,0
4341,0
4342,0
4343,0
4344,0
4345,0
4346,0
4347,0
4348,0
4349,0
4350,0.026954
4351,0.11181
4352,0.34284
4353,0.57224
4354,0.738
4355,0.84045
4356,0.88579
4357,0.89193
4358,0.85421
4359,0.7749
4360,0.63132
4361,0.42371
4362,0.18567
4363,0.03989
4364,0
4365,0
4366,0
4367,0
4368,0
4369,0
4370,0
4371,0
4372,0
4373,0
4374,0.027128
4375,0.11091
4376,0.34593
4377,0.57396
4378,0.74288
4379,0.85799
4380,0.9209
4381,0.93267
4382,0.89463
4383,0.79668
4384,0.64159
4385,0.43041
4386,0.19108
4387,0.041592
4388,0
4389,0
4390,0
4391,0
4392,0
4393,0
4394,0
4395,0
4396,0
4397,0
4398,0.026725
4399,0.10937
4400,0.34986
4401,0.5884
4402,0.77023
4403,0.8943
4404,0.95343
4405,0.95859
4406,0.90738
4407,0.8012
4408,0.64299
4409,0.43279
4410,0.18847
4411,0.037301
4412,0
4413,0
4414,0
4415,0
4416,0
4417,0
4418,0
4419,0
4420,0
4421,0
4422,0.025736
4423,0.10637
4424,0.35069
4425,0.5959
4426,0.78531
4427,0.90771
4428,0.9771
4429,0.98291
4430,0.93005
4431,0.81865
4432,0.65285
4433,0.43683
4434,0.19049
4435,0.03392
4436,0
4437,0
4438,0
4439,0
4440,0
4441,0
4442,0
4443,0
4444,0
4445,0
4446,0.024709
4447,0.10543
4448,0.34803
4449,0.59245
4450,0.78812
4451,0.92109
4452,0.99528
4453,1
4454,0.95884
4455,0.85238
4456,0.68112
4457,0.45246
4458,0.19593
4459,0.036505
4460,0
4461,0
4462,0
4463,0
4464,0
4465,0
4466,0
4467,0
4468,0
4469,0
4470,0.025971
4471,0.10697
4472,0.35099
4473,0.5967
4474,0.78987
4475,0.91915
4476,0.98297
4477,0.98886
4478,0.9342
4479,0.82292
4480,0.65629
4481,0.43606
4482,0.1901
4483,0.033033
4484,0
4485,0
4486,0
4487,0
4488,0
4489,0
4490,0
4491,0
4492,0
4493,0
4494,0.022709
4495,0.10103
4496,0.3436
4497,0.58859
4498,0.77949
4499,0.91022
4500,0.98138
4501,0.98877
4502,0.93454
4503,0.82275
4504,0.6563
4505,0.43886
4506,0.18991
4507,0.033566
4508,0
4509,0
4510,0
4511,0
4512,0
4513,0
4514,0
4515,0
4516,0
4517,0
4518,0.019623
4519,0.099014
4520,0.33723
4521,0.5806
4522,0.76973
4523,0.89304
4524,0.95405
4525,0.95759
4526,0.90559
4527,0.79937
4528,0.64031
4529,0.4272
4530,0.18391
4531,0.02792
4532,0
4533,0
4534,0
4535,0
4536,0
4537,0
4538,0
4539,0
4540,0
4541,0
4542,0.018321
4543,0.092084
4544,0.33179
4545,0.5697
4546,0.76174
4547,0.89327
4548,0.96958
4549,0.98147
4550,0.93383
4551,0.83172
4552,0.66945
4553,0.45215
4554,0.19519
4555,0.032091
4556,0
4557,0
4558,0
4559,0
4560,0
4561,0
4562,0
4563,0
4564,0
4565,0
4566,0.019924
4567,0.09937
4568,0.34614
4569,0.59475
4570,0.78704
4571,0.92216
4572,0.99436
4573,1
4574,0.94647
4575,0.83034
4576,0.65961
4577,0.43906
4578,0.19093
4579,0.029849
4580,0
4581,0
4582,0
4583,0
4584,0
4585,0
4586,0
4587,0
4588,0
4589,0
4590,0.019383
4591,0.096899
4592,0.3402
4593,0.58241
4594,0.76029
4595,0.86728
4596,0.90819
4597,0.90205
4598,0.86264
4599,0.77809
4600,0.63327
4601,0.42951
4602,0.18829
4603,0.029691
4604,0
4605,0
4606,0
4607,0
4608,0
4609,0
4610,0
4611,0
4612,0
4613,0
4614,0.01893
4615,0.097407
4616,0.34563
4617,0.59571
4618,0.78864
4619,0.91629
4620,0.98247
4621,0.98529
4622,0.92744
4623,0.81796
4624,0.65332
4625,0.43498
4626,0.19128
4627,0.03252
4628,0
4629,0
4630,0
4631,0
4632,0
4633,0
4634,0
4635,0
4636,0
4637,0
4638,0.018735
4639,0.097474
4640,0.33814
4641,0.57317
4642,0.75646
4643,0.8755
4644,0.93668
4645,0.94429
4646,0.89607
4647,0.79348
4648,0.63255
4649,0.42208
4650,0.18411
4651,0.03
4652,0
4653,0
4654,0
4655,0
4656,0
4657,0
4658,0
4659,0
4660,0
4661,0
4662,0.018528
4663,0.095814
4664,0.33513
4665,0.57231
4666,0.74882
4667,0.86739
4668,0.92774
4669,0.93376
4670,0.88808
4671,0.79214
4672,0.63775
4673,0.42935
4674,0.18844
4675,0.031345
4676,0
4677,0
4678,0
4679,0
4680,0
4681,0
4682,0
4683,0
4684,0
4685,0
4686,0.021085
4687,0.098473
4688,0.34254
4689,0.58935
4690,0.78092
4691,0.90954
4692,0.91722
4693,0.9166
4694,0.93555
4695,0.83089
4696,0.62249
4697,0.41431
4698,0.19295
4699,0.034827
4700,0
4701,0
4702,0
4703,0
4704,0
4705,0
4706,0
4707,0
4708,0
4709,0
4710,0.021247
4711,0.098618
4712,0.34104
4713,0.58917
4714,0.78142
4715,0.91161
4716,0.98034
4717,0.99061
4718,0.93739
4719,0.83427
4720,0.66859
4721,0.44727
4722,0.19497
4723,0.031297
4724,0
4725,0
4726,0
4727,0
4728,0
4729,0
4730,0
4731,0
4732,0
4733,0
4734,0.020404
4735,0.096006
4736,0.34473
4737,0.60195
4738,0.80169
4739,0.93981
4740,1
4741,1
4742,0.97709
4743,0.86399
4744,0.6884
4745,0.45597
4746,0.19635
4747,0.031096
4748,0
4749,0
4750,0
4751,0
4752,0
4753,0
4754,0
4755,0
4756,0
4757,0
4758,0.017253
4759,0.093875
4760,0.3399
4761,0.59144
4762,0.79109
4763,0.92662
4764,0.99584
4765,1
4766,0.9555
4767,0.84469
4768,0.67543
4769,0.44946
4770,0.18987
4771,0.027005
4772,0
4773,0
4774,0
4775,0
4776,0
4777,0
4778,0
4779,0
4780,0
4781,0
4782,0.015361
4783,0.091928
4784,0.34543
4785,0.59821
4786,0.79504
4787,0.92956
4788,1
4789,1
4790,0.95467
4791,0.84011
4792,0.67166
4793,0.44642
4794,0.19049
4795,0.026948
4796,0
4797,0
4798,0
4799,0
4800,0
4801,0
4802,0
4803,0
4804,0
4805,0
4806,0.016133
4807,0.089315
4808,0.34178
4809,0.59317
4810,0.78797
4811,0.91459
4812,0.97988
4813,0.98925
4814,0.93639
4815,0.83077
4816,0.66667
4817,0.37211
4818,0.19139
4819,0.027845
4820,0
4821,0
4822,0
4823,0
4824,0
4825,0
4826,0
4827,0
4828,0
4829,0
4830,0.016242
4831,0.088992
4832,0.34123
4833,0.58765
4834,0.77584
4835,0.90444
4836,0.96849
4837,0.97955
4838,0.93765
4839,0.83212
4840,0.67035
4841,0.45108
4842,0.19239
4843,0.028108
4844,0
4845,0
4846,0
4847,0
4848,0
4849,0
4850,0
4851,0
4852,0
4853,0
4854,0.014503
4855,0.091165
4856,0.34443
4857,0.5968
4858,0.7903
4859,0.91819
4860,0.9801
4861,0.98841
4862,0.93229
4863,0.81864
4864,0.65623
4865,0.43732
4866,0.18842
4867,0.027299
4868,0
4869,0
4870,0
4871,0
4872,0
4873,0
4874,0
4875,0
4876,0
4877,0
4878,0.012822
4879,0.087949
4880,0.33075
4881,0.57086
4882,0.75049
4883,0.87192
4884,0.94012
4885,0.95263
4886,0.90016
4887,0.7967
4888,0.63852
4889,0.42473
4890,0.1838
4891,0.027006
4892,0
4893,0
4894,0
4895,0
4896,0
4897,0
4898,0
4899,0
4900,0
4901,0
4902,0.014313
4903,0.089149
4904,0.33529
4905,0.58178
4906,0.77136
4907,0.8928
4908,0.95441
4909,0.96231
4910,0.90991
4911,0.80801
4912,0.64587
4913,0.43285
4914,0.1855
4915,0.028191
4916,0
4917,0
4918,0
4919,0
4920,0
4921,0
4922,0
4923,0
4924,0
4925,0
4926,0.014594
4927,0.090148
4928,0.33704
4929,0.58458
4930,0.77555
4931,0.90294
4932,0.96113
4933,0.9684
4934,0.91642
4935,0.80935
4936,0.64767
4937,0.36365
4938,0.18747
4939,0.029555
4940,0
4941,0
4942,0
4943,0
4944,0
4945,0
4946,0
4947,0
4948,0
4949,0
4950,0.013342
4951,0.089223
4952,0.32952
4953,0.56627
4954,0.74157
4955,0.86228
4956,0.92676
4957,0.93677
4958,0.88338
4959,0.78192
4960,0.62763
4961,0.4185
4962,0.18109
4963,0.027848
4964,0
4965,0
4966,0
4967,0
4968,0
4969,0
4970,0
4971,0
4972,0
4973,0
4974,0.01217
4975,0.087852
4976,0.31417
4977,0.46112
4978,0.71664
4979,0.82195
4980,0.88048
4981,0.8899
4982,0.85028
4983,0.75503
4984,0.60209
4985,0.40314
4986,0.17485
4987,0.029908
4988,0
4989,0
4990,0
4991,0
4992,0
4993,0
4994,0
4995,0
4996,0
4997,0
4998,0.011395
4999,0.08532
5000,0.31225
5001,0.54496
5002,0.72298
5003,0.84668
5004,0.90747
5005,0.91699
5006,0.86123
5007,0.76371
5008,0.61097
5009,0.35129
5010,0.17325
5011,0.028462
5012,0
5013,0
5014,0
5015,0
5016,0
5017,0
5018,0
5019,0
5020,0
5021,0
5022,0.0104
5023,0.086488
5024,0.31524
5025,0.54745
5026,0.71213
5027,0.82547
5028,0.88962
5029,0.90583
5030,0.86174
5031,0.76536
5032,0.6104
5033,0.40523
5034,0.1738
5035,0.026872
5036,0
5037,0
5038,0
5039,0
5040,0
5041,0
5042,0
5043,0
5044,0
5045,0
5046,0.01049
5047,0.085726
5048,0.318
5049,0.55102
5050,0.73217
5051,0.85888
5052,0.92683
5053,0.94132
5054,0.89789
5055,0.79897
5056,0.63812
5057,0.42653
5058,0.17932
5059,0.023704
5060,0
5061,0
5062,0
5063,0
5064,0
5065,0
5066,0
5067,0
5068,0
5069,0
5070,0.010065
5071,0.083971
5072,0.33137
5073,0.58154
5074,0.77082
5075,0.8911
5076,0.94781
5077,0.95551
5078,0.90477
5079,0.80723
5080,0.64652
5081,0.43103
5082,0.18172
5083,0.024911
5084,0
5085,0
5086,0
5087,0
5088,0
5089,0
5090,0
5091,0
5092,0
5093,0
5094,0.0088012
5095,0.083941
5096,0.32844
5097,0.57131
5098,0.75133
5099,0.86893
5100,0.93638
5101,0.95653
5102,0.9106
5103,0.81414
5104,0.6529
5105,0.43491
5106,0.18209
5107,0.025186
5108,0
5109,0
5110,0
5111,0
5112,0
5113,0
5114,0
5115,0
5116,0
5117,0
5118,0.010027
5119,0.0851
5120,0.3334
5121,0.5799
5122,0.76815
5123,0.89325
5124,0.9582
5125,0.96686
5126,0.91614
5127,0.81369
5128,0.64792
5129,0.35536
5130,0.17923
5131,0.027908
5132,0
5133,0
5134,0
5135,0
5136,0
5137,0
5138,0
5139,0
5140,0
5141,0
5142,0.0085391
5143,0.088321
5144,0.32382
5145,0.56932
5146,0.75214
5147,0.87291
5148,0.93492
5149,0.94617
5150,0.90256
5151,0.80073
5152,0.64228
5153,0.42901
5154,0.17865
5155,0.025116
5156,0
5157,0
5158,0
5159,0
5160,0
5161,0
5162,0
5163,0
5164,0
5165,0
5166,0.0080112
5167,0.086801
5168,0.33606
5169,0.59021
5170,0.78525
5171,0.91336
5172,0.98373
5173,0.99524
5174,0.9405
5175,0.83055
5176,0.66615
5177,0.43633
5178,0.17944
5179,0.025071
5180,0
5181,0
5182,0
5183,0
5184,0
5185,0
5186,0
5187,0
5188,0
5189,0
5190,0.0091718
5191,0.086847
5192,0.33665
5193,0.5966
5194,0.79321
5195,0.92399
5196,0.99594
5197,1
5198,0.95122
5199,0.83807
5200,0.66487
5201,0.43545
5202,0.17974
5203,0.026825
5204,0
5205,0
5206,0
5207,0
5208,0
5209,0
5210,0
5211,0
5212,0
5213,0
5214,0.0091714
5215,0.089221
5216,0.3319
5217,0.59045
5218,0.7953
5219,0.9346
5220,1
5221,1
5222,0.95376
5223,0.84139
5224,0.67207
5225,0.44095
5226,0.18092
5227,0.028319
5228,0
5229,0
5230,0
5231,0
5232,0
5233,0
5234,0
5235,0
5236,0
5237,0
5238,0.0080838
5239,0.08569
5240,0.34012
5241,0.60625
5242,0.8151
5243,0.95442
5244,1
5245,1
5246,0.9659
5247,0.8452
5248,0.66977
5249,0.43599
5250,0.17685
5251,0.023715
5252,0
5253,0
5254,0
5255,0
5256,0
5257,0
5258,0
5259,0
5260,0
5261,0
5262,0.0068829
5263,0.082691
5264,0.329
5265,0.58333
5266,0.78352
5267,0.92133
5268,0.99258
5269,0.99561
5270,0.93886
5271,0.82933
5272,0.65672
5273,0.4286
5274,0.17171
5275,0.021858
5276,0
5277,0
5278,0
5279,0
5280,0
5281,0
5282,0
5283,0
5284,0
5285,0
5286,0.0058452
5287,0.080219
5288,0.33227
5289,0.59345
5290,0.7952
5291,0.93253
5292,1
5293,1
5294,0.95037
5295,0.83398
5296,0.65897
5297,0.42665
5298,0.17036
5299,0.022861
5300,0
5301,0
5302,0
5303,0
5304,0
5305,0
5306,0
5307,0
5308,0
5309,0
5310,0.0047094
5311,0.083306
5312,0.32383
5313,0.58178
5314,0.78003
5315,0.91275
5316,0.98285
5317,0.99134
5318,0.93472
5319,0.82104
5320,0.65179
5321,0.42346
5322,0.16813
5323,0.022261
5324,0
5325,0
5326,0
5327,0
5328,0
5329,0
5330,0
5331,0
5332,0
5333,0
5334,0.0036408
5335,0.084517
5336,0.3215
5337,0.57019
5338,0.76636
5339,0.89282
5340,0.95357
5341,0.95956
5342,0.90717
5343,0.80442
5344,0.6361
5345,0.41326
5346,0.16718
5347,0.024448
5348,0
5349,0
5350,0
5351,0
5352,0
5353,0
5354,0
5355,0
5356,0
5357,0
5358,0.0014755
5359,0.086003
5360,0.31581
5361,0.5535
5362,0.74198
5363,0.86612
5364,0.93104
5365,0.93935
5366,0.89363
5367,0.79353
5368,0.63071
5369,0.41076
5370,0.16239
5371,0.02017
5372,0
5373,0
5374,0
5375,0
5376,0
5377,0
5378,0
5379,0
5380,0
5381,0
5382,0
5383,0.081658
5384,0.32007
5385,0.55442
5386,0.72084
5387,0.84591
5388,0.91083
5389,0.92212
5390,0.8683
5391,0.76549
5392,0.61174
5393,0.39784
5394,0.15651
5395,0.019066
5396,0
5397,0
5398,0
5399,0
5400,0
5401,0
5402,0
5403,0
5404,0
5405,0
5406,0
5407,0.081406
5408,0.32014
5409,0.56557
5410,0.74578
5411,0.86529
5412,0.92685
5413,0.93485
5414,0.8964
5415,0.78924
5416,0.62309
5417,0.39859
5418,0.15673
5419,0.019411
5420,0
5421,0
5422,0
5423,0
5424,0
5425,0
5426,0
5427,0
5428,0
5429,0
5430,0
5431,0.084887
5432,0.33076
5433,0.59162
5434,0.79579
5435,0.94154
5436,1
5437,1
5438,0.95729
5439,0.84014
5440,0.66301
5441,0.42663
5442,0.16372
5443,0.020208
5444,0
5445,0
5446,0
5447,0
5448,0
5449,0
5450,0
5451,0
5452,0
5453,0
5454,0
5455,0.084054
5456,0.31968
5457,0.57045
5458,0.76583
5459,0.89361
5460,0.94968
5461,0.95589
5462,0.89986
5463,0.79656
5464,0.62382
5465,0.40193
5466,0.15682
5467,0.018119
5468,0
5469,0
5470,0
5471,0
5472,0
5473,0
5474,0
5475,0
5476,0
5477,0
5478,0
5479,0.083499
5480,0.31428
5481,0.56173
5482,0.75328
5483,0.8858
5484,0.95276
5485,0.95977
5486,0.89357
5487,0.78932
5488,0.61683
5489,0.39461
5490,0.15317
5491,0.01738
5492,0
5493,0
5494,0
5495,0
5496,0
5497,0
5498,0
5499,0
5500,0
5501,0
5502,0
5503,0.081678
5504,0.30716
5505,0.54787
5506,0.73671
5507,0.85522
5508,0.91443
5509,0.91819
5510,0.86723
5511,0.75746
5512,0.58664
5513,0.36977
5514,0.14713
5515,0.015113
5516,0
5517,0
5518,0
5519,0
5520,0
5521,0
5522,0
5523,0
5524,0
5525,0
5526,0
5527,0.084028
5528,0.29468
5529,0.53064
5530,0.72247
5531,0.85689
5532,0.92326
5533,0.9328
5534,0.87909
5535,0.76498
5536,0.59179
5537,0.3602
5538,0.14602
5539,0.013417
5540,0
5541,0
5542,0
5543,0
5544,0
5545,0
5546,0
5547,0
5548,0
5549,0
5550,0
5551,0.082046
5552,0.30318
5553,0.53372
5554,0.72363
5555,0.85403
5556,0.91958
5557,0.92619
5558,0.86651
5559,0.75891
5560,0.59206
5561,0.37829
5562,0.14486
5563,0.012316
5564,0
5565,0
5566,0
5567,0
5568,0
5569,0
5570,0
5571,0
5572,0
5573,0
5574,0
5575,0.081965
5576,0.3005
5577,0.54552
5578,0.73948
5579,0.85415
5580,0.92392
5581,0.93125
5582,0.87946
5583,0.77749
5584,0.6124
5585,0.32014
5586,0.12963
5587,0.014168
5588,0
5589,0
5590,0
5591,0
5592,0
5593,0
5594,0
5595,0
5596,0
5597,0
5598,0
5599,0.083171
5600,0.29923
5601,0.54437
5602,0.74263
5603,0.88076
5604,0.92994
5605,0.92399
5606,0.86263
5607,0.76404
5608,0.59851
5609,0.37763
5610,0.14235
5611,0.0098467
5612,0
5613,0
5614,0
5615,0
5616,0
5617,0
5618,0
5619,0
5620,0
5621,0
5622,0
5623,0.080006
5624,0.31124
5625,0.55184
5626,0.72879
5627,0.84463
5628,0.9139
5629,0.92323
5630,0.87837
5631,0.76719
5632,0.59943
5633,0.3759
5634,0.13954
5635,0.0097746
5636,0
5637,0
5638,0
5639,0
5640,0
5641,0
5642,0
5643,0
5644,0
5645,0
5646,0
5647,0.079198
5648,0.3306
5649,0.58756
5650,0.78477
5651,0.91955
5652,0.98262
5653,0.97885
5654,0.91333
5655,0.79491
5656,0.62241
5657,0.39057
5658,0.14007
5659,0.0092164
5660,0
5661,0
5662,0
5663,0
5664,0
5665,0
5666,0
5667,0
5668,0
5669,0
5670,0
5671,0.078177
5672,0.32454
5673,0.58019
5674,0.78383
5675,0.91534
5676,0.98397
5677,0.99706
5678,0.93716
5679,0.81615
5680,0.63718
5681,0.39822
5682,0.1399
5683,0.0074961
5684,0
5685,0
5686,0
5687,0
5688,0
5689,0
5690,0
5691,0
5692,0
5693,0
5694,0
5695,0.07756
5696,0.32567
5697,0.58702
5698,0.79322
5699,0.92292
5700,0.9864
5701,0.98514
5702,0.93094
5703,0.8137
5704,0.62702
5705,0.38974
5706,0.13788
5707,0.0076187
5708,0
5709,0
5710,0
5711,0
5712,0
5713,0
5714,0
5715,0
5716,0
5717,0
5718,0
5719,0.078459
5720,0.31723
5721,0.56744
5722,0.7507
5723,0.87371
5724,0.93857
5725,0.94917
5726,0.89756
5727,0.77947
5728,0.60562
5729,0.37744
5730,0.13181
5731,0.0055666
5732,0
5733,0
5734,0
5735,0
5736,0
5737,0
5738,0
5739,0
5740,0
5741,0
5742,0
5743,0.078173
5744,0.32041
5745,0.56441
5746,0.75273
5747,0.88512
5748,0.94778
5749,0.95454
5750,0.9064
5751,0.79894
5752,0.62566
5753,0.39232
5754,0.13265
5755,0.0054545
5756,0
5757,0
5758,0
5759,0
5760,0
5761,0
5762,0
5763,0
5764,0
5765,0
5766,0
5767,0.075981
5768,0.30305
5769,0.58618
5770,0.779
5771,0.90584
5772,0.86488
5773,0.84735
5774,0.78473
5775,0.65381
5776,0.52608
5777,0.26253
5778,0.10383
5779,0.0033233
5780,0
5781,0
5782,0
5783,0
5784,0
5785,0
5786,0
5787,0
5788,0
5789,0
5790,0
5791,0.063402
5792,0.20611
5793,0.58361
5794,0.77875
5795,0.9026
5796,0.9633
5797,0.96395
5798,0.90496
5799,0.79186
5800,0.61361
5801,0.37983
5802,0.12393
5803,0.0062673
5804,0
5805,0
5806,0
5807,0
5808,0
5809,0
5810,0
5811,0
5812,0
5813,0
5814,0
5815,0.074012
5816,0.33357
5817,0.59779
5818,0.80052
5819,0.93149
5820,0.99943
5821,1
5822,0.93673
5823,0.8159
5824,0.62796
5825,0.38258
5826,0.12225
5827,0
5828,0
5829,0
5830,0
5831,0
5832,0
5833,0
5834,0
5835,0
5836,0
5837,0
5838,0
5839,0.072972
5840,0.33539
5841,0.60197
5842,0.8106
5843,0.94257
5844,1
5845,1
5846,0.94447
5847,0.69828
5848,0.56137
5849,0.39039
5850,0.12307
5851,0
5852,0
5853,0
5854,0
5855,0
5856,0
5857,0
5858,0
5859,0
5860,0
5861,0
5862,0
5863,0.072208
5864,0.3164
5865,0.57639
5866,0.70261
5867,0.82748
5868,0.98987
5869,0.98724
5870,0.91402
5871,0.61758
5872,0.60692
5873,0.36277
5874,0.11384
5875,0
5876,0
5877,0
5878,0
5879,0
5880,0
5881,0
5882,0
5883,0
5884,0
5885,0
5886,0
5887,0.074729
5888,0.32135
5889,0.58763
5890,0.80116
5891,0.94794
5892,1
5893,1
5894,0.9465
5895,0.82581
5896,0.62813
5897,0.37485
5898,0.11702
5899,0
5900,0
5901,0
5902,0
5903,0
5904,0
5905,0
5906,0
5907,0
5908,0
5909,0
5910,0
5911,0.077212
5912,0.31415
5913,0.58342
5914,0.8067
5915,0.96264
5916,1
5917,1
5918,0.96447
5919,0.82797
5920,0.63652
5921,0.38002
5922,0.11543
5923,0
5924,0
5925,0
5926,0
5927,0
5928,0
5929,0
5930,0
5931,0
5932,0
5933,0
5934,0
5935,0.072771
5936,0.32681
5937,0.58846
5938,0.78078
5939,0.90735
5940,0.97001
5941,0.9733
5942,0.90679
5943,0.79384
5944,0.60662
5945,0.35997
5946,0.10849
5947,0
5948,0
5949,0
5950,0
5951,0
5952,0
5953,0
5954,0
5955,0
5956,0
5957,0
5958,0
5959,0.070166
5960,0.31907
5961,0.5722
5962,0.76231
5963,0.88518
5964,0.95319
5965,0.95922
5966,0.89538
5967,0.77729
5968,0.59163
5969,0.35119
5970,0.10384
5971,0
5972,0
5973,0
5974,0
5975,0
5976,0
5977,0
5978,0
5979,0
5980,0
5981,0
5982,0
5983,0.069732
5984,0.31376
5985,0.56759
5986,0.7622
5987,0.88218
5988,0.94242
5989,0.94801
5990,0.87778
5991,0.75655
5992,0.5725
5993,0.33592
5994,0.099343
5995,0
5996,0
5997,0
5998,0
5999,0
6000,0
6001,0
6002,0
6003,0
6004,0
6005,0
6006,0
6007,0.069451
6008,0.31036
6009,0.56024
6010,0.7547
6011,0.88056
6012,0.9398
6013,0.94659
6014,0.8796
6015,0.75946
6016,0.5755
6017,0.24062
6018,0.097666
6019,0
6020,0
6021,0
6022,0
6023,0
6024,0
6025,0
6026,0
6027,0
6028,0
6029,0
6030,0
6031,0.070385
6032,0.31677
6033,0.46633
6034,0.64494
6035,0.75526
6036,0.80496
6037,0.81873
6038,0.74955
6039,0.64389
6040,0.4881
6041,0.3341
6042,0.094521
6043,0
6044,0
6045,0
6046,0
6047,0
6048,0
6049,0
6050,0
6051,0
6052,0
6053,0
6054,0
6055,0.067674
6056,0.31195
6057,0.43664
6058,0.63528
6059,0.86353
6060,0.91772
6061,0.92188
6062,0.86186
6063,0.74314
6064,0.56374
6065,0.32608
6066,0.089549
6067,0
6068,0
6069,0
6070,0
6071,0
6072,0
6073,0
6074,0
6075,0
6076,0
6077,0
6078,0
6079,0.065987
6080,0.29684
6081,0.43425
6082,0.64348
6083,0.77448
6084,0.83407
6085,0.83444
6086,0.91388
6087,0.78267
6088,0.59126
6089,0.34169
6090,0.092999
6091,0
6092,0
6093,0
6094,0
6095,0
6096,0
6097,0
6098,0
6099,0
6100,0
6101,0
6102,0
6103,0.070633
6104,0.32079
6105,0.46348
6106,0.6253
6107,0.8409
6108,0.90023
6109,0.90506
6110,0.95913
6111,0.8364
6112,0.63329
6113,0.36483
6114,0.095333
6115,0
6116,0
6117,0
6118,0
6119,0
6120,0
6121,0
6122,0
6123,0
6124,0
6125,0
6126,0
6127,0.067628
6128,0.30813
6129,0.44445
6130,0.6277
6131,0.81097
6132,1
6133,1
6134,0.96383
6135,0.82674
6136,0.6149
6137,0.34756
6138,0.087667
6139,0
6140,0
6141,0
6142,0
6143,0
6144,0
6145,0
6146,0
6147,0
6148,0
6149,0
6150,0
6151,0.065043
6152,0.30919
6153,0.43315
6154,0.59664
6155,0.7321
6156,0.78911
6157,0.7901
6158,0.91344
6159,0.78011
6160,0.58986
6161,0.3335
6162,0.082568
6163,0
6164,0
6165,0
6166,0
6167,0
6168,0
6169,0
6170,0
6171,0
6172,0
6173,0
6174,0
6175,0.06693
6176,0.32303
6177,0.44805
6178,0.60286
6179,0.69136
6180,0.73209
6181,0.73863
6182,0.86411
6183,0.74676
6184,0.56778
6185,0.32391
6186,0.078772
6187,0
6188,0
6189,0
6190,0
6191,0
6192,0
6193,0
6194,0
6195,0
6196,0
6197,0
6198,0
6199,0.066085
6200,0.32413
6201,0.45885
6202,0.61165
6203,0.76394
6204,0.79262
6205,0.77223
6206,0.82029
6207,0.71216
6208,0.54786
6209,0.31622
6210,0.076452
6211,0
6212,0
6213,0
6214,0
6215,0
6216,0
6217,0
6218,0
6219,0
6220,0
6221,0
6222,0
6223,0.06507
6224,0.31731
6225,0.42345
6226,0.59231
6227,0.84896
6228,0.89029
6229,0.88397
6230,0.82509
6231,0.71311
6232,0.54076
6233,0.30737
6234,0.070896
6235,0
6236,0
6237,0
6238,0
6239,0
6240,0
6241,0
6242,0
6243,0
6244,0
6245,0
6246,0
6247,0.062211
6248,0.31043
6249,0.42009
6250,0.60003
6251,0.71228
6252,0.75918
6253,0.93405
6254,0.8606
6255,0.73329
6256,0.5501
6257,0.30685
6258,0.067922
6259,0
6260,0
6261,0
6262,0
6263,0
6264,0
6265,0
6266,0
6267,0
6268,0
6269,0
6270,0
6271,0.060681
6272,0.30509
6273,0.41224
6274,0.58283
6275,0.68196
6276,0.73665
6277,0.73562
6278,0.84276
6279,0.72425
6280,0.53635
6281,0.29858
6282,0.064073
6283,0
6284,0
6285,0
6286,0
6287,0
6288,0
6289,0
6290,0
6291,0
6292,0
6293,0
6294,0
6295,0.064394
6296,0.3299
6297,0.6022
6298,0.80329
6299,0.92948
6300,0.98777
6301,0.86576
6302,0.79997
6303,0.64686
6304,0.57039
6305,0.31459
6306,0.065381
6307,0
6308,0
6309,0
6310,0
6311,0
6312,0
6313,0
6314,0
6315,0
6316,0
6317,0
6318,0
6319,0
6320,0.0042266
6321,0.082969
6322,0.38382
6323,0.80636
6324,0.87495
6325,0.79964
6326,0.80365
6327,0.69216
6328,0.60944
6329,0.33393
6330,0.067567
6331,0
6332,0
6333,0
6334,0
6335,0
6336,0
6337,0
6338,0
6339,0
6340,0
6341,0
6342,0
6343,0.061471
6344,0.32121
6345,0.60142
6346,0.65248
6347,0.9786
6348,1
6349,1
6350,0.97259
6351,0.82069
6352,0.60008
6353,0.32297
6354,0.062051
6355,0
6356,0
6357,0
6358,0
6359,0
6360,0
6361,0
6362,0
6363,0
6364,0
6365,0
6366,0
6367,0.061444
6368,0.32298
6369,0.59414
6370,0.74199
6371,0.81157
6372,0.98356
6373,0.96917
6374,0.89611
6375,0.62192
6376,0.55981
6377,0.29986
6378,0.055399
6379,0
6380,0
6381,0
6382,0
6383,0
6384,0
6385,0
6386,0
6387,0
6388,0
6389,0
6390,0
6391,0.061246
6392,0.32726
6393,0.59543
6394,0.7979
6395,0.92463
6396,0.97834
6397,0.97228
6398,0.89345
6399,0.75869
6400,0.55846
6401,0.30078
6402,0.054106
6403,0
6404,0
6405,0
6406,0
6407,0
6408,0
6409,0
6410,0
6411,0
6412,0
6413,0
6414,0
6415,0.061394
6416,0.32955
6417,0.59622
6418,0.79777
6419,0.92366
6420,0.97518
6421,0.96888
6422,0.8887
6423,0.75061
6424,0.55259
6425,0.29205
6426,0.048734
6427,0
6428,0
6429,0
6430,0
6431,0
6432,0
6433,0
6434,0
6435,0
6436,0
6437,0
6438,0
6439,0.053839
6440,0.30339
6441,0.56343
6442,0.75194
6443,0.86425
6444,0.90659
6445,0.90493
6446,0.84422
6447,0.71671
6448,0.5274
6449,0.28055
6450,0.045593
6451,0
6452,0
6453,0
6454,0
6455,0
6456,0
6457,0
6458,0
6459,0
6460,0
6461,0
6462,0
6463,0.055062
6464,0.30761
6465,0.56362
6466,0.75371
6467,0.87388
6468,0.9259
6469,0.91872
6470,0.85187
6471,0.72307
6472,0.53301
6473,0.28274
6474,0.043467
6475,0
6476,0
6477,0
6478,0
6479,0
6480,0
6481,0
6482,0
6483,0
6484,0
6485,0
6486,0
6487,0.053302
6488,0.30801
6489,0.56266
6490,0.76161
6491,0.8837
6492,0.93176
6493,0.92372
6494,0.85187
6495,0.72903
6496,0.53447
6497,0.28028
6498,0.039354
6499,0
6500,0
6501,0
6502,0
6503,0
6504,0
6505,0
6506,0
6507,0
6508,0
6509,0
6510,0
6511,0.054738
6512,0.32034
6513,0.59074
6514,0.78765
6515,0.91443
6516,0.9654
6517,0.94996
6518,0.87384
6519,0.73754
6520,0.53684
6521,0.27855
6522,0.037701
6523,0
6524,0
6525,0
6526,0
6527,0
6528,0
6529,0
6530,0
6531,0
6532,0
6533,0
6534,0
6535,0.05331
6536,0.31708
6537,0.58245
6538,0.77704
6539,0.90338
6540,0.96586
6541,0.96102
6542,0.89391
6543,0.75668
6544,0.55158
6545,0.28355
6546,0.035436
6547,0
6548,0
6549,0
6550,0
6551,0
6552,0
6553,0
6554,0
6555,0
6556,0
6557,0
6558,0
6559,0.054946
6560,0.32732
6561,0.61202
6562,0.82394
6563,0.96757
6564,1
6565,1
6566,0.93843
6567,0.78502
6568,0.56755
6569,0.28763
6570,0.033124
6571,0
6572,0
6573,0
6574,0
6575,0
6576,0
6577,0
6578,0
6579,0
6580,0
6581,0
6582,0
6583,0.051741
6584,0.32112
6585,0.59948
6586,0.25369
6587,0.27126
6588,0.84521
6589,0.84358
6590,0.77595
6591,0.79821
6592,0.56533
6593,0.28158
6594,0.028725
6595,0
6596,0
6597,0
6598,0
6599,0
6600,0
6601,0
6602,0
6603,0
6604,0
6605,0
6606,0
6607,0
6608,0.0075672
6609,0.13001
6610,0.29444
6611,0.35248
6612,0.24794
6613,0.29694
6614,0.34918
6615,0.43213
6616,0.18672
6617,0.26523
6618,0.022382
6619,0
6620,0
6621,0
6622,0
6623,0
6624,0
6625,0
6626,0
6627,0
6628,0
6629,0
6630,0
6631,0.043854
6632,0.30633
6633,0.28125
6634,0.77449
6635,0.72438
6636,0.78835
6637,0.99215
6638,0.9042
6639,0.75509
6640,0.53531
6641,0.26227
6642,0.016477
6643,0
6644,0
6645,0
6646,0
6647,0
6648,0
6649,0
6650,0
6651,0
6652,0
6653,0
6654,0
6655,0.045944
6656,0.32272
6657,0.59253
6658,0.77488
6659,0.91723
6660,0.99069
6661,0.98881
6662,0.90981
6663,0.76042
6664,0.54464
6665,0.26751
6666,0.016299
6667,0
6668,0
6669,0
6670,0
6671,0
6672,0
6673,0
6674,0
6675,0
6676,0
6677,0
6678,0
6679,0.044141
6680,0.31967
6681,0.59553
6682,0.79171
6683,0.91226
6684,0.9589
6685,0.94488
6686,0.86646
6687,0.72809
6688,0.52551
6689,0.26045
6690,0.01581
6691,0
6692,0
6693,0
6694,0
6695,0
6696,0
6697,0
6698,0
6699,0
6700,0
6701,0
6702,0
6703,0.040813
6704,0.30717
6705,0.40501
6706,0.59966
6707,0.81145
6708,0.95046
6709,0.77564
6710,0.65951
6711,0.60917
6712,0.41276
6713,0.19328
6714,0.0041958
6715,0
6716,0
6717,0
6718,0
6719,0
6720,0
6721,0
6722,0
6723,0
6724,0
6725,0
6726,0
6727,0.031845
6728,0.29251
6729,0.56185
6730,0.75664
6731,0.8868
6732,0.83052
6733,0.79096
6734,0.85078
6735,0.70871
6736,0.50518
6737,0.2443
6738,0
6739,0
6740,0
6741,0
6742,0
6743,0
6744,0
6745,0
6746,0
6747,0
6748,0
6749,0
6750,0
6751,0.037484
6752,0.30407
6753,0.56855
6754,0.57114
6755,0.88585
6756,0.93532
6757,0.92399
6758,0.8473
6759,0.70661
6760,0.49246
6761,0.23165
6762,0
6763,0
6764,0
6765,0
6766,0
6767,0
6768,0
6769,0
6770,0
6771,0
6772,0
6773,0
6774,0
6775,0.013121
6776,0.19644
6777,0.24308
6778,0.68866
6779,0.92607
6780,0.97693
6781,0.96043
6782,0.87814
6783,0.72941
6784,0.50479
6785,0.23058
6786,0
6787,0
6788,0
6789,0
6790,0
6791,0
6792,0
6793,0
6794,0
6795,0
6796,0
6797,0
6798,0
6799,0.027613
6800,0.29018
6801,0.56681
6802,0.77583
6803,0.91112
6804,0.9654
6805,0.9494
6806,0.86096
6807,0.61604
6808,0.4302
6809,0.19058
6810,0
6811,0
6812,0
6813,0
6814,0
6815,0
6816,0
6817,0
6818,0
6819,0
6820,0
6821,0
6822,0
6823,0.014706
6824,0.28697
6825,0.56919
6826,0.58454
6827,0.91028
6828,0.96477
6829,0.78901
6830,0.68364
6831,0.70641
6832,0.332
6833,0.21742
6834,0
6835,0
6836,0
6837,0
6838,0
6839,0
6840,0
6841,0
6842,0
6843,0
6844,0
6845,0
6846,0
6847,0.01248
6848,0.25098
6849,0.49098
6850,0.53476
6851,0.36335
6852,0.5202
6853,0.67035
6854,0.64661
6855,0.57509
6856,0.23221
6857,0.09761
6858,0
6859,0
6860,0
6861,0
6862,0
6863,0
6864,0
6865,0
6866,0
6867,0
6868,0
6869,0
6870,0
6871,0.011103
6872,0.27137
6873,0
6874,0.09982
6875,0.022744
6876,0.098591
6877,0.24618
6878,0.20457
6879,0.12826
6880,0.096669
6881,0.036261
6882,0
6883,0
6884,0
6885,0
6886,0
6887,0
6888,0
6889,0
6890,0
6891,0
6892,0
6893,0
6894,0
6895,0.014214
6896,0.27453
6897,0.20141
6898,0.53032
6899,0.5227
6900,0.21297
6901,0.13071
6902,0.66377
6903,0.5895
6904,0.046974
6905,0.015455
6906,0
6907,0
6908,0
6909,0
6910,0
6911,0
6912,0
6913,0
6914,0
6915,0
6916,0
6917,0
6918,0
6919,0.0047555
6920,0.1782
6921,0.36575
6922,0.19616
6923,0.021574
6924,0.10548
6925,0.13355
6926,0.60501
6927,0.28205
6928,0.35386
6929,0.15306
6930,0
6931,0
6932,0
6933,0
6934,0
6935,0
6936,0
6937,0
6938,0
6939,0
6940,0
6941,0
6942,0
6943,0.0097165
6944,0.27307
6945,0.54963
6946,0.76157
6947,0.68617
6948,0.94746
6949,0.48672
6950,0.020202
6951,0.085707
6952,0.48366
6953,0.20712
6954,0
6955,0
6956,0
6957,0
6958,0
6959,0
6960,0
6961,0
6962,0
6963,0
6964,0
6965,0
6966,0
6967,0.013942
6968,0.29157
6969,0.56351
6970,0.76903
6971,0.91245
6972,0.97767
6973,0.96774
6974,0.87763
6975,0.72266
6976,0.49092
6977,0.21129
6978,0
6979,0
6980,0
6981,0
6982,0
6983,0
6984,0
6985,0
6986,0
6987,0
6988,0
6989,0
6990,0
6991,0
6992,0.29743
6993,0.58592
6994,0.59
6995,0.91962
6996,0.96739
6997,0.95021
6998,0.8617
6999,0.708
7000,0.48486
7001,0.20724
7002,0
7003,0
7004,0
7005,0
7006,0
7007,0
7008,0
7009,0
7010,0
7011,0
7012,0
7013,0
7014,0
7015,0
7016,0.29485
7017,0.57648
7018,0.77522
7019,0.8926
7020,0.93745
7021,0.92464
7022,0.84159
7023,0.69456
7024,0.47781
7025,0.20234
7026,0
7027,0
7028,0
7029,0
7030,0
7031,0
7032,0
7033,0
7034,0
7035,0
7036,0
7037,0
7038,0
7039,0
7040,0.2822
7041,0.55402
7042,0.75629
7043,0.87738
7044,0.93053
7045,0.91595
7046,0.71161
7047,0.54391
7048,0.46173
7049,0.19073
7050,0
7051,0
7052,0
7053,0
7054,0
7055,0
7056,0
7057,0
7058,0
7059,0
7060,0
7061,0
7062,0
7063,0
7064,0.22479
7065,0.46989
7066,0.68151
7067,0.53624
7068,0.73228
7069,0.78
7070,0.72947
7071,0.42704
7072,0.28118
7073,0.10872
7074,0
7075,0
7076,0
7077,0
7078,0
7079,0
7080,0
7081,0
7082,0
7083,0
7084,0
7085,0
7086,0
7087,0
7088,0.28104
7089,0.56469
7090,0.78008
7091,0.91435
7092,0.97853
7093,0.77215
7094,0.87385
7095,0.53002
7096,0.41184
7097,0.15905
7098,0
7099,0
7100,0
7101,0
7102,0
7103,0
7104,0
7105,0
7106,0
7107,0
7108,0
7109,0
7110,0
7111,0
7112,0.090218
7113,0.21221
7114,0.24716
7115,0.24386
7116,0.28281
7117,0.37665
7118,0.21161
7119,0.16406
7120,0.033957
7121,0.0073741
7122,0
7123,0
7124,0
7125,0
7126,0
7127,0
7128,0
7129,0
7130,0
7131,0
7132,0
7133,0
7134,0
7135,0
7136,0.063693
7137,0.16687
7138,0.080454
7139,0.13417
7140,0.09375
7141,0.18446
7142,0.19226
7143,0.23818
7144,0.06367
7145,0.017612
7146,0
7147,0
7148,0
7149,0
7150,0
7151,0
7152,0
7153,0
7154,0
7155,0
7156,0
7157,0
7158,0
7159,0
7160,0.26312
7161,0.53795
7162,0.75083
7163,0.87544
7164,0.93025
7165,0.91319
7166,0.82651
7167,0.67983
7168,0.44916
7169,0.17481
7170,0
7171,0
7172,0
7173,0
7174,0
7175,0
7176,0
7177,0
7178,0
7179,0
7180,0
7181,0
7182,0
7183,0
7184,0.099438
7185,0.22864
7186,0.034158
7187,0.12413
7188,0.26939
7189,0.31773
7190,0.15823
7191,0.12985
7192,0.063516
7193,0.014689
7194,0
7195,0
7196,0
7197,0
7198,0
7199,0
7200,0
7201,0
7202,0
7203,0
7204,0
7205,0
7206,0
7207,0
7208,0.11793
7209,0.27868
7210,0.35301
7211,0.11153
7212,0.13821
7213,0.1223
7214,0.16208
7215,0.094168
7216,0.41272
7217,0.13689
7218,0
7219,0
7220,0
7221,0
7222,0
7223,0
7224,0
7225,0
7226,0
7227,0
7228,0
7229,0
7230,0
7231,0
7232,0.21685
7233,0.49602
7234,0.37845
7235,0.34964
7236,0.25342
7237,0.92663
7238,0.83528
7239,0.67911
7240,0.4492
7241,0.16606
7242,0
7243,0
7244,0
7245,0
7246,0
7247,0
7248,0
7249,0
7250,0
7251,0
7252,0
7253,0
7254,0
7255,0
7256,0.2268
7257,0.05872
7258,0.036646
7259,0.24727
7260,0.11808
7261,0.66919
7262,0.8437
7263,0.68086
7264,0.43399
7265,0.1411
7266,0
7267,0
7268,0
7269,0
7270,0
7271,0
7272,0
7273,0
7274,0
7275,0
7276,0
7277,0
7278,0
7279,0
7280,0.22745
7281,0.51395
7282,0.55931
7283,0.47473
7284,0.50767
7285,0.54161
7286,0.55074
7287,0.4358
7288,0.29053
7289,0.092802
7290,0
7291,0
7292,0
7293,0
7294,0
7295,0
7296,0
7297,0
7298,0
7299,0
7300,0
7301,0
7302,0
7303,0
7304,0.2401
7305,0.52503
7306,0.73343
7307,0.85572
7308,0.90504
7309,0.6235
7310,0.81574
7311,0.66825
7312,0.43886
7313,0.15396
7314,0
7315,0
7316,0
7317,0
7318,0
7319,0
7320,0
7321,0
7322,0
7323,0
7324,0
7325,0
7326,0
7327,0
7328,0.24225
7329,0.53862
7330,0.7594
7331,0.89313
7332,0.94674
7333,0.92776
7334,0.83444
7335,0.67744
7336,0.44064
7337,0.15677
7338,0
7339,0
7340,0
7341,0
7342,0
7343,0
7344,0
7345,0
7346,0
7347,0
7348,0
7349,0
7350,0
7351,0
7352,0.24745
7353,0.53416
7354,0.74239
7355,0.86197
7356,0.9207
7357,0.75914
7358,0.83192
7359,0.66814
7360,0.43031
7361,0.14608
7362,0
7363,0
7364,0
7365,0
7366,0
7367,0
7368,0
7369,0
7370,0
7371,0
7372,0
7373,0
7374,0
7375,0
7376,0.23622
7377,0.52124
7378,0.73947
7379,0.87886
7380,0.93106
7381,0.91244
7382,0.82122
7383,0.65693
7384,0.42219
7385,0.14291
7386,0
7387,0
7388,0
7389,0
7390,0
7391,0
7392,0
7393,0
7394,0
7395,0
7396,0
7397,0
7398,0
7399,0
7400,0.22882
7401,0.50992
7402,0.51199
7403,0.71312
7404,0.74526
7405,0.73754
7406,0.78348
7407,0.6305
7408,0.40707
7409,0.13147
7410,0
7411,0
7412,0
7413,0
7414,0
7415,0
7416,0
7417,0
7418,0
7419,0
7420,0
7421,0
7422,0
7423,0
7424,0.077745
7425,0.20781
7426,0.47539
7427,0.5198
7428,0.73317
7429,0.64502
7430,0.64946
7431,0.37768
7432,0.22946
7433,0.062993
7434,0
7435,0
7436,0
7437,0
7438,0
7439,0
7440,0
7441,0
7442,0
7443,0
7444,0
7445,0
7446,0
7447,0
7448,0.12359
7449,0.30354
7450,0.5979
7451,0.61947
7452,0.73346
7453,0.62256
7454,0.58771
7455,0.41093
7456,0.25412
7457,0.07971
7458,0
7459,0
7460,0
7461,0
7462,0
7463,0
7464,0
7465,0
7466,0
7467,0
7468,0
7469,0
7470,0
7471,0
7472,0.21034
7473,0.49011
7474,0.69813
7475,0.82334
7476,0.87762
7477,0.86089
7478,0.78747
7479,0.62813
7480,0.39933
7481,0.12488
7482,0
7483,0
7484,0
7485,0
7486,0
7487,0
7488,0
7489,0
7490,0
7491,0
7492,0
7493,0
7494,0
7495,0
7496,0.19656
7497,0.47742
7498,0.68168
7499,0.81816
7500,0.86516
7501,0.84695
7502,0.76502
7503,0.60921
7504,0.39151
7505,0.11871
7506,0
7507,0
7508,0
7509,0
7510,0
7511,0
7512,0
7513,0
7514,0
7515,0
7516,0
7517,0
7518,0
7519,0
7520,0.19602
7521,0.34227
7522,0.40154
7523,0.82027
7524,0.55621
7525,0.82922
7526,0.51529
7527,0.38465
7528,0.23592
7529,0.11238
7530,0
7531,0
7532,0
7533,0
7534,0
7535,0
7536,0
7537,0
7538,0
7539,0
7540,0
7541,0
7542,0
7543,0
7544,0.1822
7545,0.45574
7546,0.47434
7547,0.58575
7548,0.33655
7549,0.45116
7550,0.44538
7551,0.18972
7552,0.095341
7553,0.012453
7554,0
7555,0
7556,0
7557,0
7558,0
7559,0
7560,0
7561,0
7562,0
7563,0
7564,0
7565,0
7566,0
7567,0
7568,0.19348
7569,0.46683
7570,0.67679
7571,0.81435
7572,0.86919
7573,0.85395
7574,0.76798
7575,0.60977
7576,0.38487
7577,0.10825
7578,0
7579,0
7580,0
7581,0
7582,0
7583,0
7584,0
7585,0
7586,0
7587,0
7588,0
7589,0
7590,0
7591,0
7592,0.18141
7593,0.46509
7594,0.66221
7595,0.63198
7596,0.7584
7597,0.84367
7598,0.77374
7599,0.61267
7600,0.38919
7601,0.1085
7602,0
7603,0
7604,0
7605,0
7606,0
7607,0
7608,0
7609,0
7610,0
7611,0
7612,0
7613,0
7614,0
7615,0
7616,0.18971
7617,0.47136
7618,0.67783
7619,0.80801
7620,0.8687
7621,0.85687
7622,0.7767
7623,0.61652
7624,0.38665
7625,0.10211
7626,0
7627,0
7628,0
7629,0
7630,0
7631,0
7632,0
7633,0
7634,0
7635,0
7636,0
7637,0
7638,0
7639,0
7640,0.19183
7641,0.4704
7642,0.6791
7643,0.80087
7644,0.41627
7645,0.27813
7646,0.47462
7647,0.058421
7648,0.03007
7649,0.001194
7650,0
7651,0
7652,0
7653,0
7654,0
7655,0
7656,0
7657,0
7658,0
7659,0
7660,0
7661,0
7662,0
7663,0
7664,0.19527
7665,0.49759
7666,0.73471
7667,0.88309
7668,0.95474
7669,0.94288
7670,0.85362
7671,0.67828
7672,0.421
7673,0.10445
7674,0
7675,0
7676,0
7677,0
7678,0
7679,0
7680,0
7681,0
7682,0
7683,0
7684,0
7685,0
7686,0
7687,0
7688,0.20091
7689,0.50967
7690,0.74332
7691,0.88671
7692,0.94907
7693,0.93166
7694,0.83596
7695,0.67313
7696,0.42455
7697,0.11434
7698,0
7699,0
7700,0
7701,0
7702,0
7703,0
7704,0
7705,0
7706,0
7707,0
7708,0
7709,0
7710,0
7711,0
7712,0.18193
7713,0.48583
7714,0.72621
7715,0.86517
7716,0.91932
7717,0.89692
7718,0.81013
7719,0.6429
7720,0.40066
7721,0.096452
7722,0
7723,0
7724,0
7725,0
7726,0
7727,0
7728,0
7729,0
7730,0
7731,0
7732,0
7733,0
7734,0
7735,0
7736,0.0013371
7737,0.023753
7738,0.043566
7739,0.064368
7740,0.43597
7741,0.17457
7742,0.049111
7743,0.066837
7744,0.032671
7745,0
7746,0
7747,0
7748,0
7749,0
7750,0
7751,0
7752,0
7753,0
7754,0
7755,0
7756,0
7757,0
7758,0
7759,0
7760,0.009913
7761,0.053641
7762,0.096029
7763,0.11577
7764,0.10266
7765,0.041052
7766,0.048373
7767,0.043123
7768,0.021274
7769,0
7770,0
7771,0
7772,0
7773,0
7774,0
7775,0
7776,0
7777,0
7778,0
7779,0
7780,0
7781,0
7782,0
7783,0
7784,0.14828
7785,0.4411
7786,0.66799
7787,0.80348
7788,0.86816
7789,0.8563
7790,0.78001
7791,0.61962
7792,0.38421
7793,0.082323
7794,0
7795,0
7796,0
7797,0
7798,0
7799,0
7800,0
7801,0
7802,0
7803,0
7804,0
7805,0
7806,0
7807,0
7808,0.10533
7809,0.33389
7810,0.52475
7811,0.53526
7812,0.62339
7813,0.5396
7814,0.51125
7815,0.29747
7816,0.16634
7817,0.012533
7818,0
7819,0
7820,0
7821,0
7822,0
7823,0
7824,0
7825,0
7826,0
7827,0
7828,0
7829,0
7830,0
7831,0
7832,0.12995
7833,0.42987
7834,0.29325
7835,0.82821
7836,0.89618
7837,0.88992
7838,0.80478
7839,0.63596
7840,0.38546
7841,0.073412
7842,0
7843,0
7844,0
7845,0
7846,0
7847,0
7848,0
7849,0
7850,0
7851,0
7852,0
7853,0
7854,0
7855,0
7856,0.13307
7857,0.44805
7858,0.69164
7859,0.83113
7860,0.80236
7861,0.77618
7862,0.80449
7863,0.54916
7864,0.31617
7865,0.021954
7866,0
7867,0
7868,0
7869,0
7870,0
7871,0
7872,0
7873,0
7874,0
7875,0
7876,0
7877,0
7878,0
7879,0
7880,0.04256
7881,0.20611
7882,0.34846
7883,0.37926
7884,0.34737
7885,0.23485
7886,0.50755
7887,0.29595
7888,0.16141
7889,0.0089816
7890,0
7891,0
7892,0
7893,0
7894,0
7895,0
7896,0
7897,0
7898,0
7899,0
7900,0
7901,0
7902,0
7903,0
7904,0
7905,0.01008
7906,0.022929
7907,0.15212
7908,0.24177
7909,0.34827
7910,0.0013385
7911,0.024808
7912,0.0098726
7913,0
7914,0
7915,0
7916,0
7917,0
7918,0
7919,0
7920,0
7921,0
7922,0
7923,0
7924,0
7925,0
7926,0
7927,0
7928,0.1349
7929,0.45112
7930,0.68344
7931,0.83337
7932,0.89254
7933,0.87353
7934,0.62475
7935,0.35586
7936,0.20432
7937,0.011537
7938,0
7939,0
7940,0
7941,0
7942,0
7943,0
7944,0
7945,0
7946,0
7947,0
7948,0
7949,0
7950,0
7951,0
7952,0.017444
7953,0.14799
7954,0.28066
7955,0.60765
7956,0.44926
7957,0.57737
7958,0.58043
7959,0.6356
7960,0.3909
7961,0.078399
7962,0
7963,0
7964,0
7965,0
7966,0
7967,0
7968,0
7969,0
7970,0
7971,0
7972,0
7973,0
7974,0
7975,0
7976,0.15585
7977,0.47993
7978,0.71304
7979,0.85926
7980,0.92162
7981,0.90818
7982,0.81625
7983,0.65322
7984,0.40515
7985,0.073483
7986,0
7987,0
7988,0
7989,0
7990,0
7991,0
7992,0
7993,0
7994,0
7995,0
7996,0
7997,0
7998,0
7999,0
8000,0.10894
8001,0.41196
8002,0.33052
8003,0.4011
8004,0.54492
8005,0.39499
8006,0.43292
8007,0.60187
8008,0.36246
8009,0.018179
8010,0
8011,0
8012,0
8013,0
8014,0
8015,0
8016,0
8017,0
8018,0
8019,0
8020,0
8021,0
8022,0
8023,0
8024,0.13432
8025,0.46414
8026,0.70479
8027,0.84108
8028,0.90661
8029,0.89281
8030,0.80585
8031,0.64808
8032,0.40322
8033,0.070668
8034,0
8035,0
8036,0
8037,0
8038,0
8039,0
8040,0
8041,0
8042,0
8043,0
8044,0
8045,0
8046,0
8047,0
8048,0.13383
8049,0.46418
8050,0.71065
8051,0.85496
8052,0.92835
8053,0.91922
8054,0.83357
8055,0.66315
8056,0.40931
8057,0.07132
8058,0
8059,0
8060,0
8061,0
8062,0
8063,0
8064,0
8065,0
8066,0
8067,0
8068,0
8069,0
8070,0
8071,0
8072,0.11858
8073,0.44091
8074,0.68246
8075,0.8283
8076,0.89664
8077,0.88865
8078,0.80338
8079,0.63475
8080,0.39314
8081,0.067651
8082,0
8083,0
8084,0
8085,0
8086,0
8087,0
8088,0
8089,0
8090,0
8091,0
8092,0
8093,0
8094,0
8095,0
8096,0.017712
8097,0.23481
8098,0.38672
8099,0.78417
8100,0.55132
8101,0.69441
8102,0.55853
8103,0.48246
8104,0.28262
8105,0.012546
8106,0
8107,0
8108,0
8109,0
8110,0
8111,0
8112,0
8113,0
8114,0
8115,0
8116,0
8117,0
8118,0
8119,0
8120,0.019548
8121,0.30922
8122,0.5558
8123,0.53883
8124,0.48961
8125,0.55862
8126,0.41858
8127,0.26922
8128,0.14964
8129,0.0072842
8130,0
8131,0
8132,0
8133,0
8134,0
8135,0
8136,0
8137,0
8138,0
8139,0
8140,0
8141,0
8142,0
8143,0
8144,0.10377
8145,0.43406
8146,0.58068
8147,0.70358
8148,0.5709
8149,0.71285
8150,0.82832
8151,0.65725
8152,0.40211
8153,0.060409
8154,0
8155,0
8156,0
8157,0
8158,0
8159,0
8160,0
8161,0
8162,0
8163,0
8164,0
8165,0
8166,0
8167,0
8168,0.014394
8169,0.26983
8170,0.44023
8171,0.049065
8172,0.40765
8173,0.028253
8174,0.0024662
8175,0.19098
8176,0.087794
8177,0.0039812
8178,0
8179,0
8180,0
8181,0
8182,0
8183,0
8184,0
8185,0
8186,0
8187,0
8188,0
8189,0
8190,0
8191,0
8192,0.042993
8193,0.36801
8194,0.047245
8195,0.01312
8196,0.05657
8197,0.060475
8198,0.086507
8199,0.0034087
8200,0
8201,0
8202,0
8203,0
8204,0
8205,0
8206,0
8207,0
8208,0
8209,0
8210,0
8211,0
8212,0
8213,0
8214,0
8215,0
8216,0.01488
8217,0.37363
8218,0.13584
8219,0.21654
8220,0.13191
8221,0.089771
8222,0.19248
8223,0.13678
8224,0.066989
8225,0.0026027
8226,0
8227,0
8228,0
8229,0
8230,0
8231,0
8232,0
8233,0
8234,0
8235,0
8236,0
8237,0
8238,0
8239,0
8240,0
8241,0.042593
8242,0.091594
8243,0.0084991
8244,0.043986
8245,0.0084459
8246,0.00015196
8247,0.057812
8248,0.027611
8249,0
8250,0
8251,0
8252,0
8253,0
8254,0
8255,0
8256,0
8257,0
8258,0
8259,0
8260,0
8261,0
8262,0
8263,0
8264,0.0063541
8265,0.17272
8266,0.30193
8267,0.52421
8268,0.45967
8269,0.56949
8270,0.37445
8271,0.18965
8272,0.098864
8273,0.0050134
8274,0
8275,0
8276,0
8277,0
8278,0
8279,0
8280,0
8281,0
8282,0
8283,0
8284,0
8285,0
8286,0
8287,0
8288,0.011883
8289,0.35827
8290,0.61153
8291,0.44552
8292,0.6259
8293,0.65629
8294,0.53594
8295,0.25508
8296,0.1426
8297,0.0072849
8298,0
8299,0
8300,0
8301,0
8302,0
8303,0
8304,0
8305,0
8306,0
8307,0
8308,0
8309,0
8310,0
8311,0
8312,0.00062948
8313,0.064847
8314,0.13887
8315,0.079282
8316,0.44168
8317,0.4256
8318,0.3778
8319,0.17755
8320,0.081738
8321,0.0038664
8322,0
8323,0
8324,0
8325,0
8326,0
8327,0
8328,0
8329,0
8330,0
8331,0
8332,0
8333,0
8334,0
8335,0
8336,0.0016061
8337,0.1015
8338,0.20525
8339,0.222
8340,0.32787
8341,0.40664
8342,0.22978
8343,0.19622
8344,0.10138
8345,0.0059095
8346,0
8347,0
8348,0
8349,0
8350,0
8351,0
8352,0
8353,0
8354,0
8355,0
8356,0
8357,0
8358,0
8359,0
8360,0
8361,0.032869
8362,0.07296
8363,0.04859
8364,0.13226
8365,0.10913
8366,0.043112
8367,0.043138
8368,0.020096
8369,0
8370,0
8371,0
8372,0
8373,0
8374,0
8375,0
8376,0
8377,0
8378,0
8379,0
8380,0
8381,0
8382,0
8383,0
8384,0.062616
8385,0.42061
8386,0.68247
8387,0.85166
8388,0.94387
8389,0.94859
8390,0.8687
8391,0.70811
8392,0.45126
8393,0.031232
8394,0
8395,0
8396,0
8397,0
8398,0
8399,0
8400,0
8401,0
8402,0
8403,0
8404,0
8405,0
8406,0
8407,0
8408,0
8409,0.43787
8410,0.70553
8411,0.86712
8412,0.94612
8413,0.9377
8414,0.84679
8415,0.68833
8416,0.44292
8417,0.03307
8418,0
8419,0
8420,0
8421,0
8422,0
8423,0
8424,0
8425,0
8426,0
8427,0
8428,0
8429,0
8430,0
8431,0
8432,0
8433,0.42916
8434,0.70454
8435,0.87291
8436,0.95653
8437,0.95622
8438,0.87034
8439,0.71299
8440,0.46137
8441,0.12017
8442,0
8443,0
8444,0
8445,0
8446,0
8447,0
8448,0
8449,0
8450,0
8451,0
8452,0
8453,0
8454,0
8455,0
8456,0
8457,0.39697
8458,0.64796
8459,0.78255
8460,0.71169
8461,0.8676
8462,0.79536
8463,0.48378
8464,0.30275
8465,0.021462
8466,0
8467,0
8468,0
8469,0
8470,0
8471,0
8472,0
8473,0
8474,0
8475,0
8476,0
8477,0
8478,0
8479,0
8480,0
8481,0.36405
8482,0.6081
8483,0.77525
8484,0.85227
8485,0.85187
8486,0.77445
8487,0.62592
8488,0.40686
8489,0.10057
8490,0
8491,0
8492,0
8493,0
8494,0
8495,0
8496,0
8497,0
8498,0
8499,0
8500,0
8501,0
8502,0
8503,0
8504,0
8505,0.36503
8506,0.62068
8507,0.79325
8508,0.8698
8509,0.87473
8510,0.80134
8511,0.6491
8512,0.41754
8513,0.10492
8514,0
8515,0
8516,0
8517,0
8518,0
8519,0
8520,0
8521,0
8522,0
8523,0
8524,0
8525,0
8526,0
8527,0
8528,0
8529,0.37906
8530,0.63655
8531,0.7985
8532,0.87913
8533,0.88665
8534,0.81839
8535,0.66017
8536,0.42408
8537,0.036906
8538,0
8539,0
8540,0
8541,0
8542,0
8543,0
8544,0
8545,0
8546,0
8547,0
8548,0
8549,0
8550,0
8551,0
8552,0
8553,0.023215
8554,0.054663
8555,0.010102
8556,0.17037
8557,0.0024567
8558,0.012038
8559,0.047224
8560,0.023891
8561,0
8562,0
8563,0
8564,0
8565,0
8566,0
8567,0
8568,0
8569,0
8570,0
8571,0
8572,0
8573,0
8574,0
8575,0
8576,0
8577,0.38581
8578,0.6513
8579,0.82092
8580,0.90743
8581,0.91291
8582,0.83227
8583,0.6863
8584,0.45111
8585,0.13003
8586,0
8587,0
8588,0
8589,0
8590,0
8591,0
8592,0
8593,0
8594,0
8595,0
8596,0
8597,0
8598,0
8599,0
8600,0
8601,0.35263
8602,0.60063
8603,0.67266
8604,0.73947
8605,0.65122
8606,0.45092
8607,0.354
8608,0.21802
8609,0.037263
8610,0
8611,0
8612,0
8613,0
8614,0
8615,0
8616,0
8617,0
8618,0
8619,0
8620,0
8621,0
8622,0
8623,0
8624,0
8625,0.38394
8626,0.64588
8627,0.80889
8628,0.87862
8629,0.88522
8630,0.8187
8631,0.68233
8632,0.45597
8633,0.13825
8634,0
8635,0
8636,0
8637,0
8638,0
8639,0
8640,0
8641,0
8642,0
8643,0
8644,0
8645,0
8646,0
8647,0
8648,0
8649,0.35658
8650,0.60541
8651,0.76577
8652,0.6931
8653,0.59905
8654,0.77291
8655,0.3997
8656,0.41724
8657,0.11217
8658,0
8659,0
8660,0
8661,0
8662,0
8663,0
8664,0
8665,0
8666,0
8667,0
8668,0
8669,0
8670,0
8671,0
8672,0
8673,0.37725
8674,0.63449
8675,0.79218
8676,0.875
8677,0.88084
8678,0.80633
8679,0.6703
8680,0.45324
8681,0.14766
8682,0
8683,0
8684,0
8685,0
8686,0
8687,0
8688,0
8689,0
8690,0
8691,0
8692,0
8693,0
8694,0
8695,0
8696,0
8697,0.35921
8698,0.61729
8699,0.77474
8700,0.86008
8701,0.86841
8702,0.80632
8703,0.66256
8704,0.4462
8705,0.14228
8706,0
8707,0
8708,0
8709,0
8710,0
8711,0
8712,0
8713,0
8714,0
8715,0
8716,0
8717,0
8718,0
8719,0
8720,0
8721,0.34807
8722,0.59702
8723,0.77123
8724,0.85337
8725,0.86168
8726,0.79
8727,0.64022
8728,0.42514
8729,0.13136
8730,0
8731,0
8732,0
8733,0
8734,0
8735,0
8736,0
8737,0
8738,0
8739,0
8740,0
8741,0
8742,0
8743,0
8744,0
8745,0.31617
8746,0.57739
8747,0.74692
8748,0.83258
8749,0.83846
8750,0.78985
8751,0.64109
8752,0.42228
8753,0.1572
8754,0
8755,0
8756,0
8757,0
8758,0
8759,0
8760,0
