Interval,Energy Purchase Price,
1,42.522
2,46.403
3,46.134
4,48.416
5,41.479
6,52.115
7,71.415
8,65.436
9,39.119
10,21.191
11,20.894
12,22.27
13,19.711
14,21.462
15,35.983
16,45.783
17,45.108
18,47.365
19,57.632
20,61.736
21,57.465
22,76.533
23,57.229
24,40.15
25,47.969
26,45.379
27,53.849
28,58.809
29,40.796
30,47.109
31,77.188
32,85.517
33,20.074
34,6.1239
35,14.056
36,15.256
37,10.783
38,11.009
39,16.009
40,49.939
41,55.807
42,39.666
43,51.509
44,60.882
45,103.98
46,61.5
47,48.265
48,42.458
49,44.448
50,44.45
51,35.745
52,30.326
53,36.939
54,27.718
55,45.15
56,66.748
57,277.89
58,0
59,0
60,0
61,0
62,0
63,0.38486
64,43.849
65,80.719
66,36.756
67,69.39
68,102.9
69,90.079
70,117.21
71,86.855
72,44.48
73,78.964
74,82.216
75,74.324
76,62.432
77,56.405
78,56.651
79,58.249
80,61.788
81,20.391
82,10.337
83,0.4738
84,0
85,2.1498
86,0.91077
87,11.404
88,25.073
89,60.654
90,64.337
91,66.273
92,62.393
93,56.95
94,55.175
95,7.1869
96,21.501
97,68.685
98,63.001
99,35.65
100,37.946
101,24.429
102,22.917
103,32.96
104,14.136
105,0
106,0
107,0
108,23.887
109,0
110,0
111,0
112,34.416
113,84.552
114,82.384
115,92.118
116,103.6
117,127.49
118,130.21
119,52.47
120,51.787
121,68.094
122,74.04
123,71.09
124,70.673
125,102.01
126,97.961
127,135.65
128,102.16
129,41.491
130,13.041
131,12.375
132,11.013
133,13.811
134,19.278
135,28.604
136,43.641
137,86.785
138,48.935
139,63.708
140,40.481
141,42.41
142,45.301
143,37.891
144,35.283
145,40.162
146,47.782
147,57.727
148,42.983
149,31.645
150,53.939
151,86.723
152,69.316
153,43.758
154,251.56
155,0
156,0
157,0
158,0
159,0.41266
160,48.511
161,45.263
162,124.2
163,83.278
164,77.314
165,78.638
166,51.615
167,39.111
168,30.005
169,268.34
170,283.83
171,2.3298
172,288.16
173,276.46
174,0
175,0
176,35.21
177,0
178,0
179,0
180,0
181,0
182,192.93
183,201.22
184,277.85
185,266.29
186,0
187,0
188,0
189,281.55
190,318.93
191,273.02
192,0
193,36.189
194,20.318
195,23.636
196,35.648
197,41.444
198,101.91
199,150.06
200,76.637
201,35.785
202,8.3944
203,9.7951
204,12.159
205,4.2041
206,0.65485
207,0
208,29.654
209,41.993
210,75.959
211,42.268
212,82.734
213,93.826
214,138.27
215,74.919
216,44.969
217,46.708
218,70.326
219,53.705
220,40.217
221,39.506
222,135.78
223,105.57
224,63.969
225,279.68
226,0
227,0
228,237.76
229,0
230,0
231,0
232,27.147
233,35.676
234,64.598
235,60.273
236,94.189
237,40.099
238,40.82
239,38.51
240,3.1425
241,48.821
242,71.55
243,95.319
244,54.326
245,55.834
246,30.645
247,39.725
248,50.772
249,11.673
250,12.777
251,20.037
252,36.931
253,39.622
254,32.53
255,45.907
256,80.393
257,61.022
258,68.727
259,49.511
260,46.401
261,42.87
262,42.156
263,20.957
264,13.18
265,31.561
266,33.705
267,48.865
268,53.181
269,30.115
270,42.782
271,50.445
272,14.674
273,0
274,0
275,0
276,0
277,0
278,0
279,0
280,7.8932
281,103.31
282,99.084
283,62.221
284,83.292
285,64.822
286,63.387
287,65.147
288,68.486
289,62.024
290,70.873
291,75.056
292,76.9
293,52.525
294,81.595
295,65.669
296,162.25
297,10.413
298,0
299,0
300,1.5804
301,13.236
302,0
303,0
304,18.988
305,71.581
306,67.006
307,60.357
308,57.643
309,93.335
310,116.46
311,76.836
312,42.095
313,46.031
314,40.115
315,23.3
316,33.186
317,46.138
318,97.843
319,149.28
320,91.024
321,34.632
322,3.5316
323,0
324,2.2925
325,0
326,9.5972
327,13.364
328,54.221
329,71.485
330,79.584
331,48.934
332,65.835
333,113.72
334,96.236
335,69.047
336,45.922
337,31.692
338,44.597
339,39.617
340,46.587
341,45.013
342,32.997
343,34.857
344,74.964
345,17.274
346,0
347,0
348,0
349,8.7228
350,30.342
351,37.912
352,60.295
353,107.95
354,75.557
355,59.296
356,46.608
357,44.751
358,39.842
359,309.57
360,27.129
361,25.591
362,20.301
363,29.643
364,23.516
365,23.594
366,57.937
367,53.123
368,56.7
369,53.832
370,28.772
371,19.877
372,23.036
373,40.049
374,45.185
375,44.677
376,49.47
377,48.969
378,51.9
379,80.333
380,45.148
381,45.728
382,48.332
383,49.912
384,42.98
385,32.506
386,36.452
387,39.218
388,41.47
389,39.169
390,74.472
391,115.96
392,48.616
393,23.355
394,20.624
395,17.73
396,22.554
397,20.904
398,25.792
399,27.518
400,43.693
401,123.6
402,40.822
403,39.606
404,93.879
405,128.07
406,128.21
407,68.057
408,40.037
409,42.178
410,40.413
411,42.086
412,40.786
413,39.592
414,41.027
415,69.534
416,52.975
417,11.656
418,32.537
419,11.504
420,2.3497
421,5.1298
422,5.5861
423,5.5889
424,46.159
425,80.969
426,86.287
427,94.595
428,98.543
429,132.27
430,129.57
431,98.89
432,43.756
433,51.147
434,55.308
435,67.621
436,55.927
437,56.456
438,63.823
439,67.117
440,98.291
441,39.289
442,10.593
443,4.0609
444,7.3932
445,1.6434
446,0.32471
447,7.3353
448,29.94
449,48.939
450,53.329
451,64.601
452,60.96
453,58.272
454,49.919
455,49.439
456,27.15
457,37.17
458,13.783
459,31.516
460,39.088
461,49.288
462,54.342
463,51.353
464,44.391
465,4.1061
466,0
467,250.94
468,0
469,1.1913
470,0
471,0
472,22.105
473,47.457
474,60.472
475,47.97
476,67.609
477,80.752
478,131.77
479,58.069
480,57.513
481,33.205
482,40.987
483,320.17
484,18.514
485,14.123
486,94.783
487,114.31
488,74.481
489,4.9806
490,0
491,0
492,0
493,0
494,0
495,13.397
496,52.131
497,70.498
498,49.729
499,52.065
500,72.814
501,129.98
502,115.01
503,103.69
504,43.948
505,60.958
506,63.386
507,47.12
508,48.83
509,66.919
510,97.319
511,131.07
512,47.708
513,31.179
514,27.953
515,24.943
516,37.72
517,39.234
518,41.784
519,50.118
520,52.043
521,40.13
522,52.1
523,55.114
524,45.802
525,65.375
526,41.544
527,36.236
528,8.4694
529,32.151
530,17.949
531,40.01
532,45.379
533,47.663
534,80.852
535,82.909
536,49.021
537,16.689
538,0
539,0
540,0
541,0
542,1.1836
543,10.776
544,24.658
545,46.872
546,39.408
547,43.321
548,80.048
549,59.161
550,103.9
551,87.715
552,59.203
553,43.014
554,38.816
555,44.204
556,44.438
557,45.88
558,112.79
559,111.65
560,100.09
561,12.701
562,0
563,0.54917
564,2.6084
565,0
566,0
567,0
568,25.904
569,78.01
570,72.688
571,42.178
572,121.59
573,152.98
574,71.818
575,57.791
576,41.118
577,46.75
578,41.099
579,47.256
580,44.496
581,31.138
582,42.212
583,50.885
584,100.43
585,39.093
586,2.3814
587,0
588,0
589,0
590,0
591,0
592,10.991
593,80.124
594,50.801
595,46.26
596,105.52
597,127.39
598,135.12
599,60.216
600,25.276
601,19.503
602,27.984
603,28.666
604,26.65
605,61.955
606,54.613
607,64.691
608,20.214
609,0
610,0
611,0
612,231.28
613,0
614,0
615,0.59955
616,8.3409
617,57.618
618,55.464
619,56.55
620,80.522
621,122.03
622,71.657
623,29.606
624,25.879
625,27.698
626,35.556
627,52.36
628,62.905
629,52.854
630,50.438
631,71.923
632,83.865
633,33.337
634,0
635,13.737
636,16.745
637,9.5309
638,38.691
639,48.883
640,13.007
641,43.298
642,45.509
643,50.9
644,38.108
645,117.36
646,79.036
647,44.457
648,30.751
649,38.509
650,37.99
651,50.271
652,65.989
653,73.24
654,94.935
655,122.01
656,90.836
657,20.05
658,0
659,0.57606
660,0
661,0
662,0
663,9.7163
664,36.721
665,39.744
666,76.851
667,94.78
668,83.529
669,144.12
670,116.64
671,50.389
672,72.759
673,40.172
674,37.575
675,41.787
676,21.688
677,19.759
678,61.717
679,78.363
680,38.65
681,15.813
682,0
683,0
684,0
685,0
686,7.2377
687,0
688,16.158
689,68.254
690,47.182
691,45.15
692,94.192
693,103.5
694,45.762
695,40.175
696,296.65
697,46.697
698,28.242
699,53.217
700,47.639
701,49.551
702,41.184
703,41.276
704,65.074
705,25.629
706,0
707,0
708,11.273
709,0
710,0
711,3.677
712,31.631
713,36.416
714,62.092
715,67.103
716,90.82
717,83.503
718,75.933
719,74.137
720,69.44
721,72.764
722,63.347
723,62.952
724,44.772
725,72.468
726,70.672
727,81.196
728,82.115
729,48.039
730,256.41
731,9.3672
732,8.4678
733,9.5641
734,13.107
735,11.452
736,37.808
737,92.151
738,83.546
739,81.934
740,98.047
741,110.06
742,62.763
743,46.381
744,40.115
745,59.883
746,55.908
747,55.547
748,57.195
749,58.918
750,45.87
751,35.633
752,43.408
753,6.4874
754,0
755,0
756,0
757,0
758,0
759,0
760,5.5085
761,73.761
762,56.322
763,70.845
764,58.7
765,58.055
766,51.683
767,57.299
768,40.931
769,55.288
770,60.784
771,54.546
772,42.448
773,35.979
774,35.858
775,50.424
776,17.611
777,0
778,0
779,0
780,0
781,1.1219
782,0
783,0
784,0
785,62.069
786,78.78
787,94.139
788,95.662
789,116.3
790,121.72
791,82.623
792,62.49
793,49.273
794,57.528
795,47.046
796,75.023
797,87.621
798,128.97
799,149.09
800,115.12
801,31.753
802,4.7839
803,0
804,0
805,0
806,0
807,25.045
808,40.404
809,50.856
810,40.98
811,52.199
812,49.771
813,44.345
814,61.638
815,48.236
816,26.081
817,49.032
818,48.602
819,51.189
820,42.242
821,47.386
822,53.005
823,88.59
824,27.305
825,10.042
826,0
827,0
828,0
829,0
830,0
831,0
832,15.768
833,89.985
834,57.055
835,77.191
836,57.591
837,107.65
838,51.074
839,48.87
840,36.512
841,44.68
842,28.593
843,24.468
844,36.958
845,47.104
846,78.602
847,64.134
848,81.967
849,22.627
850,0
851,0
852,0
853,0
854,0
855,0
856,17.333
857,81.861
858,38.117
859,52.399
860,74.842
861,103.63
862,115.64
863,99.071
864,43.972
865,40.61
866,31.262
867,31.075
868,43.505
869,39.437
870,60.163
871,50.206
872,80.095
873,19.854
874,3.9823
875,3.4716
876,1.588
877,0
878,0
879,18.495
880,30.321
881,92.002
882,88.602
883,55.299
884,56.066
885,98.297
886,73.52
887,84.665
888,52.54
889,70.91
890,46.493
891,45.448
892,68.315
893,84.422
894,111.45
895,104.9
896,90.47
897,27.145
898,0
899,0
900,0
901,0
902,0
903,0
904,15.898
905,37.278
906,38.632
907,77.433
908,81.521
909,132.41
910,122.94
911,137.46
912,54.802
913,54.877
914,51.602
915,56.024
916,50.924
917,52.83
918,51.99
919,47.535
920,89.661
921,19.43
922,0
923,0
924,0
925,0
926,0
927,0
928,0
929,46.793
930,71.742
931,112.13
932,104.98
933,106.24
934,51.637
935,52.785
936,50.16
937,105.37
938,93.037
939,75.474
940,63.351
941,53.99
942,51.971
943,56.349
944,28.198
945,1.3296
946,0
947,0
948,0
949,0
950,0
951,0
952,0
953,39.964
954,52.123
955,96.096
956,87.951
957,86.93
958,122.87
959,57.77
960,47.195
961,43.845
962,91.188
963,57.961
964,59.057
965,57.424
966,83.529
967,118.87
968,82.354
969,14.363
970,2.7401
971,0
972,0
973,0
974,3.763
975,1.1706
976,10.683
977,84.166
978,44.158
979,90.288
980,52.169
981,52.023
982,81.371
983,55.067
984,42.306
985,49.892
986,41.758
987,37.136
988,49.004
989,56.059
990,108.5
991,65.715
992,81.528
993,46.276
994,17.377
995,4.9157
996,0
997,0
998,0
999,0
1000,2.1498
1001,64.048
1002,91.584
1003,61.481
1004,46.59
1005,66.887
1006,51.18
1007,45.631
1008,31.813
1009,39.622
1010,36.384
1011,61.359
1012,59.408
1013,54.045
1014,91.931
1015,80.982
1016,24.564
1017,0
1018,0
1019,0
1020,0
1021,0
1022,0
1023,0
1024,0.64609
1025,66.557
1026,58.58
1027,50.285
1028,44.007
1029,51.579
1030,92.643
1031,56.804
1032,59.574
1033,74.638
1034,73.821
1035,80.97
1036,65.527
1037,79.878
1038,112.05
1039,80.542
1040,16.803
1041,0
1042,0
1043,222.51
1044,0
1045,0
1046,0
1047,3.568
1048,22.904
1049,47.839
1050,47.49
1051,34.884
1052,40.941
1053,80.715
1054,118.71
1055,50.882
1056,100.41
1057,84.503
1058,53.898
1059,53.758
1060,48.28
1061,100.36
1062,55.3
1063,96.861
1064,63
1065,9.534
1066,20.906
1067,0
1068,0
1069,0
1070,0
1071,39.052
1072,17.2
1073,54.376
1074,60.123
1075,48.838
1076,55.096
1077,46.209
1078,72.419
1079,76.581
1080,77.871
1081,68.318
1082,76.879
1083,82.195
1084,83.202
1085,96.545
1086,98.341
1087,128.76
1088,42.318
1089,17.665
1090,3.5033
1091,1.9627
1092,0
1093,0
1094,0
1095,4.5789
1096,25.621
1097,35.4
1098,47.995
1099,48.023
1100,53.682
1101,54.169
1102,41.911
1103,41.89
1104,73.959
1105,88.871
1106,59.365
1107,55.876
1108,51.668
1109,86.596
1110,80.118
1111,118.95
1112,67.325
1113,10.702
1114,0
1115,0
1116,0
1117,0
1118,0
1119,0
1120,0
1121,49.578
1122,101.51
1123,57.565
1124,62.745
1125,67.181
1126,55.7
1127,42.778
1128,41.831
1129,49.252
1130,51.599
1131,47.266
1132,51.618
1133,99.365
1134,102.79
1135,86.385
1136,73.105
1137,0
1138,0
1139,0
1140,0
1141,0
1142,0
1143,0
1144,0
1145,24.531
1146,49.468
1147,106.1
1148,92.552
1149,59.741
1150,50.862
1151,54.371
1152,51.675
1153,81.126
1154,59.635
1155,57.231
1156,55.731
1157,52.474
1158,52.703
1159,65.14
1160,24.265
1161,0
1162,0
1163,0
1164,0
1165,0
1166,0
1167,0
1168,0
1169,51.296
1170,54.215
1171,94.17
1172,52.558
1173,59.226
1174,101.38
1175,90.615
1176,61.756
1177,65.154
1178,55.256
1179,52.76
1180,54.921
1181,61.85
1182,58.628
1183,117.53
1184,20.486
1185,0
1186,0
1187,0
1188,0
1189,0
1190,0
1191,0
1192,0
1193,29.996
1194,57.225
1195,52.336
1196,81.122
1197,110.04
1198,118.61
1199,119.19
1200,59.955
1201,59.274
1202,48.452
1203,52.337
1204,91.041
1205,92.106
1206,112.03
1207,120.54
1208,60.03
1209,7.1082
1210,0
1211,0
1212,0
1213,9.8321
1214,0
1215,0
1216,17.064
1217,78.045
1218,80.029
1219,130.93
1220,108.53
1221,83.437
1222,122.04
1223,40.934
1224,39.238
1225,43.652
1226,45.089
1227,43.888
1228,44.608
1229,44.43
1230,59.801
1231,85.274
1232,41.286
1233,15.856
1234,1.5135
1235,0
1236,0
1237,0
1238,0
1239,0
1240,1.717
1241,39.136
1242,104.64
1243,57.306
1244,92.375
1245,97.888
1246,79.42
1247,113.68
1248,90.907
1249,49.369
1250,99.28
1251,99.378
1252,103.25
1253,67.047
1254,68.783
1255,111.96
1256,46.567
1257,0.3531
1258,0
1259,0
1260,0
1261,0
1262,0
1263,0
1264,2.5107
1265,80.004
1266,57.141
1267,68.578
1268,68.822
1269,54.57
1270,46.433
1271,42.958
1272,41.115
1273,49.658
1274,48.845
1275,46.059
1276,49.705
1277,47.882
1278,42.932
1279,31.785
1280,22.378
1281,30.184
1282,19.73
1283,8.8039
1284,22.778
1285,27.801
1286,20.663
1287,33.751
1288,47.528
1289,79.261
1290,71.028
1291,52.334
1292,46.295
1293,51.042
1294,49.476
1295,25.985
1296,2.5361
1297,23.883
1298,46.252
1299,43.069
1300,24.603
1301,15.738
1302,25.777
1303,82.157
1304,54.187
1305,58.313
1306,40.384
1307,29.205
1308,29.649
1309,26.642
1310,38.865
1311,52.828
1312,62.378
1313,115.52
1314,84.728
1315,69.614
1316,102.41
1317,139.34
1318,39.322
1319,38.528
1320,19.285
1321,45.435
1322,44.343
1323,14.615
1324,44.198
1325,27.516
1326,44.948
1327,65.79
1328,110.7
1329,32.164
1330,6.0193
1331,21.809
1332,6.8315
1333,1.2822
1334,32.402
1335,30.036
1336,67.017
1337,74.157
1338,127.78
1339,79.098
1340,59.982
1341,101.95
1342,97.797
1343,59.457
1344,11.157
1345,37.734
1346,36.891
1347,22.244
1348,19.985
1349,53.44
1350,52.724
1351,64.855
1352,64.322
1353,18.366
1354,0
1355,0
1356,0
1357,0
1358,0
1359,0
1360,5.7576
1361,86.411
1362,112.77
1363,105.4
1364,57.127
1365,104.86
1366,98.777
1367,80.04
1368,47.351
1369,51.028
1370,89.272
1371,63.105
1372,49.128
1373,52.383
1374,81.435
1375,87.899
1376,90.692
1377,22.563
1378,4.7227
1379,7.3882
1380,9.3294
1381,0.95111
1382,0
1383,0
1384,10.306
1385,41.088
1386,41.213
1387,95.631
1388,130.33
1389,71.127
1390,40.493
1391,32.208
1392,25.226
1393,45.424
1394,10.612
1395,16.386
1396,48.206
1397,48.469
1398,85.358
1399,88.417
1400,188.07
1401,10.828
1402,21.894
1403,34.928
1404,5.2697
1405,0
1406,0
1407,0
1408,5.0924
1409,31.804
1410,64.883
1411,49.739
1412,51.2
1413,94.787
1414,116.03
1415,113.84
1416,38.096
1417,73.297
1418,54.569
1419,80.924
1420,90.563
1421,23.773
1422,31.839
1423,43.527
1424,1.6005
1425,0
1426,0
1427,0
1428,1.4479
1429,0
1430,0
1431,0
1432,0
1433,9.3466
1434,113.95
1435,138.59
1436,147.37
1437,90.003
1438,61.602
1439,36.889
1440,40.712
1441,93.335
1442,42.682
1443,131.09
1444,104.18
1445,42.402
1446,34.944
1447,47.104
1448,26.977
1449,21.369
1450,0
1451,0
1452,0
1453,1.7729
1454,0
1455,19.35
1456,45.712
1457,89.493
1458,54.002
1459,53.079
1460,47.294
1461,47.563
1462,44.398
1463,35.208
1464,28.058
1465,15.033
1466,12.878
1467,54.04
1468,21.185
1469,7.9921
1470,34.866
1471,84.864
1472,50.651
1473,30.345
1474,14.733
1475,24.675
1476,7.3179
1477,28.456
1478,30.507
1479,42.928
1480,45.887
1481,86.698
1482,45.228
1483,81.192
1484,64.152
1485,92.162
1486,124.72
1487,79.856
1488,3.7924
1489,47.955
1490,76.09
1491,23.689
1492,69.909
1493,46.266
1494,44.544
1495,58.822
1496,98.724
1497,18.834
1498,0
1499,0
1500,0
1501,3.6925
1502,20.021
1503,23.607
1504,53.535
1505,83.494
1506,99.858
1507,94.543
1508,65.417
1509,47.751
1510,115.69
1511,53.649
1512,16.807
1513,42.266
1514,23.414
1515,21.931
1516,23.054
1517,31.72
1518,59.738
1519,76.37
1520,59.901
1521,23.809
1522,0
1523,0
1524,0
1525,0
1526,3.3938
1527,0
1528,11.202
1529,74.217
1530,75.54
1531,81.908
1532,113.94
1533,129.69
1534,113.3
1535,90.084
1536,45.82
1537,46.79
1538,46.028
1539,46.246
1540,45.297
1541,39.356
1542,100.28
1543,123.71
1544,85.536
1545,26.063
1546,14.75
1547,8.5662
1548,266.17
1549,1.3541
1550,0
1551,0
1552,17.326
1553,35.542
1554,33.828
1555,31.153
1556,73.663
1557,43.712
1558,35.799
1559,56.1
1560,36.25
1561,57.042
1562,43.492
1563,41.535
1564,46.958
1565,54.644
1566,63.873
1567,129.21
1568,74.36
1569,28.552
1570,22.567
1571,31.398
1572,19.467
1573,6.4718
1574,0
1575,6.4486
1576,9.6023
1577,44.922
1578,43.418
1579,41.192
1580,41.684
1581,68.64
1582,74.982
1583,91.888
1584,46.555
1585,48.643
1586,47.113
1587,45.403
1588,23.253
1589,40.079
1590,39.878
1591,73.112
1592,12.828
1593,0
1594,0
1595,0
1596,0
1597,0
1598,0
1599,0
1600,0
1601,38.126
1602,99.767
1603,120.19
1604,129.96
1605,95.732
1606,107.01
1607,55.634
1608,49.335
1609,52.022
1610,48.132
1611,47.552
1612,49.105
1613,63.41
1614,74.711
1615,87.376
1616,32.192
1617,2.6013
1618,0
1619,0
1620,0
1621,0
1622,0
1623,9.0613
1624,36.855
1625,55.022
1626,47.857
1627,100.76
1628,74.817
1629,103.08
1630,97.252
1631,45.181
1632,26.419
1633,38.633
1634,38.649
1635,38.613
1636,37.135
1637,38.973
1638,107.46
1639,85.206
1640,93.789
1641,42.839
1642,36.325
1643,39.648
1644,26.525
1645,21.112
1646,17.896
1647,37.78
1648,48.559
1649,92.8
1650,49.316
1651,44.673
1652,68.368
1653,73.576
1654,55.073
1655,41.834
1656,21.25
1657,26.865
1658,31.285
1659,30.852
1660,44.541
1661,25.019
1662,73.702
1663,94.562
1664,87.345
1665,4.3509
1666,2.0661
1667,0
1668,0
1669,0
1670,0
1671,0
1672,0
1673,50.426
1674,92.057
1675,74.727
1676,84.28
1677,95.156
1678,145.11
1679,82.118
1680,44.376
1681,51.282
1682,49.35
1683,51.037
1684,48.846
1685,39.208
1686,45.437
1687,64.108
1688,39.492
1689,4.8903
1690,0
1691,0
1692,0
1693,0
1694,0
1695,0
1696,3.5512
1697,55.709
1698,41.933
1699,38.186
1700,60.125
1701,101.17
1702,128.29
1703,77.162
1704,46.357
1705,78.763
1706,77.211
1707,52.708
1708,49.86
1709,74.672
1710,93.872
1711,129.59
1712,41.494
1713,0
1714,0
1715,0
1716,0
1717,0
1718,0
1719,0
1720,0
1721,56.12
1722,97.37
1723,85.098
1724,78.156
1725,110.93
1726,130.84
1727,49.596
1728,69.452
1729,54.256
1730,60.914
1731,54.423
1732,43.433
1733,87.274
1734,107.22
1735,167.22
1736,31.247
1737,0
1738,1.5002
1739,0.5949
1740,1.3177
1741,5.095
1742,19.042
1743,36.636
1744,35.307
1745,97.284
1746,39.883
1747,36.641
1748,32.923
1749,46.93
1750,99.74
1751,77.431
1752,66.463
1753,37.59
1754,51.303
1755,49.638
1756,60.129
1757,69.748
1758,91.615
1759,100.08
1760,38.425
1761,21.166
1762,9.1312
1763,5.1663
1764,0
1765,0
1766,0
1767,19.948
1768,23.273
1769,61.189
1770,77.935
1771,50.641
1772,63.183
1773,86.457
1774,89.214
1775,111.9
1776,120.24
1777,58.827
1778,46.296
1779,53.124
1780,43.62
1781,43.735
1782,49.108
1783,71.184
1784,33.994
1785,0
1786,0
1787,0
1788,0
1789,0
1790,4.7705
1791,2.176
1792,3.044
1793,27.525
1794,79.749
1795,62.917
1796,64.642
1797,61.216
1798,62.614
1799,88.883
1800,86.808
1801,68.589
1802,55.107
1803,26.621
1804,40.859
1805,98.339
1806,135
1807,148.18
1808,16.959
1809,0
1810,0
1811,0
1812,0
1813,0
1814,0
1815,0
1816,1.5265
1817,46.102
1818,75.602
1819,70.012
1820,77.492
1821,54.707
1822,121.12
1823,56.059
1824,57.781
1825,46.738
1826,50.372
1827,48.419
1828,48.108
1829,47.92
1830,69.545
1831,125.88
1832,59.457
1833,11.451
1834,0.74637
1835,0
1836,0.78281
1837,0
1838,4.6819
1839,27.745
1840,43.186
1841,76.437
1842,47.437
1843,45.657
1844,51.791
1845,56.314
1846,55.749
1847,51.764
1848,54.918
1849,56.727
1850,50.266
1851,42.48
1852,46.624
1853,53.767
1854,101.28
1855,116.01
1856,47.077
1857,0
1858,0
1859,0
1860,0
1861,0
1862,0
1863,0
1864,0
1865,8.1692
1866,28.972
1867,45.179
1868,48.22
1869,107.65
1870,56.841
1871,117.7
1872,82.545
1873,66.921
1874,52.783
1875,59.444
1876,49.953
1877,79.438
1878,98.519
1879,82.682
1880,72.99
1881,46.892
1882,2.4252
1883,0
1884,0
1885,0
1886,0
1887,0
1888,26.425
1889,65.448
1890,71.695
1891,44.313
1892,44.151
1893,60.095
1894,136.9
1895,81.243
1896,70.618
1897,64.15
1898,41.947
1899,39.655
1900,42.893
1901,42.089
1902,108.1
1903,90.205
1904,269.39
1905,68.776
1906,54.435
1907,37.479
1908,29.528
1909,25.12
1910,24.169
1911,19.348
1912,19.793
1913,27.826
1914,49.07
1915,32.496
1916,39.111
1917,66.308
1918,44.83
1919,32.478
1920,28.502
1921,76.576
1922,96.657
1923,86.052
1924,100.82
1925,64.041
1926,47.431
1927,23.305
1928,8.1359
1929,0
1930,0
1931,0
1932,0
1933,0
1934,0
1935,0
1936,0
1937,17.774
1938,76.565
1939,124.89
1940,128.7
1941,106.26
1942,85.388
1943,95.764
1944,78.984
1945,59.413
1946,58.817
1947,71.733
1948,54.473
1949,52.91
1950,106.79
1951,46.367
1952,18.116
1953,0
1954,19.215
1955,0
1956,0
1957,0
1958,0
1959,6.0809
1960,18.312
1961,64.055
1962,107.46
1963,111.8
1964,110.37
1965,156.73
1966,149.29
1967,79.995
1968,36.919
1969,47.348
1970,46.281
1971,45.041
1972,44.424
1973,43.89
1974,50.492
1975,72.212
1976,36.963
1977,14.623
1978,9.2762
1979,7.9856
1980,8.7724
1981,12.372
1982,0.20363
1983,31.131
1984,23.586
1985,40.144
1986,108.96
1987,73.81
1988,72.929
1989,39.096
1990,94.849
1991,49.735
1992,34.851
1993,42.501
1994,40.616
1995,50.529
1996,51.173
1997,65.435
1998,80.352
1999,128.02
2000,91.749
2001,19.994
2002,14.05
2003,2.5756
2004,0
2005,6.7361
2006,3.1836
2007,1.1675
2008,6.85
2009,40.623
2010,58.027
2011,54.605
2012,42.197
2013,62.845
2014,106.07
2015,51.265
2016,72.625
2017,69.234
2018,69.823
2019,67.884
2020,71.826
2021,73.837
2022,110.02
2023,261.62
2024,69.548
2025,0
2026,0
2027,0
2028,0
2029,0
2030,0
2031,0
2032,15.243
2033,65.23
2034,84.203
2035,106.33
2036,75.12
2037,76.953
2038,115.82
2039,78.424
2040,60.578
2041,45.948
2042,47.389
2043,55.447
2044,48.682
2045,62.892
2046,121.87
2047,58.028
2048,46.779
2049,10.898
2050,26.081
2051,0
2052,0
2053,0
2054,0
2055,0
2056,15.171
2057,36.367
2058,46.556
2059,103.49
2060,47.135
2061,78.332
2062,108.97
2063,96.717
2064,44.265
2065,41.591
2066,42.341
2067,51.025
2068,87.05
2069,45.632
2070,44.739
2071,86.7
2072,28.28
2073,0
2074,17.322
2075,0
2076,0
2077,0
2078,0
2079,14.177
2080,24.9
2081,72.262
2082,85.139
2083,71.161
2084,63.27
2085,116.2
2086,114.61
2087,86.409
2088,45.272
2089,53.155
2090,90.077
2091,54.032
2092,54.845
2093,54.694
2094,55.767
2095,72.401
2096,55.335
2097,0
2098,0
2099,0
2100,0
2101,0
2102,0
2103,0
2104,29.481
2105,37.049
2106,107.83
2107,54.51
2108,61.562
2109,56.749
2110,110.06
2111,62.998
2112,30.633
2113,70.051
2114,44.208
2115,43.894
2116,71.347
2117,39.623
2118,37.374
2119,18.409
2120,0
2121,0
2122,0
2123,0
2124,0
2125,0
2126,0
2127,0
2128,0
2129,32.821
2130,44.268
2131,41.428
2132,108.23
2133,64.511
2134,47.99
2135,28.095
2136,69.864
2137,64.024
2138,70.135
2139,76.76
2140,87.094
2141,89.064
2142,108.33
2143,114.84
2144,51.123
2145,30.953
2146,0
2147,19.375
2148,0
2149,0
2150,10.2
2151,18.755
2152,56.97
2153,72.716
2154,39.133
2155,43.69
2156,87.116
2157,127.88
2158,61.966
2159,43.259
2160,35.975
2161,28.66
2162,17.302
2163,18.431
2164,30.56
2165,30.879
2166,83.079
2167,82.529
2168,81.237
2169,87.489
2170,19.689
2171,14.432
2172,6.9918
2173,31.202
2174,41.361
2175,51.3
2176,65.151
2177,45.314
2178,99.403
2179,119.55
2180,66.015
2181,118.32
2182,70.53
2183,56.275
2184,33.951
2185,19.45
2186,36.033
2187,46.114
2188,54.533
2189,48.372
2190,65.382
2191,75.943
2192,62.25
2193,34.34
2194,0
2195,0
2196,0
2197,1.5227
2198,0
2199,0
2200,0.60579
2201,33.427
2202,104.96
2203,98.307
2204,47.484
2205,115.55
2206,53.198
2207,48.671
2208,19.675
2209,17.326
2210,24.645
2211,15.554
2212,31.986
2213,46.442
2214,41.285
2215,46.326
2216,24.237
2217,8.8258
2218,0
2219,0
2220,0
2221,0
2222,0
2223,0.71095
2224,10.162
2225,48.438
2226,80.826
2227,92.459
2228,94.789
2229,110.22
2230,123.38
2231,53.367
2232,45.8
2233,29.218
2234,17.233
2235,33.358
2236,38.311
2237,23.799
2238,24.27
2239,94.023
2240,43.345
2241,73.572
2242,38.769
2243,22.942
2244,32.674
2245,40.031
2246,38.954
2247,46.958
2248,62.454
2249,68.082
2250,76.656
2251,131.7
2252,88.304
2253,90.537
2254,53.477
2255,42.092
2256,11.56
2257,33.607
2258,42.877
2259,40.964
2260,46.822
2261,43.585
2262,49.152
2263,63.548
2264,18.313
2265,0
2266,0
2267,0
2268,0
2269,0
2270,0
2271,0
2272,0
2273,24.646
2274,32.496
2275,19.094
2276,35.062
2277,52.194
2278,111.95
2279,66.293
2280,21.922
2281,57.488
2282,32.441
2283,48.834
2284,49.524
2285,56.088
2286,90.392
2287,25.142
2288,0
2289,0
2290,0
2291,0
2292,0
2293,0
2294,0
2295,0
2296,8.4553
2297,26.328
2298,72.033
2299,93.298
2300,142.04
2301,86.534
2302,139.55
2303,64.672
2304,44.361
2305,58.023
2306,68.868
2307,82.111
2308,87.951
2309,98.97
2310,124.3
2311,38.942
2312,57.187
2313,35.997
2314,37.506
2315,36.367
2316,25.534
2317,26.579
2318,27.453
2319,29.413
2320,46.776
2321,68.941
2322,120.89
2323,40.34
2324,45.629
2325,123.15
2326,29.829
2327,63.903
2328,19.413
2329,25.37
2330,35.258
2331,41.8
2332,47.068
2333,53.61
2334,91.761
2335,45.013
2336,25.007
2337,31.689
2338,67.102
2339,85.226
2340,34.827
2341,27.75
2342,40.848
2343,32.576
2344,25.286
2345,38.835
2346,86.576
2347,47.797
2348,108.45
2349,75.502
2350,47.824
2351,38.194
2352,29.143
2353,47.454
2354,46.399
2355,44.059
2356,46.243
2357,52.308
2358,70.665
2359,44.257
2360,10.093
2361,18.894
2362,284.95
2363,0
2364,8.5231
2365,0
2366,0
2367,0
2368,0
2369,25.626
2370,89.576
2371,107.36
2372,64.863
2373,76.308
2374,39.803
2375,30.964
2376,27.357
2377,61.294
2378,52.201
2379,48.84
2380,77.817
2381,65.419
2382,97.177
2383,75.947
2384,18.746
2385,0
2386,0
2387,0
2388,0
2389,0
2390,0
2391,0
2392,0
2393,25.439
2394,83.381
2395,97.304
2396,115.53
2397,60.118
2398,83.374
2399,53.176
2400,53.597
2401,74.837
2402,47.803
2403,44.938
2404,58.381
2405,77.112
2406,98.605
2407,78.957
2408,63.37
2409,38.787
2410,17.094
2411,23.362
2412,0
2413,0
2414,0
2415,0
2416,0
2417,85.253
2418,96.212
2419,119.66
2420,87.654
2421,54.576
2422,78.248
2423,51.769
2424,14.03
2425,47.676
2426,57.929
2427,43.693
2428,38.306
2429,33.671
2430,35.261
2431,10.098
2432,0
2433,0
2434,0
2435,0
2436,0
2437,0
2438,0
2439,0
2440,0
2441,24.638
2442,63.093
2443,68.113
2444,58.911
2445,60.551
2446,99.698
2447,58.025
2448,54.534
2449,53.21
2450,51.959
2451,54.115
2452,77.558
2453,77.028
2454,66.55
2455,28.279
2456,4.5669
2457,0.90325
2458,0
2459,0
2460,39.198
2461,142.35
2462,0
2463,0
2464,0
2465,17.636
2466,54.77
2467,46.424
2468,129.51
2469,47.999
2470,51.119
2471,33.91
2472,19.013
2473,25.564
2474,28.024
2475,50.296
2476,48.016
2477,35.149
2478,70.604
2479,26.58
2480,10.312
2481,4.1286
2482,0
2483,0
2484,266.7
2485,4.1525
2486,0.94344
2487,7.9963
2488,29.776
2489,58.997
2490,74.872
2491,56.526
2492,49.392
2493,69.647
2494,42.433
2495,39.839
2496,37.777
2497,40.748
2498,25.526
2499,26.715
2500,30.851
2501,23.938
2502,50.89
2503,56.77
2504,26.039
2505,0
2506,0
2507,2.6545
2508,6.4332
2509,0
2510,0
2511,7.7645
2512,24.719
2513,30.209
2514,80.302
2515,126.23
2516,131.79
2517,163.36
2518,81.855
2519,44.848
2520,43.349
2521,45.225
2522,45.901
2523,47.718
2524,73.733
2525,85.017
2526,98.164
2527,82.884
2528,39.137
2529,0
2530,0
2531,31.268
2532,0
2533,0
2534,0
2535,1.7032
2536,28.446
2537,40.643
2538,74.981
2539,133.65
2540,82.872
2541,137.1
2542,43.264
2543,58.792
2544,35.529
2545,44.3
2546,49.329
2547,41.351
2548,47.041
2549,52.308
2550,88.749
2551,88.135
2552,43.2
2553,16.431
2554,7.3204
2555,0
2556,0
2557,2.6471
2558,6.5853
2559,12.075
2560,51.222
2561,67.339
2562,71.905
2563,104.53
2564,77.379
2565,65.095
2566,44.341
2567,46.383
2568,33.989
2569,32.811
2570,37.626
2571,39.446
2572,40.755
2573,33.906
2574,70.492
2575,60.878
2576,96.308
2577,43.727
2578,30.834
2579,34.046
2580,24.159
2581,48.794
2582,30.287
2583,34.659
2584,31.131
2585,58.014
2586,83.186
2587,87.669
2588,32.79
2589,58.577
2590,52.589
2591,41.24
2592,13.284
2593,27.474
2594,32.182
2595,33.779
2596,17.839
2597,10.556
2598,15.636
2599,9.8851
2600,0
2601,0
2602,0
2603,0
2604,0
2605,0
2606,0
2607,0
2608,0
2609,0
2610,68.249
2611,119.73
2612,70.44
2613,121.73
2614,140.15
2615,49.089
2616,29.157
2617,74.62
2618,64.446
2619,63.072
2620,74.8
2621,74.923
2622,69.75
2623,45.857
2624,13.804
2625,0
2626,0
2627,0
2628,0
2629,0
2630,0
2631,0
2632,0
2633,0
2634,9.4545
2635,18.087
2636,18.181
2637,60.004
2638,122.62
2639,15.491
2640,19.218
2641,67.182
2642,48.262
2643,23.991
2644,66.172
2645,36.008
2646,95.502
2647,57.926
2648,61.859
2649,0
2650,0
2651,0
2652,0
2653,0
2654,0
2655,0
2656,0
2657,8.6497
2658,63.655
2659,77.956
2660,143.43
2661,249.56
2662,76.49
2663,52.429
2664,28.449
2665,62.438
2666,34.789
2667,33.903
2668,28.902
2669,34.324
2670,63.75
2671,39.146
2672,4.8239
2673,0
2674,0
2675,0
2676,0
2677,0
2678,0
2679,0
2680,0
2681,39.827
2682,100.14
2683,130.66
2684,144.58
2685,105.87
2686,61.719
2687,52.113
2688,52.949
2689,52.695
2690,56.956
2691,54.069
2692,52.99
2693,56.305
2694,89.547
2695,68.008
2696,14.075
2697,0
2698,0
2699,0
2700,0
2701,0
2702,0
2703,0
2704,15.231
2705,38.038
2706,51.509
2707,75.226
2708,83.466
2709,102.35
2710,71.902
2711,76.342
2712,46.419
2713,43.51
2714,42.761
2715,42.801
2716,47.003
2717,54.113
2718,84.943
2719,41.548
2720,23.824
2721,24.704
2722,13.832
2723,0
2724,0
2725,0
2726,23.008
2727,23.466
2728,35.781
2729,66.588
2730,85.777
2731,88.17
2732,55.483
2733,109.04
2734,45.928
2735,56.544
2736,42.806
2737,37.552
2738,35.07
2739,34.333
2740,34.103
2741,36.667
2742,87.129
2743,49.217
2744,54.834
2745,48.558
2746,19.549
2747,24.071
2748,21.94
2749,28.39
2750,32.85
2751,25.318
2752,24.459
2753,72.4
2754,102.81
2755,102.34
2756,95.116
2757,108.02
2758,78.065
2759,71.332
2760,33.327
2761,97.968
2762,58.774
2763,52.276
2764,51.773
2765,84.585
2766,84.515
2767,63.863
2768,48.517
2769,17.356
2770,25.373
2771,0
2772,0
2773,0
2774,0
2775,0
2776,0
2777,0
2778,34.197
2779,36.89
2780,48.318
2781,68.184
2782,44.65
2783,39.45
2784,40.63
2785,84.18
2786,69.856
2787,94.18
2788,114.84
2789,66.894
2790,57.017
2791,19.373
2792,0
2793,0
2794,0
2795,0
2796,0
2797,0
2798,0
2799,0
2800,0
2801,14.01
2802,79.804
2803,93.157
2804,78.272
2805,112.68
2806,138.04
2807,49.752
2808,50.052
2809,58.886
2810,39.492
2811,91.287
2812,102.58
2813,91.449
2814,122.75
2815,116.64
2816,39.654
2817,28.046
2818,34.344
2819,0
2820,11.982
2821,14.231
2822,11.514
2823,7.6906
2824,13.235
2825,41.098
2826,81.545
2827,82.917
2828,122.7
2829,114.89
2830,109.82
2831,66.839
2832,49.272
2833,66.486
2834,69.756
2835,51.848
2836,59.486
2837,57.134
2838,112.76
2839,81.549
2840,32.924
2841,26.333
2842,25.883
2843,29.425
2844,29.28
2845,31.528
2846,31.671
2847,28.577
2848,26.672
2849,29.861
2850,74.153
2851,85.915
2852,58.568
2853,69.27
2854,172.59
2855,29.571
2856,30.812
2857,33.553
2858,32.344
2859,32.54
2860,34.104
2861,37.9
2862,76.191
2863,37.094
2864,33.122
2865,33.847
2866,61.933
2867,28.519
2868,24.508
2869,19.969
2870,17.923
2871,20.872
2872,22.219
2873,36.895
2874,77.325
2875,86.91
2876,106.8
2877,127.15
2878,46.07
2879,41.296
2880,40.333
2881,26.621
2882,32.661
2883,43.01
2884,42.544
2885,76.47
2886,104
2887,76.517
2888,38.358
2889,34.512
2890,31.144
2891,26.588
2892,3.9314
2893,20.502
2894,14.709
2895,20.362
2896,23.49
2897,38.568
2898,88.452
2899,76.024
2900,99.623
2901,102.95
2902,58.12
2903,45.063
2904,40.564
2905,36.272
2906,39.212
2907,36.608
2908,41.821
2909,84.27
2910,85.89
2911,100.51
2912,14.59
2913,2.301
2914,11.187
2915,0
2916,0
2917,0
2918,0
2919,0
2920,0
2921,19.656
2922,50.141
2923,89.084
2924,51.948
2925,62.754
2926,99.635
2927,81.762
2928,61.92
2929,70.776
2930,43.72
2931,43.027
2932,65.859
2933,74.667
2934,69.327
2935,29.418
2936,13.897
2937,13.509
2938,0
2939,0
2940,0
2941,0
2942,0
2943,0
2944,3.4462
2945,29.123
2946,50.541
2947,94.489
2948,82.523
2949,112.82
2950,118.2
2951,61.286
2952,75.644
2953,60.852
2954,66.694
2955,54.859
2956,57.756
2957,53.845
2958,65.606
2959,24.449
2960,0
2961,0
2962,0
2963,0
2964,0
2965,0
2966,0
2967,0
2968,0
2969,8.2393
2970,51.63
2971,93.722
2972,131.98
2973,107.01
2974,134.24
2975,56.949
2976,44.405
2977,42.551
2978,31.716
2979,31.96
2980,55.273
2981,85.185
2982,73.395
2983,128.42
2984,46.22
2985,28.376
2986,0
2987,0
2988,0
2989,0
2990,0
2991,0
2992,15.665
2993,75.441
2994,57.544
2995,70.338
2996,104.89
2997,136.44
2998,131.38
2999,45.965
3000,39.318
3001,49.772
3002,32.005
3003,25.607
3004,27.456
3005,35.36
3006,77.015
3007,54.529
3008,33.143
3009,16.407
3010,7.7909
3011,16.326
3012,0
3013,0
3014,0
3015,0
3016,4.5605
3017,39.371
3018,49.624
3019,96.348
3020,83.637
3021,142.7
3022,50.396
3023,43.543
3024,38.801
3025,40.378
3026,60.822
3027,42.07
3028,47.706
3029,61.929
3030,71.959
3031,71.669
3032,42.803
3033,30.88
3034,20.444
3035,0
3036,0
3037,0
3038,3.1711
3039,10.702
3040,23.486
3041,37.143
3042,51.221
3043,80.88
3044,59.838
3045,121.4
3046,120.31
3047,34.142
3048,24.875
3049,45.846
3050,39.548
3051,42.126
3052,49.168
3053,68.959
3054,78.759
3055,69.45
3056,52.577
3057,48.211
3058,19.034
3059,0.47759
3060,0
3061,0
3062,0
3063,0
3064,0
3065,33.925
3066,87.732
3067,98.757
3068,56.665
3069,61.015
3070,45.714
3071,34.068
3072,27.902
3073,29.738
3074,30.544
3075,37.685
3076,34.465
3077,58.683
3078,67.235
3079,59.597
3080,7.7224
3081,0
3082,20.49
3083,2.2789
3084,0
3085,227.74
3086,0
3087,0
3088,0
3089,18.773
3090,39.38
3091,80.801
3092,46.361
3093,78.509
3094,95.826
3095,94.283
3096,31.153
3097,86.558
3098,45.099
3099,48.99
3100,93.429
3101,75.477
3102,79.838
3103,7.5462
3104,2.6163
3105,2.0227
3106,4.6075
3107,0.15557
3108,0
3109,0
3110,0
3111,0
3112,0
3113,25.553
3114,61.227
3115,61.522
3116,45.287
3117,64.036
3118,66.994
3119,38.953
3120,33.946
3121,49.156
3122,49.851
3123,62.109
3124,72.724
3125,78.525
3126,53.742
3127,13.975
3128,0
3129,0
3130,0
3131,0
3132,0
3133,0
3134,0
3135,0
3136,0
3137,8.8214
3138,61.243
3139,97.87
3140,95.277
3141,64.118
3142,62.721
3143,28.36
3144,26.413
3145,26.286
3146,37.315
3147,41.522
3148,36.897
3149,28.325
3150,34.075
3151,33.515
3152,27.257
3153,29.991
3154,0
3155,0
3156,0
3157,0
3158,0
3159,0.12519
3160,13.089
3161,17.987
3162,34.774
3163,113.89
3164,109.09
3165,49.579
3166,56.078
3167,36.89
3168,33.476
3169,42.035
3170,34.259
3171,44.738
3172,36.823
3173,40.584
3174,50.928
3175,43.731
3176,51.912
3177,20.238
3178,0.39914
3179,0
3180,0
3181,0
3182,0
3183,0
3184,2.8025
3185,31.062
3186,42.372
3187,81.349
3188,106.09
3189,91.345
3190,91.928
3191,59.763
3192,45.119
3193,50.676
3194,55.778
3195,50.294
3196,46.94
3197,42.345
3198,54.071
3199,39.471
3200,0
3201,0
3202,0
3203,0
3204,0
3205,0
3206,0
3207,10.18
3208,28.389
3209,70.708
3210,95.25
3211,142.03
3212,215.37
3213,62.374
3214,84.488
3215,42.16
3216,39.11
3217,32.784
3218,32.368
3219,30.67
3220,33.619
3221,42.481
3222,51.938
3223,45.762
3224,38.362
3225,37.159
3226,16.534
3227,32.351
3228,31.727
3229,27.596
3230,27.46
3231,24.7
3232,30.321
3233,49.568
3234,105.41
3235,70.911
3236,83.125
3237,121.06
3238,43.074
3239,36.139
3240,20.497
3241,35.292
3242,33.163
3243,35.151
3244,33.009
3245,45.433
3246,65.426
3247,42.896
3248,39.967
3249,33.153
3250,3.4465
3251,7.3794
3252,0
3253,0
3254,8.6455
3255,11.574
3256,40.094
3257,80.84
3258,145.89
3259,41.594
3260,49.731
3261,81.012
3262,50.678
3263,37.464
3264,3.8281
3265,38.434
3266,66.642
3267,53.638
3268,45.609
3269,41.71
3270,20
3271,16.482
3272,7.6978
3273,8.5679
3274,0
3275,0
3276,0
3277,0
3278,0
3279,0
3280,0
3281,35.432
3282,80.422
3283,74.716
3284,71.481
3285,62.725
3286,153.33
3287,34.354
3288,16.577
3289,39.789
3290,40.385
3291,39.576
3292,21.945
3293,24.079
3294,27.851
3295,6.3322
3296,0
3297,0
3298,0
3299,0
3300,0
3301,0
3302,0
3303,0
3304,29.915
3305,48.787
3306,54.077
3307,135.21
3308,95.785
3309,126.76
3310,138.72
3311,58.177
3312,52.808
3313,33.968
3314,38.094
3315,36.754
3316,37.888
3317,40.681
3318,88.633
3319,74.53
3320,58.302
3321,39.18
3322,32.35
3323,31.397
3324,18.906
3325,27.622
3326,27.515
3327,26.051
3328,38.93
3329,38.985
3330,83.776
3331,74.881
3332,54.581
3333,95.041
3334,121.74
3335,74.863
3336,35.532
3337,39.059
3338,42.7
3339,44.42
3340,44.912
3341,52.264
3342,74.389
3343,50.372
3344,35.292
3345,27.016
3346,25.238
3347,20.379
3348,11.062
3349,15.231
3350,17.468
3351,14.874
3352,26.865
3353,43.91
3354,61.923
3355,352.68
3356,77.198
3357,133.93
3358,36.091
3359,55.129
3360,33.413
3361,38.698
3362,42.842
3363,38.786
3364,37.423
3365,33.381
3366,38.475
3367,47.383
3368,41.17
3369,38.508
3370,23.609
3371,16.551
3372,22.764
3373,21.536
3374,22.763
3375,32.444
3376,66.532
3377,41.121
3378,96.265
3379,53.81
3380,99.964
3381,157.65
3382,73.59
3383,41.429
3384,38.903
3385,43.251
3386,43.537
3387,43.326
3388,45.099
3389,57.895
3390,58.451
3391,44.382
3392,44.421
3393,37.329
3394,28.687
3395,26.967
3396,29.513
3397,33.634
3398,30.765
3399,30.612
3400,51.721
3401,44.489
3402,44.92
3403,47.458
3404,47.533
3405,61.978
3406,56.545
3407,38.963
3408,37.398
3409,40.784
3410,41.368
3411,39.591
3412,38.474
3413,40.639
3414,50.049
3415,44.095
3416,41.794
3417,34.845
3418,29.938
3419,12.718
3420,15.602
3421,18.651
3422,27.678
3423,39.044
3424,50.529
3425,61.631
3426,125.9
3427,48.369
3428,42.028
3429,47.612
3430,47.214
3431,37.97
3432,24.341
3433,30.871
3434,32.611
3435,42.741
3436,38.298
3437,34.509
3438,33.913
3439,8.297
3440,7.2238
3441,0
3442,0
3443,0
3444,0
3445,0
3446,0
3447,0
3448,9.9412
3449,37.458
3450,61.24
3451,137.11
3452,78.743
3453,71.365
3454,55.783
3455,44.816
3456,27.563
3457,15.938
3458,28.064
3459,28.876
3460,22.535
3461,25.566
3462,26.404
3463,28.201
3464,24.051
3465,21.962
3466,18.704
3467,20.703
3468,24.212
3469,22.407
3470,23.306
3471,17.555
3472,15.398
3473,80.31
3474,73.133
3475,79.586
3476,32.646
3477,46.657
3478,119.34
3479,294.61
3480,96.948
3481,51.513
3482,20.054
3483,38.37
3484,36.18
3485,59.724
3486,81.792
3487,77.392
3488,61.09
3489,13.384
3490,2.6782
3491,0
3492,26.04
3493,0
3494,0
3495,0
3496,0
3497,6.6344
3498,122.41
3499,112.37
3500,53.729
3501,119
3502,79.427
3503,23.71
3504,3.3149
3505,14.404
3506,2.8001
3507,9.0278
3508,25.132
3509,37.625
3510,38.418
3511,53.069
3512,4.9567
3513,6.5908
3514,0
3515,0
3516,0
3517,0
3518,0
3519,0
3520,0
3521,59.831
3522,97.602
3523,107.55
3524,70.097
3525,142.79
3526,147.93
3527,101.07
3528,52.725
3529,42.817
3530,63.691
3531,74.798
3532,75.328
3533,84
3534,83.157
3535,69.173
3536,109.76
3537,53.435
3538,24.769
3539,12.033
3540,13.554
3541,49.724
3542,17.329
3543,21.439
3544,35.418
3545,39.761
3546,38.937
3547,52.921
3548,99.349
3549,115.51
3550,70.166
3551,32.528
3552,29.266
3553,43.238
3554,39.032
3555,29.662
3556,21.953
3557,22.085
3558,20.468
3559,11.868
3560,27.847
3561,6.1121
3562,5.5907
3563,0
3564,0
3565,0
3566,0
3567,0.26402
3568,9.2772
3569,29.084
3570,65.584
3571,113.07
3572,109.85
3573,212.66
3574,111.45
3575,42.674
3576,10.146
3577,11.818
3578,19.857
3579,21.874
3580,33.165
3581,48.277
3582,57.023
3583,44.28
3584,33.778
3585,20.556
3586,0.1421
3587,0
3588,0
3589,0
3590,0
3591,0
3592,0
3593,21.399
3594,15.372
3595,11.808
3596,27.011
3597,35.044
3598,36.529
3599,16.057
3600,25.514
3601,20.669
3602,17.907
3603,20.137
3604,21.241
3605,22.176
3606,19.537
3607,18.676
3608,0
3609,0
3610,0
3611,0
3612,0
3613,0
3614,0
3615,0
3616,0
3617,0
3618,0
3619,21.6
3620,0
3621,21.291
3622,54.452
3623,286.94
3624,0
3625,34.53
3626,32.653
3627,30.399
3628,25.966
3629,28.02
3630,24.819
3631,0
3632,0
3633,0
3634,0
3635,0
3636,0
3637,0
3638,0
3639,0
3640,0
3641,0
3642,10.75
3643,20.245
3644,24.747
3645,86.376
3646,22.836
3647,22.919
3648,44.517
3649,56.407
3650,68.137
3651,55.921
3652,50.855
3653,68.996
3654,30.946
3655,8.695
3656,0
3657,0
3658,0
3659,0
3660,0
3661,0
3662,0
3663,0
3664,0
3665,33.437
3666,65.312
3667,68.715
3668,102.59
3669,125.97
3670,124.95
3671,68.511
3672,57.086
3673,44.729
3674,41.078
3675,43.897
3676,45.448
3677,53.069
3678,90.39
3679,35.928
3680,32.051
3681,24.81
3682,5.3812
3683,0.75897
3684,0
3685,0
3686,0
3687,4.8382
3688,20.851
3689,53.494
3690,48.18
3691,146.84
3692,137.21
3693,97.965
3694,74.632
3695,44.023
3696,46.276
3697,43.053
3698,40.565
3699,43.696
3700,41.943
3701,46.393
3702,49.336
3703,49.74
3704,20.213
3705,28.782
3706,24.229
3707,16.946
3708,9.8182
3709,16.875
3710,24.67
3711,26.774
3712,40.491
3713,75.205
3714,117.52
3715,75.08
3716,45.072
3717,115.61
3718,115.75
3719,42.916
3720,36.458
3721,40.083
3722,39.791
3723,47.769
3724,48.367
3725,43.976
3726,43.157
3727,44.859
3728,37.346
3729,37.45
3730,24.311
3731,27.253
3732,33.285
3733,28.049
3734,40.475
3735,68.859
3736,39.666
3737,43.624
3738,91.996
3739,135.88
3740,102.08
3741,67.614
3742,44.613
3743,38.837
3744,36.827
3745,77.75
3746,54.266
3747,67.921
3748,74.733
3749,78.09
3750,51.802
3751,42.227
3752,40.418
3753,26.639
3754,29.557
3755,28.357
3756,25.596
3757,24.61
3758,23.654
3759,21.501
3760,51.575
3761,39.754
3762,80.947
3763,72.736
3764,76.315
3765,51.322
3766,76.431
3767,37.468
3768,33.041
3769,36.232
3770,44.981
3771,51.816
3772,49.069
3773,46.042
3774,47.707
3775,32.548
3776,37.997
3777,26.739
3778,23.416
3779,18.709
3780,14.634
3781,8.9744
3782,16.09
3783,25.979
3784,42.733
3785,46.594
3786,67.345
3787,115.63
3788,46.465
3789,80.542
3790,47.356
3791,45.05
3792,34.98
3793,46.152
3794,43.58
3795,41.598
3796,38.349
3797,34.049
3798,37.236
3799,1.6085
3800,0
3801,0
3802,290.93
3803,0
3804,1.1544
3805,0
3806,0
3807,9.3243
3808,13.911
3809,19.101
3810,37.465
3811,81.45
3812,48.613
3813,384.28
3814,64.591
3815,33.764
3816,25.216
3817,34.156
3818,36.289
3819,36.858
3820,43.72
3821,44.255
3822,42.722
3823,54.267
3824,58.109
3825,38.902
3826,27.852
3827,18.568
3828,22.564
3829,19.03
3830,20.249
3831,18.126
3832,21.835
3833,39.043
3834,73.613
3835,164.06
3836,101.46
3837,69.385
3838,84.354
3839,82.567
3840,32.838
3841,38.41
3842,54.921
3843,78.225
3844,82.053
3845,80.395
3846,78.534
3847,83.167
3848,44.686
3849,60.36
3850,77.046
3851,39.631
3852,41.43
3853,26.916
3854,33.932
3855,43.268
3856,43.059
3857,40.614
3858,70.453
3859,39.2
3860,36.264
3861,46.902
3862,46.753
3863,36.095
3864,29.833
3865,32.162
3866,17.091
3867,42.851
3868,74.909
3869,107.34
3870,67.114
3871,126.09
3872,38.844
3873,32.289
3874,27.202
3875,26.994
3876,22.57
3877,21.443
3878,28.201
3879,58.57
3880,63.595
3881,61.517
3882,43.842
3883,34.36
3884,83.84
3885,110.5
3886,96.903
3887,67.118
3888,32.48
3889,38.092
3890,36.596
3891,42.494
3892,54.513
3893,58.276
3894,53.519
3895,66.522
3896,38.53
3897,35.823
3898,15.826
3899,6.7047
3900,17.052
3901,17.54
3902,18.455
3903,16.08
3904,22.856
3905,72.29
3906,62.404
3907,59.906
3908,76.577
3909,75.991
3910,119.33
3911,48.528
3912,39.797
3913,40.366
3914,43.321
3915,70.735
3916,75.477
3917,85.398
3918,74.087
3919,69.291
3920,73.082
3921,35.934
3922,21.262
3923,32.259
3924,0
3925,19.833
3926,21.615
3927,21.536
3928,31.197
3929,41.299
3930,114.53
3931,74.988
3932,113.32
3933,73.432
3934,44.719
3935,43.421
3936,20.844
3937,61.008
3938,61.7
3939,60.65
3940,64.274
3941,88.764
3942,65.05
3943,8.1112
3944,0
3945,6.2126
3946,0
3947,0
3948,0
3949,0
3950,0
3951,0
3952,0
3953,9.0394
3954,31.188
3955,73.396
3956,57.325
3957,47.777
3958,82.459
3959,43.914
3960,69.666
3961,72.81
3962,68.778
3963,86.991
3964,67.12
3965,64.806
3966,22.255
3967,14.933
3968,14.598
3969,2.468
3970,0
3971,0
3972,0
3973,0
3974,0
3975,0
3976,0
3977,65.888
3978,91.081
3979,104.31
3980,62.522
3981,53.768
3982,81.813
3983,52.848
3984,56.09
3985,51.184
3986,61.888
3987,86.676
3988,73.873
3989,105.09
3990,71.748
3991,95.13
3992,73.361
3993,56.438
3994,17.473
3995,14.232
3996,5.6136
3997,16.723
3998,41.005
3999,40.683
4000,37.454
4001,40.719
4002,37.811
4003,113.62
4004,74.603
4005,49.606
4006,48.737
4007,80.062
4008,32.912
4009,37.36
4010,77.591
4011,64.976
4012,41.716
4013,82.3
4014,372.06
4015,78.421
4016,60.217
4017,9.6968
4018,23.805
4019,28.084
4020,20.419
4021,16.489
4022,25.793
4023,14.298
4024,14.372
4025,36.992
4026,43.206
4027,50.091
4028,40.712
4029,48.799
4030,39.059
4031,36.725
4032,19.304
4033,44.744
4034,52.345
4035,77.807
4036,80.837
4037,97.23
4038,52.073
4039,41.229
4040,22.953
4041,5.6502
4042,0
4043,0
4044,227.23
4045,0
4046,0
4047,0
4048,8.1574
4049,34.39
4050,42.095
4051,83.015
4052,46.34
4053,62.915
4054,45.528
4055,28.965
4056,20.525
4057,48.538
4058,55.687
4059,68.377
4060,78.517
4061,73.858
4062,46.738
4063,59.684
4064,31.152
4065,5.579
4066,0
4067,0
4068,0
4069,0
4070,0
4071,0
4072,28.936
4073,44.264
4074,49.466
4075,61.857
4076,83.974
4077,67.315
4078,137.51
4079,44.944
4080,39.782
4081,46.039
4082,78.616
4083,78.99
4084,94.743
4085,78.322
4086,38.386
4087,39.834
4088,20.779
4089,11.893
4090,8.9782
4091,6.7018
4092,10.895
4093,0
4094,26.47
4095,3.149
4096,61.41
4097,35.761
4098,90.992
4099,131.49
4100,70.525
4101,88.452
4102,83.928
4103,51.09
4104,39.247
4105,38.7
4106,39.265
4107,47.56
4108,52.175
4109,47.768
4110,345.58
4111,30.548
4112,25.615
4113,18.347
4114,12.956
4115,8.038
4116,6.3405
4117,8.0606
4118,18.774
4119,16.915
4120,27.832
4121,32.57
4122,34.751
4123,65.848
4124,39.914
4125,102.53
4126,124.61
4127,51.051
4128,36.012
4129,46.231
4130,73.632
4131,77.78
4132,47.891
4133,47.913
4134,50.086
4135,44.606
4136,27.448
4137,0
4138,0
4139,0
4140,0
4141,4.618
4142,0
4143,49.859
4144,34.356
4145,46.601
4146,48.178
4147,131.96
4148,58.132
4149,52.229
4150,76.179
4151,72.988
4152,43.568
4153,49.603
4154,47.934
4155,48.337
4156,49.637
4157,51.027
4158,46.621
4159,52.671
4160,45.889
4161,28.706
4162,18.323
4163,16.993
4164,13.917
4165,12.347
4166,14.508
4167,18.701
4168,20.299
4169,38.693
4170,48.563
4171,73.897
4172,78.189
4173,50.512
4174,64.694
4175,47.288
4176,43.458
4177,37.878
4178,52.291
4179,37.584
4180,40.734
4181,73.22
4182,76.69
4183,74.466
4184,59.24
4185,37.927
4186,23.62
4187,31.288
4188,16.611
4189,13.171
4190,20.513
4191,19.859
4192,23.179
4193,34.999
4194,38.062
4195,113.22
4196,118.95
4197,130.75
4198,78.24
4199,60.148
4200,37.368
4201,33.194
4202,44.017
4203,66.112
4204,68.889
4205,36.265
4206,43.598
4207,56.113
4208,64.956
4209,57.848
4210,40.054
4211,31.639
4212,30.906
4213,23.476
4214,21.023
4215,18.902
4216,23.012
4217,36.676
4218,65.365
4219,104.69
4220,101.04
4221,275.25
4222,43.493
4223,37.546
4224,35.101
4225,34.64
4226,33.454
4227,37.712
4228,66.354
4229,71.105
4230,74.086
4231,110.27
4232,46.323
4233,45.991
4234,34.267
4235,26.297
4236,23.801
4237,29.177
4238,30.207
4239,26.68
4240,37.042
4241,45.571
4242,77.885
4243,109.62
4244,70.813
4245,137.65
4246,119.21
4247,45.157
4248,45.182
4249,46.224
4250,48.293
4251,44.052
4252,35.518
4253,35.483
4254,35.603
4255,38.775
4256,37.742
4257,35.347
4258,83.048
4259,33.105
4260,35.31
4261,49.392
4262,55.804
4263,32.303
4264,52.735
4265,49.779
4266,94.466
4267,76.031
4268,76.092
4269,123.89
4270,87.524
4271,98.653
4272,49.265
4273,36.319
4274,36.385
4275,36.034
4276,72.174
4277,72.936
4278,42.748
4279,263.1
4280,34.821
4281,45.468
4282,28.339
4283,20.135
4284,26.873
4285,26.191
4286,26.008
4287,31.945
4288,61.286
4289,36.065
4290,42.678
4291,120.12
4292,83.61
4293,111.81
4294,83.597
4295,46.869
4296,69.959
4297,36.897
4298,329.13
4299,36.358
4300,66.739
4301,50.973
4302,41.01
4303,27.157
4304,42.344
4305,37.514
4306,29.594
4307,20.283
4308,26.781
4309,25.386
4310,24.503
4311,25.391
4312,36.873
4313,44.389
4314,75.741
4315,100.89
4316,218.06
4317,126.12
4318,60.074
4319,68.508
4320,48.531
4321,35.219
4322,34.922
4323,35.071
4324,41.023
4325,59.21
4326,75.476
4327,74.971
4328,75.164
4329,74.035
4330,37.361
4331,31.662
4332,34.792
4333,45.947
4334,46.163
4335,34.71
4336,70.573
4337,38.182
4338,81.786
4339,82.627
4340,47.791
4341,98.812
4342,138.26
4343,73.103
4344,45.204
4345,47.231
4346,60.266
4347,28.601
4348,38.236
4349,41.565
4350,67.547
4351,55.758
4352,74.64
4353,68.129
4354,67.872
4355,48.384
4356,35.77
4357,38.865
4358,82.584
4359,76.42
4360,95.412
4361,113.22
4362,153.23
4363,98.313
4364,93.099
4365,85.957
4366,46.575
4367,37.925
4368,27.418
4369,31.179
4370,35.52
4371,43.676
4372,37.961
4373,47.04
4374,64.057
4375,56.074
4376,65.598
4377,67.768
4378,52.233
4379,30.125
4380,30.738
4381,29.56
4382,33.854
4383,33.9
4384,35.63
4385,55.103
4386,95.723
4387,115.57
4388,123.82
4389,124.25
4390,107
4391,43.382
4392,35.3
4393,35.021
4394,36.737
4395,37.474
4396,37.021
4397,38.887
4398,34.694
4399,53.78
4400,48.676
4401,39.216
4402,37.588
4403,34.09
4404,33.761
4405,29.05
4406,31.765
4407,36.776
4408,77.133
4409,46.89
4410,154.9
4411,63.718
4412,96.282
4413,93.565
4414,69.978
4415,45.999
4416,75.2
4417,41.19
4418,46.293
4419,44.271
4420,42.419
4421,42.208
4422,41.529
4423,41.659
4424,41.666
4425,64.323
4426,51.431
4427,39.77
4428,33.743
4429,27.935
4430,30.225
4431,38.177
4432,51.465
4433,43.922
4434,45.521
4435,117.44
4436,53.168
4437,48.073
4438,47.498
4439,46.046
4440,38.608
4441,64.104
4442,70.65
4443,70.351
4444,81.465
4445,74.196
4446,74.677
4447,60.556
4448,0
4449,15.371
4450,18.692
4451,18.359
4452,23.996
4453,21.142
4454,18.115
4455,23.431
4456,68.533
4457,43.19
4458,64.268
4459,311.17
4460,40.524
4461,39.318
4462,61.862
4463,39.156
4464,34.459
4465,42.474
4466,59.942
4467,60.618
4468,45.278
4469,47.871
4470,37.58
4471,65.091
4472,41.221
4473,8.7622
4474,22.712
4475,37.534
4476,48.428
4477,37.681
4478,37.257
4479,46.111
4480,75.218
4481,42.881
4482,94.91
4483,47.609
4484,86.37
4485,95.976
4486,101.9
4487,43.293
4488,37.167
4489,82.328
4490,72.554
4491,46.782
4492,70.484
4493,69.468
4494,83.514
4495,42.655
4496,52.213
4497,47.098
4498,37.542
4499,38.172
4500,37.187
4501,35.185
4502,34.777
4503,38.754
4504,40.74
4505,40.023
4506,70.186
4507,77.161
4508,43.237
4509,60.258
4510,47.709
4511,38.877
4512,37.573
4513,76.318
4514,76.152
4515,77.628
4516,72.876
4517,87.604
4518,97.089
4519,119.48
4520,77.893
4521,39.63
4522,25.18
4523,27.924
4524,29.861
4525,25.92
4526,26.066
4527,29.476
4528,40.704
4529,37.311
4530,36.415
4531,33.779
4532,40.783
4533,48.785
4534,38.891
4535,38.905
4536,37.655
4537,49.339
4538,64.582
4539,66.626
4540,64.568
4541,90.056
4542,106.15
4543,67.595
4544,61.17
4545,43.112
4546,28.944
4547,20.028
4548,23.718
4549,30.457
4550,23.46
4551,23.753
4552,29.469
4553,34.65
4554,93.376
4555,117.05
4556,118.58
4557,126.02
4558,88.148
4559,33.308
4560,31.999
4561,49.142
4562,48.691
4563,41.872
4564,60.962
4565,84.464
4566,46.474
4567,57.265
4568,38.835
4569,38.392
4570,16.927
4571,17.311
4572,34.13
4573,23.347
4574,32.823
4575,32.681
4576,56.142
4577,43.438
4578,100.24
4579,94.475
4580,90.943
4581,68.829
4582,59.959
4583,38.457
4584,34.806
4585,45.503
4586,69.987
4587,74.268
4588,67.826
4589,99.01
4590,102.95
4591,36.702
4592,28.179
4593,27.416
4594,26.551
4595,26.698
4596,25.564
4597,29.573
4598,39.051
4599,30.739
4600,56.017
4601,58.371
4602,95.003
4603,109.29
4604,52.975
4605,251.51
4606,103.93
4607,38.223
4608,28.122
4609,36.432
4610,42.454
4611,38.05
4612,38.985
4613,39.394
4614,65.65
4615,71.963
4616,30.517
4617,29.57
4618,29.716
4619,29.342
4620,29.256
4621,23.805
4622,29.139
4623,30.289
4624,66.109
4625,75.153
4626,76.93
4627,92.437
4628,75.129
4629,85.736
4630,273.7
4631,59.759
4632,33.625
4633,42.507
4634,49.318
4635,49.14
4636,49.889
4637,49.239
4638,43.009
4639,52.644
4640,47.867
4641,23.273
4642,27.531
4643,29.11
4644,33.512
4645,65.43
4646,32.673
4647,40.452
4648,102.41
4649,41.914
4650,45.692
4651,58.159
4652,48.123
4653,57.213
4654,57.624
4655,38.164
4656,35.947
4657,37.94
4658,37.544
4659,38.06
4660,45.44
4661,76.142
4662,55.9
4663,38.934
4664,44.088
4665,47.97
4666,40.511
4667,39.681
4668,38.012
4669,36.255
4670,35.287
4671,37.31
4672,42.125
4673,39.946
4674,49.639
4675,95.899
4676,73.584
4677,61.71
4678,49.646
4679,37.977
4680,32.546
4681,40.612
4682,43.944
4683,47.707
4684,46.927
4685,68.352
4686,72.431
4687,48.515
4688,49.204
4689,36.297
4690,31.467
4691,31.382
4692,30.476
4693,26.171
4694,23.321
4695,26.11
4696,29.346
4697,39.022
4698,42.284
4699,95.007
4700,118.99
4701,74.871
4702,99.911
4703,39.354
4704,35.344
4705,49.535
4706,42.225
4707,42.432
4708,47.495
4709,61.411
4710,53.041
4711,69.112
4712,75.274
4713,38.54
4714,33.424
4715,39.424
4716,30.868
4717,30.344
4718,22.149
4719,26.705
4720,25.287
4721,37.446
4722,41.874
4723,69.985
4724,106.5
4725,62.753
4726,42.367
4727,32.221
4728,30.768
4729,34.782
4730,46.705
4731,96.649
4732,45.573
4733,60.573
4734,46.634
4735,43.438
4736,42.415
4737,33.485
4738,55.908
4739,37.404
4740,36.971
4741,33.851
4742,20.224
4743,34.874
4744,39.445
4745,40.924
4746,62.394
4747,119.65
4748,44.652
4749,64.954
4750,109.58
4751,46.17
4752,40.182
4753,37.539
4754,39.776
4755,40.399
4756,46.788
4757,78.579
4758,56.175
4759,37.185
4760,46.423
4761,37.836
4762,37.449
4763,32.607
4764,34.332
4765,29.224
4766,31.678
4767,32.984
4768,34.175
4769,46.059
4770,98.304
4771,168.99
4772,65.321
4773,118.61
4774,84.778
4775,44.81
4776,35.544
4777,37.455
4778,39.475
4779,44.861
4780,40.312
4781,57.969
4782,55.498
4783,72.329
4784,36.641
4785,35.133
4786,31.828
4787,30.862
4788,27.113
4789,26.688
4790,21.765
4791,28.519
4792,58.222
4793,41.332
4794,69.799
4795,101.68
4796,270.38
4797,85.028
4798,55.784
4799,36.107
4800,32.252
4801,32.981
4802,61.554
4803,37.688
4804,67.141
4805,68.257
4806,70.242
4807,33.775
4808,33.028
4809,22.837
4810,28.219
4811,25.082
4812,27.366
4813,16.612
4814,16.463
4815,25.571
4816,34.161
4817,35.271
4818,76.14
4819,61.531
4820,185.02
4821,52.61
4822,101.16
4823,354.24
4824,32.418
4825,38.617
4826,42.677
4827,70.473
4828,52.089
4829,47.125
4830,48.615
4831,49.932
4832,47.599
4833,41.398
4834,38.66
4835,38.458
4836,38.23
4837,40.59
4838,40.065
4839,67.631
4840,57.885
4841,50.48
4842,94.961
4843,69.876
4844,50.379
4845,86.959
4846,53.093
4847,47.909
4848,41.705
4849,72.48
4850,69.667
4851,72.184
4852,40.797
4853,59.832
4854,94.624
4855,71.151
4856,65.566
4857,42.15
4858,36.762
4859,33.554
4860,32.424
4861,32.915
4862,33.352
4863,37.166
4864,76.301
4865,57.362
4866,54.065
4867,83.761
4868,81.006
4869,114.82
4870,45.659
4871,39.646
4872,35.421
4873,42.189
4874,54.851
4875,38.422
4876,56.702
4877,84.913
4878,103.3
4879,62.896
4880,46.135
4881,31.295
4882,26.281
4883,26.987
4884,28.648
4885,28.966
4886,32.094
4887,36.786
4888,74.517
4889,83.938
4890,116.08
4891,120.91
4892,126.96
4893,136.39
4894,74.555
4895,61.275
4896,31.526
4897,4.517
4898,0.077159
4899,0
4900,0.841
4901,0.32271
4902,5.6674
4903,13.628
4904,7.1899
4905,4.074
4906,0.865
4907,0
4908,1.1384
4909,0
4910,0
4911,24.986
4912,10.862
4913,28.961
4914,68.857
4915,56.279
4916,2000
4917,88.988
4918,49.53
4919,48.446
4920,3.8283
4921,51.305
4922,39.975
4923,39.519
4924,56.488
4925,41.254
4926,46.575
4927,49.863
4928,49.206
4929,37.434
4930,35.668
4931,36.592
4932,35.761
4933,35.345
4934,32.102
4935,34.356
4936,74.725
4937,56.074
4938,94.468
4939,105.54
4940,57.836
4941,127.41
4942,116.14
4943,62.617
4944,63.362
4945,17.219
4946,14.533
4947,5.6691
4948,7.8934
4949,7.5469
4950,2.8505
4951,2.2583
4952,1.2445
4953,0
4954,0
4955,0
4956,0.45112
4957,1.7098
4958,6.1003
4959,12.438
4960,43.497
4961,53.477
4962,74.137
4963,60.806
4964,52.854
4965,1997.5
4966,71.866
4967,41.188
4968,17.753
4969,54.651
4970,91.698
4971,46.967
4972,32.677
4973,31.856
4974,27.873
4975,27.319
4976,29.554
4977,29.165
4978,29.726
4979,29.082
4980,27.906
4981,28.982
4982,41.741
4983,30.868
4984,94.611
4985,52.924
4986,88.083
4987,88.598
4988,228.69
4989,226.01
4990,116.13
4991,47.06
4992,47.129
4993,47.25
4994,43.177
4995,38.657
4996,39.569
4997,42.026
4998,41.643
4999,56.304
5000,44.536
5001,38.321
5002,36.675
5003,36.536
5004,39.614
5005,40.203
5006,39.733
5007,49.501
5008,76.456
5009,83.916
5010,92.162
5011,103.13
5012,62.413
5013,106.53
5014,83.36
5015,68.488
5016,48.873
5017,29.441
5018,25.675
5019,28.585
5020,59.335
5021,65.019
5022,75.504
5023,75.545
5024,67.758
5025,37.36
5026,31.241
5027,64.31
5028,38.032
5029,27.618
5030,27.946
5031,58.289
5032,94.317
5033,80.409
5034,215.94
5035,109.72
5036,122.74
5037,136.55
5038,81.792
5039,58.178
5040,32.032
5041,41.941
5042,39.069
5043,38.663
5044,39.354
5045,38.341
5046,41.062
5047,79.076
5048,56.886
5049,38.491
5050,34.255
5051,34.428
5052,34.848
5053,34.974
5054,35.235
5055,38.795
5056,51.166
5057,91.153
5058,74.244
5059,91.174
5060,87.188
5061,72.625
5062,80.479
5063,63.786
5064,37.882
5065,38.395
5066,38.611
5067,38.018
5068,39.23
5069,44.613
5070,51.842
5071,68.337
5072,55.695
5073,44.44
5074,40.049
5075,39.757
5076,38.046
5077,35.063
5078,33.09
5079,35.82
5080,38.413
5081,39.907
5082,41.482
5083,64.18
5084,92.704
5085,175.51
5086,51.957
5087,48.077
5088,39.81
5089,41.828
5090,42.47
5091,44.116
5092,41.119
5093,39.883
5094,43.261
5095,40.714
5096,42.166
5097,39.988
5098,39.576
5099,38.129
5100,34.983
5101,28.142
5102,26.522
5103,31.58
5104,56.712
5105,44.149
5106,56.437
5107,91.597
5108,79.005
5109,72.341
5110,92.437
5111,42.956
5112,37.815
5113,81.039
5114,53.672
5115,74.974
5116,74.278
5117,83.798
5118,74.135
5119,69.204
5120,42.43
5121,34.818
5122,33.615
5123,33.573
5124,32.251
5125,30.248
5126,28.979
5127,31.967
5128,33.688
5129,33.64
5130,42.899
5131,80.742
5132,85.937
5133,131.2
5134,73.045
5135,39.793
5136,35.312
5137,43.315
5138,46.187
5139,44.724
5140,45.314
5141,53.103
5142,47.357
5143,45.249
5144,40.457
5145,38.474
5146,31.846
5147,30.701
5148,29.454
5149,27.897
5150,23.082
5151,29.764
5152,31.226
5153,40.576
5154,41.137
5155,43.846
5156,46.49
5157,103.76
5158,57.31
5159,44
5160,40.861
5161,63.735
5162,41.713
5163,36.217
5164,37.369
5165,37.884
5166,50.136
5167,81.512
5168,41.236
5169,63.92
5170,39.479
5171,37.492
5172,35.798
5173,26.084
5174,26.543
5175,30.09
5176,38.115
5177,39.305
5178,52.202
5179,92.056
5180,103.42
5181,84.245
5182,83.02
5183,38.591
5184,35.17
5185,39.721
5186,38.103
5187,38.471
5188,35.927
5189,39.654
5190,46.088
5191,73.107
5192,86.212
5193,41.097
5194,36.941
5195,36.207
5196,32.781
5197,28.048
5198,25.595
5199,27.969
5200,38.442
5201,48.234
5202,66.085
5203,45.039
5204,76.075
5205,89.23
5206,112.04
5207,40.944
5208,35.018
5209,27.476
5210,26.652
5211,26.167
5212,31.413
5213,54.46
5214,66.336
5215,65.796
5216,68.152
5217,51
5218,102.94
5219,29.701
5220,37.839
5221,31.176
5222,31.35
5223,50.525
5224,43.832
5225,61.115
5226,83.132
5227,224.25
5228,93.517
5229,119.06
5230,63.563
5231,52.615
5232,32.475
5233,37.641
5234,36.198
5235,39.262
5236,38.842
5237,107.53
5238,102.36
5239,48.9
5240,45.797
5241,36.778
5242,34.322
5243,33.28
5244,35.378
5245,36.664
5246,37.029
5247,37.366
5248,46.506
5249,57.357
5250,96.144
5251,71.322
5252,104.24
5253,86.341
5254,77.528
5255,44.868
5256,47.273
5257,33.802
5258,32.451
5259,31.41
5260,30.646
5261,70.629
5262,75.866
5263,70.936
5264,63.363
5265,36.244
5266,30.36
5267,31.307
5268,18.118
5269,27.373
5270,29.389
5271,41.849
5272,71.288
5273,43.876
5274,82.071
5275,102.79
5276,127.5
5277,144.74
5278,69.436
5279,66.497
5280,32.43
5281,66.023
5282,39.663
5283,40.896
5284,47.775
5285,37.682
5286,36.807
5287,35.954
5288,19.718
5289,36.907
5290,34.403
5291,33.931
5292,35.07
5293,39.098
5294,39.199
5295,40.427
5296,40.406
5297,48.967
5298,46.362
5299,44.123
5300,46.232
5301,111.35
5302,120.3
5303,77.445
5304,40.793
5305,74.741
5306,72.84
5307,83.685
5308,70.94
5309,68.061
5310,45.85
5311,34.718
5312,28.375
5313,33.759
5314,32.17
5315,16.136
5316,22.388
5317,25.464
5318,28.395
5319,36.156
5320,44.918
5321,37.586
5322,83.713
5323,88.905
5324,102.39
5325,99.02
5326,125.22
5327,40.974
5328,34.057
5329,50.415
5330,38.182
5331,35.393
5332,37.135
5333,35.904
5334,42.818
5335,50.606
5336,40.296
5337,38.015
5338,36.886
5339,33.44
5340,32.207
5341,34.08
5342,33.592
5343,40.918
5344,71.602
5345,48.571
5346,81.549
5347,94.783
5348,93.77
5349,186.15
5350,68.181
5351,53.509
5352,37.081
5353,34.225
5354,34.541
5355,34.258
5356,35.661
5357,56.486
5358,39.841
5359,47.339
5360,46.715
5361,38.343
5362,33.679
5363,34.91
5364,33.004
5365,34.605
5366,33.342
5367,72.202
5368,48.579
5369,66.171
5370,104.26
5371,193.32
5372,68.587
5373,106.86
5374,67.627
5375,41.395
5376,32.145
5377,29.823
5378,29.72
5379,41.892
5380,29.722
5381,29.382
5382,30.814
5383,51.744
5384,71.371
5385,40.673
5386,46.841
5387,41.108
5388,31.63
5389,30.937
5390,50.921
5391,47.196
5392,86.241
5393,77.319
5394,118.63
5395,107.46
5396,96.408
5397,160.44
5398,71.211
5399,65.682
5400,35.642
5401,42.05
5402,45.662
5403,45.224
5404,47.709
5405,40.371
5406,62.515
5407,45.851
5408,80.973
5409,38.039
5410,33.097
5411,31.835
5412,32.139
5413,31.236
5414,73.526
5415,55.706
5416,75.816
5417,82.538
5418,151.1
5419,85.19
5420,77.977
5421,74.875
5422,65.108
5423,48.331
5424,37.207
5425,37.519
5426,36.981
5427,45.978
5428,43.537
5429,41.842
5430,40.528
5431,36.719
5432,36.749
5433,34.286
5434,33.247
5435,36.901
5436,35.663
5437,36.987
5438,43.096
5439,33.799
5440,35.622
5441,45.352
5442,88.118
5443,234.15
5444,55.194
5445,108.56
5446,71.986
5447,33.98
5448,32.763
5449,30.961
5450,52.403
5451,59.413
5452,79.48
5453,126.47
5454,191.83
5455,45.129
5456,41.742
5457,48.24
5458,43.047
5459,36.382
5460,26.546
5461,25.113
5462,25.99
5463,31.572
5464,56.665
5465,34.527
5466,37.841
5467,99.155
5468,41.238
5469,74.099
5470,61.767
5471,36.338
5472,31.954
5473,40.202
5474,41.084
5475,39.602
5476,40.297
5477,39.47
5478,42.968
5479,35.45
5480,27.441
5481,37.389
5482,36.402
5483,31.031
5484,30.808
5485,13.011
5486,31.4
5487,35.338
5488,46.083
5489,42.056
5490,47.538
5491,73.824
5492,49.456
5493,114.49
5494,111.8
5495,47.712
5496,40.479
5497,35.711
5498,33.326
5499,33.515
5500,36.637
5501,41.131
5502,73.898
5503,57.268
5504,36.697
5505,34.712
5506,35.364
5507,71.891
5508,33.734
5509,35.105
5510,37.212
5511,39.918
5512,53.416
5513,82.771
5514,57.32
5515,94.632
5516,92.241
5517,134.8
5518,90.897
5519,43.008
5520,37.657
5521,39.644
5522,36.579
5523,36.814
5524,37.172
5525,47.242
5526,49.609
5527,38.761
5528,42.403
5529,40.087
5530,38.161
5531,40.852
5532,37.82
5533,37.384
5534,36.963
5535,38.245
5536,38.39
5537,40.258
5538,50.958
5539,45.166
5540,87.673
5541,120.19
5542,97.669
5543,49.973
5544,35.55
5545,31.269
5546,31.522
5547,31.348
5548,35.502
5549,42.351
5550,82.083
5551,73.067
5552,42.994
5553,43.676
5554,71.424
5555,35.247
5556,33.416
5557,34.255
5558,32.736
5559,33.986
5560,35.04
5561,42.987
5562,104.27
5563,85.725
5564,92.604
5565,71.608
5566,129.26
5567,51.984
5568,38.189
5569,36.132
5570,38.101
5571,36.314
5572,38.856
5573,61.102
5574,77.792
5575,63.152
5576,46.587
5577,36.221
5578,34.881
5579,30.537
5580,34.392
5581,33.442
5582,33.219
5583,32.129
5584,70.92
5585,36.681
5586,98.689
5587,134.46
5588,97.423
5589,78.43
5590,103.67
5591,59.849
5592,41.275
5593,35.096
5594,35.941
5595,36.543
5596,40.224
5597,53.344
5598,49.318
5599,45.45
5600,41.283
5601,55.733
5602,46.458
5603,33.15
5604,33.52
5605,31.197
5606,29.502
5607,29.675
5608,72.486
5609,76.487
5610,98.887
5611,93.445
5612,95.36
5613,201.64
5614,68.435
5615,61.761
5616,39.422
5617,42.501
5618,42.657
5619,46.716
5620,44.079
5621,45.624
5622,62.617
5623,77.477
5624,39.389
5625,38.924
5626,37.934
5627,32.548
5628,34.474
5629,30.559
5630,33.202
5631,32.435
5632,34.042
5633,38.458
5634,92.137
5635,68.786
5636,102.77
5637,132.76
5638,61.866
5639,46.686
5640,39.607
5641,45.472
5642,45
5643,38.299
5644,38.236
5645,40.475
5646,38.591
5647,35.295
5648,23.412
5649,36.023
5650,35.879
5651,29.012
5652,34.615
5653,31.448
5654,30.369
5655,35.44
5656,35.755
5657,38.684
5658,119.31
5659,50.255
5660,102.41
5661,117.51
5662,127.18
5663,43.349
5664,39.5
5665,41.326
5666,51.477
5667,40.924
5668,50.967
5669,48.857
5670,55.558
5671,52.737
5672,41.83
5673,38.996
5674,37.767
5675,35.427
5676,34.851
5677,36.483
5678,39.216
5679,39.658
5680,47.05
5681,71.245
5682,106.18
5683,85.654
5684,103.13
5685,127.17
5686,65.113
5687,38.329
5688,33.537
5689,34.001
5690,43.148
5691,55.666
5692,50.296
5693,40.559
5694,69.178
5695,39.75
5696,38.772
5697,35.273
5698,37.044
5699,35.416
5700,35.998
5701,34.745
5702,35.007
5703,50.391
5704,88.368
5705,111.45
5706,123.72
5707,110.79
5708,106.78
5709,74.838
5710,66.376
5711,42.802
5712,35.426
5713,43.996
5714,40.136
5715,37.473
5716,36.513
5717,37.686
5718,50.123
5719,36.343
5720,43.789
5721,34.95
5722,33.646
5723,35.961
5724,34.266
5725,70.809
5726,42.258
5727,66.036
5728,82.701
5729,85.009
5730,142.88
5731,135.58
5732,65.205
5733,90.953
5734,56.583
5735,34.672
5736,33.455
5737,34.409
5738,43.798
5739,37.938
5740,43.502
5741,36.105
5742,76.966
5743,71.673
5744,70.292
5745,40.116
5746,33.427
5747,33.045
5748,34.074
5749,33.641
5750,35.822
5751,33.356
5752,45.816
5753,82.326
5754,107.97
5755,194.64
5756,48.277
5757,72.132
5758,77.237
5759,37.81
5760,32.11
5761,33.639
5762,34.879
5763,34.729
5764,34.793
5765,65.258
5766,74.158
5767,47.061
5768,56.101
5769,54.234
5770,36.665
5771,31.871
5772,34.398
5773,34.459
5774,32.812
5775,34.445
5776,38.348
5777,45.441
5778,88.985
5779,92.877
5780,99.31
5781,116.79
5782,123.9
5783,51.797
5784,36.77
5785,42.398
5786,42.068
5787,39.706
5788,39.033
5789,41.488
5790,53.51
5791,39.132
5792,23.366
5793,38.633
5794,33.174
5795,35.089
5796,36.115
5797,34.518
5798,33.042
5799,34.896
5800,39.669
5801,42.401
5802,52.944
5803,65.172
5804,137.86
5805,85.558
5806,47.301
5807,41.046
5808,39.751
5809,60.213
5810,43.216
5811,34.21
5812,37.953
5813,47.939
5814,73.254
5815,33.413
5816,35.862
5817,33.698
5818,27.093
5819,25.911
5820,32.52
5821,32.638
5822,33.797
5823,35.244
5824,40.511
5825,63.863
5826,94.689
5827,90.538
5828,108.26
5829,153.61
5830,52.539
5831,57.19
5832,44.944
5833,39.92
5834,36.4
5835,37.047
5836,36.738
5837,148.22
5838,38.064
5839,41.765
5840,33.635
5841,34.755
5842,34.046
5843,32.159
5844,33.305
5845,32.904
5846,34.126
5847,41.177
5848,83.376
5849,106.57
5850,100.45
5851,67.263
5852,57.866
5853,98.117
5854,59.709
5855,42.14
5856,34.58
5857,36.144
5858,33.586
5859,32.971
5860,33.146
5861,36
5862,45.498
5863,41.925
5864,42.701
5865,35.336
5866,40.486
5867,32.599
5868,29.988
5869,33.396
5870,38.434
5871,35.349
5872,39.197
5873,35.815
5874,46.324
5875,50.14
5876,67.909
5877,98.949
5878,129.99
5879,70.121
5880,46.763
5881,33.976
5882,36.351
5883,28.324
5884,31.345
5885,31.939
5886,101.1
5887,72.437
5888,45.801
5889,36.88
5890,29.589
5891,20.934
5892,21.444
5893,20.256
5894,21.967
5895,29.131
5896,36.593
5897,36.633
5898,90.046
5899,109.69
5900,107.22
5901,121.16
5902,51.986
5903,51.743
5904,53.992
5905,34.284
5906,34.292
5907,31.126
5908,40.004
5909,31.732
5910,66.506
5911,41.69
5912,38.304
5913,32.811
5914,29.191
5915,22.777
5916,26.565
5917,25.71
5918,26.995
5919,30.478
5920,64.058
5921,69.342
5922,88.597
5923,76.459
5924,145.75
5925,127.75
5926,92.408
5927,59.315
5928,41.86
5929,44.17
5930,59.244
5931,38.114
5932,33.718
5933,38.585
5934,87.091
5935,49.904
5936,41.646
5937,35.415
5938,34.9
5939,30.461
5940,28.041
5941,29.093
5942,33.46
5943,40.96
5944,43.271
5945,83.872
5946,90.129
5947,67.065
5948,41.287
5949,65.057
5950,127.83
5951,37.479
5952,39.85
5953,40.897
5954,31.874
5955,33.464
5956,33.039
5957,43.253
5958,31.98
5959,35.99
5960,21.825
5961,31.181
5962,30.726
5963,30.796
5964,28.196
5965,21.678
5966,33.023
5967,31.389
5968,34.81
5969,68.54
5970,99.272
5971,58.302
5972,85.612
5973,128.99
5974,123.23
5975,117.68
5976,39.586
5977,31.9
5978,33.241
5979,35.688
5980,35.015
5981,34.139
5982,33.314
5983,30.251
5984,30.839
5985,33.262
5986,29.688
5987,31.261
5988,31.409
5989,27.256
5990,28.848
5991,28.837
5992,72.188
5993,73.78
5994,93.091
5995,91.166
5996,91.922
5997,121.4
5998,91.598
5999,77.57
6000,35.938
6001,36.822
6002,37.872
6003,40.416
6004,39.36
6005,40.306
6006,38.617
6007,36.103
6008,36.792
6009,46.114
6010,37.135
6011,37.314
6012,32.75
6013,32.817
6014,32.335
6015,31.268
6016,38.284
6017,60.384
6018,70.895
6019,80.664
6020,95.629
6021,73.636
6022,61.313
6023,44.893
6024,37.526
6025,110.45
6026,69.502
6027,62.64
6028,25.236
6029,24.315
6030,112.7
6031,80.892
6032,53.221
6033,28.309
6034,14.527
6035,0
6036,14.821
6037,24.079
6038,27.666
6039,48.811
6040,57.174
6041,79.432
6042,129.47
6043,76.418
6044,161.81
6045,94.924
6046,54.197
6047,42.302
6048,45.171
6049,31.508
6050,32.35
6051,43.549
6052,44.128
6053,52.207
6054,84.922
6055,61.334
6056,64.977
6057,26.94
6058,27.225
6059,24.191
6060,23.908
6061,26.02
6062,33.493
6063,65.742
6064,67.412
6065,67.375
6066,111.98
6067,123.43
6068,93.366
6069,93.342
6070,106.02
6071,40.298
6072,30.538
6073,32.054
6074,32.266
6075,28.761
6076,28.706
6077,33.849
6078,61.164
6079,43.795
6080,344.01
6081,36.674
6082,31.625
6083,32.615
6084,31.513
6085,30.221
6086,33.37
6087,62.823
6088,33.607
6089,42.391
6090,50.371
6091,58.86
6092,73.888
6093,59.033
6094,38.609
6095,34.619
6096,28.852
6097,38.193
6098,41
6099,42.912
6100,34.327
6101,55.249
6102,56.145
6103,74.453
6104,70.337
6105,34.317
6106,32.408
6107,23.886
6108,25.572
6109,3.0285
6110,24.416
6111,29.885
6112,30.39
6113,69.806
6114,37.915
6115,48.422
6116,133.79
6117,119.61
6118,50.418
6119,60.525
6120,35.295
6121,31.698
6122,34.524
6123,32.927
6124,33.624
6125,45.479
6126,49.913
6127,95.011
6128,70.073
6129,48.696
6130,34.747
6131,11.769
6132,24.941
6133,21.39
6134,24.728
6135,25.213
6136,35.596
6137,84.143
6138,40.612
6139,40.661
6140,83.875
6141,110.78
6142,96.612
6143,31.247
6144,29.901
6145,37.883
6146,46.486
6147,36.896
6148,53.565
6149,70.615
6150,74.505
6151,39.256
6152,27.948
6153,31.182
6154,6.1398
6155,6.2513
6156,6.6781
6157,0.30958
6158,3.094
6159,18.664
6160,56.575
6161,40.658
6162,87.916
6163,86.482
6164,98.915
6165,125.33
6166,55.949
6167,36.819
6168,34.892
6169,33.352
6170,35.657
6171,33.54
6172,30.881
6173,36.045
6174,60.748
6175,76.579
6176,33.142
6177,32.189
6178,29.807
6179,26.658
6180,31.12
6181,30.722
6182,31.319
6183,32.979
6184,37.693
6185,71.206
6186,86.478
6187,83.957
6188,88.627
6189,98.927
6190,142.3
6191,58.556
6192,33.984
6193,27.224
6194,28.473
6195,27.463
6196,24.995
6197,35.887
6198,60.265
6199,39.582
6200,312.92
6201,29.509
6202,25.346
6203,25.849
6204,23.032
6205,22.653
6206,22.284
6207,24.328
6208,42.815
6209,67.931
6210,83.908
6211,94.2
6212,175.71
6213,107.72
6214,51.83
6215,60.112
6216,26.334
6217,40.541
6218,40.968
6219,39.658
6220,39.334
6221,42.11
6222,48.189
6223,43.19
6224,40.497
6225,53.695
6226,39.126
6227,35.914
6228,35.061
6229,28.647
6230,34.416
6231,34.767
6232,37.246
6233,40.603
6234,45.283
6235,38.698
6236,46.176
6237,102.5
6238,46.137
6239,36.315
6240,35.993
6241,34.891
6242,36.217
6243,33.669
6244,33.663
6245,34.662
6246,89.364
6247,49.961
6248,35.394
6249,34.107
6250,38.107
6251,38.733
6252,48.5
6253,23.957
6254,18.252
6255,17.83
6256,25.501
6257,43.207
6258,98.205
6259,50.34
6260,88.508
6261,91.118
6262,53.058
6263,34.341
6264,11.951
6265,25.321
6266,50.801
6267,37.544
6268,34.661
6269,38.707
6270,83.433
6271,71.151
6272,25.853
6273,18.002
6274,14.936
6275,10.797
6276,4.7958
6277,5.4407
6278,0
6279,3.3332
6280,19.669
6281,23.352
6282,57.383
6283,80.029
6284,84.743
6285,57.401
6286,81.259
6287,41.403
6288,38.345
6289,64.302
6290,33.417
6291,38.166
6292,42.476
6293,41.426
6294,70.779
6295,24.194
6296,8.4418
6297,0
6298,0
6299,0
6300,0
6301,0
6302,0
6303,0
6304,11.078
6305,46.646
6306,50.264
6307,47.557
6308,87.39
6309,101.58
6310,46.358
6311,44.717
6312,47.418
6313,58.249
6314,34.094
6315,38.765
6316,56.507
6317,78.667
6318,78.724
6319,54.547
6320,0.87467
6321,0
6322,0
6323,0
6324,0
6325,0
6326,0
6327,0
6328,34.486
6329,80.417
6330,130.89
6331,57.749
6332,98.762
6333,71.4
6334,49.543
6335,44.092
6336,43.195
6337,36.824
6338,33.129
6339,35.601
6340,30.326
6341,39.307
6342,42.557
6343,59.765
6344,36.383
6345,16.856
6346,22.593
6347,21.804
6348,33.6
6349,28.815
6350,32.252
6351,30.952
6352,32.83
6353,69.505
6354,127.45
6355,137.01
6356,75.294
6357,69.835
6358,72.6
6359,40.384
6360,33.486
6361,39.995
6362,38.623
6363,39.014
6364,42.268
6365,41.926
6366,47.49
6367,55.129
6368,44.029
6369,38.245
6370,35.696
6371,34.645
6372,35.04
6373,26.69
6374,26.485
6375,24.221
6376,35.18
6377,36.821
6378,40.869
6379,42.548
6380,70.407
6381,87.255
6382,46.211
6383,36.384
6384,35.18
6385,37.908
6386,35.05
6387,37.919
6388,36.491
6389,37.885
6390,42.423
6391,39.012
6392,22.681
6393,10.198
6394,0
6395,3.737
6396,20.304
6397,17.988
6398,17.237
6399,16.817
6400,25.777
6401,87.81
6402,106.34
6403,52.396
6404,78.171
6405,90.938
6406,74.262
6407,34.82
6408,28.92
6409,42.245
6410,50.08
6411,48.637
6412,49.913
6413,44.043
6414,46.476
6415,42.724
6416,30.177
6417,15.74
6418,17.482
6419,10.091
6420,5.8004
6421,6.244
6422,0
6423,8.9588
6424,19.025
6425,47.549
6426,74.918
6427,139.59
6428,72.87
6429,47.8
6430,48.185
6431,36.469
6432,42.565
6433,25.465
6434,27.395
6435,30.155
6436,32.723
6437,62.488
6438,64.427
6439,73.394
6440,52.407
6441,27.715
6442,32.898
6443,39.058
6444,48.563
6445,296.81
6446,3.8903
6447,21.641
6448,18.71
6449,26.511
6450,74.793
6451,81.026
6452,136.31
6453,95.146
6454,105.91
6455,23.179
6456,20.666
6457,39.382
6458,37.661
6459,38.961
6460,41.419
6461,38.408
6462,43.218
6463,48.361
6464,19.948
6465,0
6466,0
6467,0.31128
6468,33.596
6469,0
6470,0
6471,3.0388
6472,15.422
6473,63.787
6474,84.446
6475,87.968
6476,82.864
6477,132.4
6478,56.702
6479,52.611
6480,42.641
6481,53.026
6482,39.282
6483,38.18
6484,39.238
6485,41.491
6486,41.665
6487,27.851
6488,14.883
6489,4.8665
6490,0
6491,0
6492,0
6493,1.9817
6494,4.5785
6495,5.355
6496,34.755
6497,42.086
6498,104.78
6499,97.501
6500,105.93
6501,126.87
6502,50.764
6503,43.176
6504,41.453
6505,43.444
6506,41.944
6507,54.758
6508,50.109
6509,83.322
6510,108.93
6511,90.49
6512,35.655
6513,31.905
6514,29.144
6515,30.518
6516,23.345
6517,27.073
6518,23.934
6519,27.063
6520,33.722
6521,36.218
6522,45.09
6523,71.646
6524,76.528
6525,175.72
6526,51.73
6527,34.178
6528,27.272
6529,34.811
6530,35.484
6531,31.876
6532,31.724
6533,31.661
6534,39.971
6535,41.683
6536,28.548
6537,33.789
6538,34.582
6539,20.673
6540,11.533
6541,5.3219
6542,26.753
6543,23.014
6544,48.636
6545,77.563
6546,94.883
6547,129.92
6548,96.214
6549,130.36
6550,73.991
6551,52.362
6552,35.762
6553,29.345
6554,29.004
6555,27.89
6556,27.801
6557,38.032
6558,57.097
6559,65.567
6560,53.571
6561,21.16
6562,9.5961
6563,13.446
6564,12.985
6565,10.987
6566,13.507
6567,55.773
6568,76.385
6569,103.71
6570,126.41
6571,146.92
6572,146.87
6573,61.268
6574,61.91
6575,42.688
6576,29.487
6577,37.055
6578,35.583
6579,33.697
6580,35.664
6581,34.288
6582,51.526
6583,57.255
6584,30.952
6585,30.257
6586,31.539
6587,24.713
6588,57.51
6589,61.189
6590,61.279
6591,38.028
6592,38.507
6593,93.228
6594,49.231
6595,51.078
6596,72.633
6597,109.89
6598,64.556
6599,61.929
6600,40.802
6601,30.456
6602,28.879
6603,27.809
6604,27.709
6605,27.823
6606,76.863
6607,256.57
6608,23.254
6609,21.745
6610,22.779
6611,21.671
6612,37.404
6613,59.132
6614,28.472
6615,64.106
6616,60.535
6617,84.384
6618,61.7
6619,62.267
6620,124.79
6621,89.899
6622,47.012
6623,81.31
6624,39.94
6625,48.478
6626,41.183
6627,42.726
6628,42.78
6629,39.828
6630,38.436
6631,37.944
6632,33.583
6633,33.192
6634,30.511
6635,24.591
6636,28.018
6637,45.546
6638,46.764
6639,51.792
6640,84.608
6641,87.984
6642,75.333
6643,50.58
6644,70.525
6645,43.103
6646,105.11
6647,39.096
6648,33.589
6649,44.428
6650,42.004
6651,41.3
6652,51.078
6653,44.075
6654,44.153
6655,45.486
6656,44.473
6657,49.66
6658,39.991
6659,39.902
6660,43.558
6661,34.322
6662,33.257
6663,40.321
6664,38.443
6665,41.849
6666,39.812
6667,54.393
6668,52.953
6669,50.254
6670,42.079
6671,41.468
6672,40.479
6673,30.154
6674,27.521
6675,31.678
6676,34.043
6677,35.493
6678,118.29
6679,50.452
6680,64.188
6681,35.804
6682,21.919
6683,22.716
6684,21.23
6685,15.547
6686,25.564
6687,52.264
6688,31.84
6689,86.014
6690,91.372
6691,95.807
6692,98.603
6693,132.59
6694,40.353
6695,46.63
6696,38.791
6697,27.91
6698,28.95
6699,31.691
6700,31.562
6701,40.797
6702,274.46
6703,69.516
6704,46.834
6705,51.249
6706,26.342
6707,14.186
6708,9.027
6709,8.0196
6710,18.203
6711,17.472
6712,23.005
6713,78.362
6714,74.926
6715,80.586
6716,252.63
6717,135.08
6718,29.869
6719,73.602
6720,31.421
6721,83.005
6722,76.318
6723,80.713
6724,79.064
6725,79.648
6726,115.41
6727,50.605
6728,40.443
6729,36.538
6730,36.399
6731,30.42
6732,26.41
6733,26.882
6734,27.576
6735,28.872
6736,33.803
6737,36.492
6738,34.756
6739,60.334
6740,98.223
6741,53.744
6742,34.133
6743,42.806
6744,32.327
6745,31.588
6746,37.269
6747,40.94
6748,60.734
6749,57.159
6750,113.38
6751,72.553
6752,37.063
6753,41.458
6754,34.203
6755,34.229
6756,28.258
6757,27.332
6758,28.585
6759,29.886
6760,78.233
6761,126.22
6762,120.92
6763,39.384
6764,52.182
6765,117.59
6766,63.04
6767,45.972
6768,29.034
6769,39.668
6770,37.965
6771,38.561
6772,41.199
6773,42.016
6774,49.157
6775,53.977
6776,23.361
6777,29.523
6778,23.357
6779,57.714
6780,61.417
6781,44.381
6782,40.816
6783,40.619
6784,39.903
6785,84.406
6786,36.973
6787,48.361
6788,42.563
6789,39.897
6790,89.68
6791,37.449
6792,33.199
6793,43.38
6794,39.254
6795,31.684
6796,38.45
6797,41.739
6798,46.257
6799,29.813
6800,18.846
6801,0
6802,0
6803,0
6804,0
6805,0
6806,0
6807,3.6033
6808,37.475
6809,59.543
6810,48.044
6811,80.569
6812,76.84
6813,110.32
6814,61.45
6815,73.158
6816,70.407
6817,67.928
6818,59.409
6819,83.23
6820,111.55
6821,81.997
6822,95.175
6823,47.463
6824,27.952
6825,11.321
6826,4.8519
6827,0
6828,0
6829,0
6830,19.842
6831,32.53
6832,64.797
6833,71.39
6834,69.339
6835,80.632
6836,93.518
6837,138.5
6838,82.892
6839,50.855
6840,40.517
6841,40.4
6842,35.937
6843,39.452
6844,41.734
6845,45.775
6846,46.126
6847,65.956
6848,41.853
6849,33.357
6850,28.803
6851,14.96
6852,8.3379
6853,14.122
6854,15.55
6855,20.93
6856,33.599
6857,96.315
6858,96.882
6859,81.295
6860,92.796
6861,107.03
6862,52.755
6863,46.964
6864,40.115
6865,44.444
6866,50.394
6867,71.979
6868,53.196
6869,43.112
6870,53.715
6871,70.194
6872,40.137
6873,39.339
6874,34.615
6875,27.752
6876,22.357
6877,4.6014
6878,6.452
6879,11.785
6880,31.53
6881,47.345
6882,46.336
6883,50.121
6884,52.873
6885,83.628
6886,56.127
6887,41.066
6888,39.224
6889,44.764
6890,42.604
6891,61.67
6892,63.148
6893,75.958
6894,72.246
6895,78.655
6896,41.196
6897,11.893
6898,4.7885
6899,0
6900,0
6901,0
6902,0
6903,27.57
6904,46.029
6905,91.068
6906,78.735
6907,49.179
6908,81.646
6909,94.46
6910,93.872
6911,44.505
6912,37.315
6913,38.532
6914,36.235
6915,39.187
6916,36.579
6917,35.791
6918,62.48
6919,40.288
6920,32.38
6921,54.609
6922,15.681
6923,12.142
6924,9.2475
6925,16.479
6926,14.79
6927,17.43
6928,50.741
6929,80.967
6930,90.369
6931,85.176
6932,126.34
6933,104.21
6934,122.82
6935,42.616
6936,35.154
6937,33.389
6938,34.589
6939,34.344
6940,38.89
6941,40.899
6942,75.794
6943,42.347
6944,35.189
6945,35.436
6946,33.829
6947,35.347
6948,34.762
6949,35.37
6950,37.499
6951,33.489
6952,39.82
6953,71.22
6954,54.712
6955,115.72
6956,84.827
6957,69.361
6958,107.03
6959,73.719
6960,44.778
6961,43.22
6962,40.654
6963,40.799
6964,41.888
6965,39.912
6966,40.37
6967,38.484
6968,36.636
6969,36.111
6970,36.717
6971,39.967
6972,39.639
6973,38.706
6974,39.452
6975,43.075
6976,40.298
6977,115.43
6978,40.545
6979,45.977
6980,68.576
6981,66.81
6982,65.691
6983,37.951
6984,38.026
6985,45.236
6986,53.011
6987,36.579
6988,37.056
6989,36.799
6990,47.849
6991,44.294
6992,33.527
6993,26.356
6994,281.77
6995,29.377
6996,26.477
6997,31.035
6998,35.861
6999,35.194
7000,35.192
7001,37.521
7002,35.367
7003,35.617
7004,38.444
7005,94.31
7006,41.097
7007,41.374
7008,32.373
7009,32.668
7010,38.542
7011,38.967
7012,34.716
7013,42.478
7014,67.79
7015,84.361
7016,26.578
7017,12.78
7018,5.2953
7019,25.551
7020,39.435
7021,27.24
7022,45.844
7023,307.03
7024,37.739
7025,54.851
7026,39.384
7027,34.411
7028,35.948
7029,39.781
7030,38.629
7031,32.336
7032,35.51
7033,55.898
7034,37.983
7035,32.963
7036,22.445
7037,33.283
7038,55.65
7039,27.505
7040,8.2869
7041,1.2472
7042,2.9553
7043,8.9152
7044,25.935
7045,32.199
7046,37.265
7047,37.706
7048,88.681
7049,98.2
7050,76.117
7051,81.071
7052,74.67
7053,87.578
7054,94.505
7055,40.15
7056,37.463
7057,33.832
7058,34.741
7059,33.313
7060,33.782
7061,30.593
7062,44.19
7063,69.423
7064,36.122
7065,28.276
7066,22.736
7067,34.282
7068,33.178
7069,34.904
7070,35.883
7071,34.155
7072,74.307
7073,46.588
7074,74.848
7075,107.62
7076,89.055
7077,114.06
7078,119.23
7079,38.581
7080,33.713
7081,41.764
7082,42.985
7083,41.92
7084,40.699
7085,40.262
7086,46.029
7087,43.849
7088,39.937
7089,11.873
7090,20.056
7091,20.994
7092,11.173
7093,11.295
7094,27.885
7095,27.428
7096,44.136
7097,63.019
7098,50.189
7099,50.761
7100,76.565
7101,80.611
7102,82.369
7103,44.622
7104,39.17
7105,38.435
7106,38.416
7107,36.232
7108,36.502
7109,38.9
7110,61.174
7111,57.767
7112,25.257
7113,12.473
7114,7.7354
7115,8.234
7116,7.1375
7117,8.3136
7118,23.783
7119,6.8856
7120,41.482
7121,81.03
7122,129.72
7123,117.25
7124,81.268
7125,53.435
7126,101.36
7127,42.862
7128,40.256
7129,55.746
7130,48.431
7131,49.334
7132,49.786
7133,48.683
7134,44.018
7135,71.787
7136,37.393
7137,0
7138,0
7139,0
7140,0
7141,0
7142,0
7143,0
7144,19.724
7145,51.384
7146,80.628
7147,123.48
7148,94.515
7149,152.22
7150,126.36
7151,65.812
7152,45.372
7153,41.402
7154,38.825
7155,45.839
7156,45.582
7157,39.854
7158,47.744
7159,387.83
7160,0
7161,0
7162,0
7163,0
7164,0
7165,0
7166,0
7167,0
7168,35.887
7169,47.338
7170,103.98
7171,83.254
7172,78.329
7173,45.682
7174,48.67
7175,34.889
7176,34.673
7177,33.392
7178,29.148
7179,29.262
7180,31.946
7181,36.768
7182,73.11
7183,110.68
7184,60.213
7185,19.346
7186,20.966
7187,20.366
7188,22.132
7189,15.057
7190,40.543
7191,35.064
7192,37.067
7193,81.909
7194,84.97
7195,82.851
7196,88.684
7197,110.28
7198,139.04
7199,61.553
7200,31.919
7201,36.193
7202,37.518
7203,36.192
7204,36.318
7205,36.979
7206,49.482
7207,58.489
7208,43.05
7209,34.238
7210,38.502
7211,39.842
7212,30.989
7213,34.056
7214,35.036
7215,35.109
7216,74.075
7217,98.446
7218,45.365
7219,66.063
7220,64.583
7221,45.664
7222,85.024
7223,37.876
7224,35.491
7225,37.023
7226,35.684
7227,40.227
7228,37.346
7229,47.469
7230,47.988
7231,88.427
7232,70.678
7233,39.343
7234,37.883
7235,29.53
7236,40.288
7237,38.645
7238,40.941
7239,51.428
7240,97.521
7241,62.859
7242,38.907
7243,37.981
7244,52.895
7245,46.593
7246,39.406
7247,38.42
7248,35.592
7249,30.243
7250,30.943
7251,33.653
7252,32.074
7253,58.448
7254,118.58
7255,84.685
7256,38.128
7257,14.31
7258,31.073
7259,34.193
7260,35.36
7261,33.058
7262,31.696
7263,31.139
7264,44.173
7265,81.566
7266,86.898
7267,75.946
7268,109.71
7269,113.15
7270,84.093
7271,34.623
7272,30.795
7273,38.616
7274,41.702
7275,44.98
7276,47.543
7277,40.283
7278,47.784
7279,72.486
7280,61.463
7281,19.187
7282,13.071
7283,9.3833
7284,11.612
7285,10.809
7286,27.866
7287,24.98
7288,48.105
7289,64.001
7290,87.934
7291,48.822
7292,64.979
7293,81.95
7294,57.331
7295,40.458
7296,39.199
7297,46.094
7298,38.842
7299,39.699
7300,38.96
7301,44.896
7302,53.679
7303,71.265
7304,35.859
7305,17.861
7306,9.4431
7307,0
7308,0
7309,0.60247
7310,0
7311,0
7312,47.275
7313,63.092
7314,40.014
7315,80.748
7316,132.93
7317,121.15
7318,98.698
7319,46.983
7320,39.312
7321,62.222
7322,53.583
7323,49.355
7324,39.145
7325,42.215
7326,77.919
7327,52.063
7328,5.7497
7329,1.3071
7330,0
7331,0
7332,0
7333,0
7334,0
7335,0
7336,24.458
7337,56.841
7338,46.728
7339,57.173
7340,69.458
7341,51.787
7342,70.44
7343,49.496
7344,36.493
7345,23.691
7346,30.875
7347,46.051
7348,47.079
7349,44.075
7350,44.259
7351,78.94
7352,32.425
7353,26.994
7354,48.827
7355,20.616
7356,20.671
7357,14.183
7358,0
7359,17.011
7360,45.355
7361,43.913
7362,43.045
7363,38.06
7364,97.675
7365,64.354
7366,102.45
7367,69.867
7368,41.157
7369,38.814
7370,34.901
7371,34.498
7372,35.493
7373,41.87
7374,75.795
7375,80.029
7376,91.023
7377,33.823
7378,36.409
7379,50.54
7380,36.912
7381,36.625
7382,36.673
7383,33.218
7384,41.416
7385,45.479
7386,39.793
7387,37.071
7388,40.493
7389,39.627
7390,39.162
7391,51.502
7392,47.484
7393,76.204
7394,30.078
7395,25.504
7396,34.498
7397,23.288
7398,38.269
7399,54.078
7400,60.735
7401,283.22
7402,34.971
7403,24.351
7404,22.228
7405,27.407
7406,27.843
7407,29.54
7408,31.268
7409,78.111
7410,35.327
7411,34.177
7412,78.447
7413,93.463
7414,115.42
7415,106.65
7416,103.75
7417,50.944
7418,60.046
7419,64.59
7420,42.971
7421,40.519
7422,50.728
7423,95.668
7424,36.893
7425,34.832
7426,31.409
7427,42.042
7428,25.929
7429,24.919
7430,36.125
7431,33.842
7432,35.412
7433,46.682
7434,43.047
7435,47.72
7436,57.329
7437,92.997
7438,46.335
7439,42.874
7440,48.603
7441,44.645
7442,38.957
7443,35.306
7444,35.503
7445,38.629
7446,43.954
7447,79.552
7448,71.485
7449,21.182
7450,31.095
7451,32.961
7452,53.737
7453,66.311
7454,61.991
7455,34.398
7456,51.331
7457,53.214
7458,40.717
7459,38.773
7460,44.388
7461,41.437
7462,39.479
7463,43.283
7464,30.533
7465,46.491
7466,39.097
7467,34.336
7468,30.979
7469,33.007
7470,35.591
7471,39.285
7472,2.695
7473,0
7474,9.9681
7475,0
7476,0
7477,0
7478,0
7479,24.144
7480,62.938
7481,44.679
7482,72.522
7483,42.966
7484,62.752
7485,95.939
7486,126.58
7487,267.69
7488,49.877
7489,50.51
7490,44.443
7491,45.659
7492,44.025
7493,42.784
7494,40.432
7495,45.051
7496,7.2273
7497,0
7498,0
7499,0
7500,0
7501,0
7502,0
7503,0
7504,37.194
7505,45.292
7506,70.805
7507,96.512
7508,72.793
7509,116.14
7510,44.5
7511,42.254
7512,38.788
7513,35.295
7514,37.297
7515,29.344
7516,38.623
7517,39.168
7518,46.018
7519,73.113
7520,59.871
7521,5.4673
7522,10.219
7523,19.783
7524,5.9786
7525,8.8398
7526,25.978
7527,40.017
7528,50.748
7529,93.345
7530,49.745
7531,38.816
7532,45.464
7533,104.14
7534,59.503
7535,51.161
7536,36.03
7537,31.629
7538,320.91
7539,34.89
7540,35.582
7541,31.098
7542,32.824
7543,74.834
7544,35.002
7545,0.76465
7546,18.984
7547,0
7548,0
7549,5.217
7550,32.215
7551,42.695
7552,42.997
7553,72.873
7554,74.878
7555,41.089
7556,48.538
7557,103.87
7558,49.019
7559,39.135
7560,30.632
7561,43.81
7562,47.884
7563,44.008
7564,49.056
7565,42.993
7566,42.038
7567,96.2
7568,37.337
7569,97.357
7570,23.642
7571,3.5566
7572,0
7573,0
7574,0
7575,12.125
7576,29.647
7577,42.58
7578,53.136
7579,44.734
7580,43.029
7581,47.772
7582,46.611
7583,43.033
7584,25.813
7585,21.807
7586,29.455
7587,25.611
7588,36.596
7589,32.729
7590,67.089
7591,81.511
7592,16.688
7593,14.608
7594,16.716
7595,17.638
7596,18.26
7597,12.584
7598,14.192
7599,19.125
7600,61.341
7601,64.099
7602,47.969
7603,57.568
7604,56.391
7605,52.82
7606,42.376
7607,44.411
7608,25.671
7609,16.584
7610,47.359
7611,38.219
7612,40.034
7613,29.258
7614,55.045
7615,109.88
7616,20.386
7617,6.6121
7618,5.911
7619,3.2186
7620,0.79118
7621,3.6862
7622,7.715
7623,54.762
7624,58.71
7625,64.658
7626,73.011
7627,136.4
7628,89.942
7629,110.03
7630,105.33
7631,116.58
7632,32.392
7633,34.894
7634,32.592
7635,38
7636,70.6
7637,36.774
7638,30.628
7639,35.906
7640,66.488
7641,27.803
7642,39.038
7643,47.81
7644,12.515
7645,11.91
7646,6.4777
7647,14.635
7648,58.297
7649,71.517
7650,72.858
7651,68.845
7652,123.11
7653,102.5
7654,93.922
7655,34.571
7656,25.066
7657,35.345
7658,46.392
7659,49.647
7660,54.971
7661,49.269
7662,97.776
7663,53.472
7664,16.832
7665,8.5379
7666,6.8069
7667,0
7668,0
7669,0
7670,1.8109
7671,10.837
7672,58.367
7673,55.381
7674,82.231
7675,79.081
7676,136.96
7677,80.308
7678,119.92
7679,47.024
7680,34.536
7681,81.664
7682,80.2
7683,80.396
7684,87.557
7685,41.771
7686,49.174
7687,91.353
7688,24.474
7689,20.86
7690,21.967
7691,17.192
7692,10.658
7693,13.085
7694,33.535
7695,17.871
7696,81.713
7697,39.478
7698,40.147
7699,38.045
7700,31.024
7701,65.311
7702,40.28
7703,60.078
7704,25.101
7705,70.344
7706,39.999
7707,37.54
7708,41.097
7709,41.316
7710,74.466
7711,109.54
7712,59.789
7713,9.6679
7714,10.688
7715,11.605
7716,7.2298
7717,0
7718,0
7719,16.13
7720,65.816
7721,80.544
7722,61.052
7723,85.18
7724,44.2
7725,85.816
7726,84.093
7727,95.845
7728,34.105
7729,40.923
7730,44.572
7731,49.426
7732,54.007
7733,74.962
7734,103.55
7735,129.74
7736,32.781
7737,22.265
7738,17.439
7739,16.673
7740,19.2
7741,18.503
7742,17.061
7743,6.0584
7744,45.048
7745,82.196
7746,80.067
7747,46.681
7748,79.089
7749,116.24
7750,65.827
7751,100.73
7752,29.46
7753,39.601
7754,39.689
7755,36.71
7756,36.615
7757,35.414
7758,51.052
7759,97.206
7760,44.291
7761,24.077
7762,36.914
7763,3.3705
7764,1.7979
7765,11.553
7766,19.683
7767,19.591
7768,36.306
7769,70.319
7770,35.954
7771,35.519
7772,41.442
7773,97.746
7774,82.911
7775,118.47
7776,42.556
7777,38.361
7778,40.237
7779,33.034
7780,43.76
7781,57.291
7782,74.747
7783,72.891
7784,43.094
7785,27.549
7786,27.307
7787,22.986
7788,25.344
7789,26.867
7790,27.311
7791,26.674
7792,68.157
7793,85.643
7794,73.584
7795,94.747
7796,92.984
7797,153.8
7798,80.749
7799,79.457
7800,53.841
7801,37.148
7802,38.095
7803,38.08
7804,38.604
7805,37.259
7806,37.055
7807,36.667
7808,37.127
7809,18.397
7810,12.391
7811,7.3119
7812,10.314
7813,13.252
7814,8.9258
7815,38.717
7816,65.47
7817,84.096
7818,76.293
7819,99.124
7820,98.544
7821,65.371
7822,74.855
7823,63.214
7824,42.427
7825,34.664
7826,42.108
7827,37.47
7828,35.606
7829,38.28
7830,48.841
7831,76.585
7832,70.432
7833,83.52
7834,31.857
7835,35.277
7836,25.85
7837,35.278
7838,35.935
7839,37.663
7840,60.834
7841,40.107
7842,64.453
7843,90.2
7844,44.156
7845,55.938
7846,61.587
7847,42.961
7848,31.476
7849,38.134
7850,37.912
7851,45.05
7852,36.578
7853,38.092
7854,44.626
7855,43.57
7856,32.251
7857,23.991
7858,41.369
7859,41.148
7860,47.062
7861,31.788
7862,23.458
7863,46.864
7864,63.665
7865,57.851
7866,43.076
7867,41.664
7868,49.502
7869,46.039
7870,68.956
7871,60.47
7872,36.043
7873,38.619
7874,34.908
7875,28.035
7876,29.587
7877,36.861
7878,44.752
7879,84.61
7880,66.815
7881,57.205
7882,43.219
7883,32.942
7884,29.342
7885,18.931
7886,42.132
7887,40.422
7888,42.459
7889,35.131
7890,44.222
7891,40.827
7892,44.258
7893,55.435
7894,56.253
7895,47.955
7896,32.066
7897,23.959
7898,33.928
7899,20.76
7900,24.253
7901,43.914
7902,71.031
7903,72.338
7904,51.761
7905,311.23
7906,52.059
7907,11.033
7908,33.578
7909,34.989
7910,68.4
7911,43.945
7912,75.981
7913,60.429
7914,77.951
7915,40.712
7916,77.218
7917,96.998
7918,49.665
7919,90.729
7920,20.71
7921,2.1551
7922,34.549
7923,7.0573
7924,0
7925,0
7926,0
7927,0
7928,0
7929,248.97
7930,184.35
7931,0
7932,0
7933,179.95
7934,216.36
7935,264.77
7936,306
7937,295.76
7938,12.854
7939,22.981
7940,341.08
7941,21.191
7942,71.415
7943,26.814
7944,4.5428
7945,205.96
7946,0
7947,0
7948,212.1
7949,0
7950,0
7951,240.02
7952,258.82
7953,823.97
7954,169.08
7955,170.91
7956,165.75
7957,169.44
7958,181.6
7959,221.89
7960,261.03
7961,532.91
7962,0
7963,237.48
7964,287.16
7965,287.17
7966,285.92
7967,217.94
7968,0
7969,38.975
7970,40.057
7971,37.058
7972,38.297
7973,38.807
7974,38.246
7975,36.12
7976,25.829
7977,18.924
7978,0
7979,0
7980,0
7981,0
7982,0
7983,3.6623
7984,299.62
7985,54.605
7986,44.536
7987,42.046
7988,60.338
7989,51.598
7990,52.437
7991,65.655
7992,40.161
7993,38.318
7994,40.93
7995,49.594
7996,60.934
7997,52.981
7998,42.456
7999,91.217
8000,42.963
8001,59.367
8002,13.719
8003,23.174
8004,25.266
8005,25.64
8006,41.913
8007,35.132
8008,34.943
8009,45.032
8010,49.048
8011,42.406
8012,41.443
8013,37.651
8014,37.519
8015,33.511
8016,6.7959
8017,36.009
8018,39.132
8019,45.562
8020,38.005
8021,53.286
8022,72.026
8023,47.784
8024,33.248
8025,3.6656
8026,14.634
8027,5.278
8028,268.14
8029,0.90444
8030,0
8031,19.039
8032,37.421
8033,57.072
8034,54.226
8035,42.379
8036,36.22
8037,49.464
8038,33.931
8039,31.019
8040,25.651
8041,30.54
8042,36.577
8043,28.001
8044,32.704
8045,44.689
8046,63.634
8047,71.558
8048,58.297
8049,6.267
8050,0
8051,0
8052,0.39931
8053,0
8054,0.42132
8055,6.2863
8056,60.399
8057,53.89
8058,67.474
8059,102.3
8060,71.392
8061,80.346
8062,101.78
8063,146.44
8064,78.682
8065,53.035
8066,47.415
8067,83.034
8068,73.158
8069,102
8070,129.18
8071,129.68
8072,34.559
8073,12.821
8074,0
8075,0
8076,0
8077,0
8078,0
8079,26.387
8080,54.81
8081,70.899
8082,125.63
8083,54.169
8084,100.96
8085,76.143
8086,91.358
8087,107.64
8088,45.442
8089,52.379
8090,43.324
8091,39.031
8092,42.335
8093,55.899
8094,87.484
8095,81.575
8096,40.744
8097,27.152
8098,0
8099,25.358
8100,0
8101,0
8102,6.2489
8103,15.15
8104,50.422
8105,49.927
8106,48.532
8107,50.471
8108,59.29
8109,55.561
8110,129.57
8111,128.95
8112,65.904
8113,42.982
8114,41.547
8115,44.439
8116,42.498
8117,75.451
8118,101.58
8119,105.62
8120,33.357
8121,21.14
8122,1.7024
8123,3.0471
8124,2.6564
8125,5.549
8126,4.5954
8127,38.463
8128,63.402
8129,77.26
8130,73.578
8131,73.342
8132,97.736
8133,80.512
8134,133.99
8135,122.68
8136,108.93
8137,63.547
8138,53.663
8139,52.58
8140,52.394
8141,51.338
8142,56.949
8143,95.711
8144,66.238
8145,26.421
8146,5.1899
8147,0
8148,0
8149,0.90362
8150,0
8151,10.1
8152,51.942
8153,47.81
8154,50.904
8155,88.444
8156,102.2
8157,108.75
8158,125.9
8159,131.31
8160,59.64
8161,49.232
8162,55.003
8163,51.76
8164,48.821
8165,54.51
8166,52.202
8167,61.494
8168,98.822
8169,20.404
8170,5.7461
8171,7.0951
8172,0
8173,0.15025
8174,7.5971
8175,25.156
8176,53.545
8177,55.722
8178,59.216
8179,52.115
8180,54.955
8181,53.563
8182,91.233
8183,62.009
8184,50.843
8185,45.572
8186,47.812
8187,44.455
8188,61.33
8189,61.302
8190,95.949
8191,115.09
8192,65.329
8193,24.119
8194,18.567
8195,20.937
8196,23.98
8197,21.005
8198,20.768
8199,42.21
8200,62.232
8201,58.418
8202,59.392
8203,47.398
8204,44.667
8205,51.695
8206,89.044
8207,48.638
8208,43.148
8209,47.668
8210,52.337
8211,44.71
8212,57.544
8213,49.228
8214,96.031
8215,105.62
8216,53.643
8217,34.188
8218,15.097
8219,20.364
8220,18.587
8221,16.837
8222,15.366
8223,43.953
8224,63.976
8225,51.767
8226,85.006
8227,109.03
8228,82.371
8229,75.75
8230,83.157
8231,75.682
8232,47.427
8233,48.078
8234,41.918
8235,45.613
8236,48.211
8237,77.641
8238,90.003
8239,99.999
8240,76.974
8241,36.488
8242,34.799
8243,31.044
8244,33.64
8245,32.341
8246,33.392
8247,34.52
8248,77.133
8249,65.492
8250,73.477
8251,119.55
8252,51.057
8253,86.542
8254,63.528
8255,65.574
8256,45.162
8257,44.892
8258,46.123
8259,47.615
8260,52.379
8261,49.452
8262,129.08
8263,52.008
8264,48.676
8265,31.238
8266,7.1069
8267,10.998
8268,7.2822
8269,4.4628
8270,5.2577
8271,28.357
8272,60.525
8273,51.476
8274,46.053
8275,44.028
8276,42.611
8277,329.33
8278,118.45
8279,77.554
8280,40.168
8281,42.39
8282,43.264
8283,42.034
8284,38.551
8285,38.143
8286,46.778
8287,59.675
8288,72.932
8289,34.665
8290,17.629
8291,22.563
8292,34.579
8293,25.627
8294,30.589
8295,42.76
8296,85.772
8297,53.624
8298,50.036
8299,86.047
8300,98.783
8301,108.35
8302,115.78
8303,102.29
8304,41.717
8305,53.945
8306,56.364
8307,55.22
8308,55.182
8309,56.427
8310,55.808
8311,55.238
8312,45.083
8313,19.505
8314,9.7082
8315,6.7412
8316,7.0551
8317,17.263
8318,12.975
8319,27.002
8320,91.697
8321,63.574
8322,48.837
8323,56.247
8324,56.689
8325,56.901
8326,50.333
8327,44.008
8328,38.164
8329,46.911
8330,69.006
8331,63.868
8332,53.545
8333,82.542
8334,85.518
8335,75.045
8336,14.904
8337,0
8338,0
8339,0
8340,0
8341,1.2169
8342,0
8343,6.4997
8344,69.782
8345,86.603
8346,54.121
8347,58.23
8348,72.082
8349,121.25
8350,147.53
8351,55.979
8352,48.098
8353,76.484
8354,64.073
8355,71.491
8356,72.736
8357,50.364
8358,90.601
8359,137.69
8360,101.25
8361,28.618
8362,23.128
8363,18.911
8364,21.519
8365,25.548
8366,26.884
8367,34.955
8368,48.49
8369,45.283
8370,37.221
8371,39.9
8372,45.186
8373,326.46
8374,86.827
8375,41.215
8376,23.154
8377,42.389
8378,322.45
8379,37.983
8380,43.908
8381,39.515
8382,40.91
8383,64.302
8384,60.691
8385,55.492
8386,96.47
8387,46.484
8388,44.197
8389,30.453
8390,33.718
8391,30.031
8392,38.063
8393,42.933
8394,68.03
8395,90.835
8396,59.864
8397,44.618
8398,50.404
8399,40.626
8400,34.295
8401,50.38
8402,63.831
8403,63.209
8404,53.574
8405,46.92
8406,72.796
8407,91.855
8408,78.112
8409,32.072
8410,15.453
8411,26.611
8412,13.851
8413,6.3671
8414,32.14
8415,39.362
8416,49.861
8417,45.567
8418,54.827
8419,77.701
8420,43.287
8421,50.678
8422,121.8
8423,101.28
8424,33.986
8425,35.238
8426,37.256
8427,43.56
8428,44.164
8429,38.101
8430,51.017
8431,125.47
8432,101.65
8433,28.234
8434,15.452
8435,23.182
8436,22.932
8437,11.662
8438,17.23
8439,43.446
8440,91.378
8441,69.603
8442,92.059
8443,76.901
8444,52.769
8445,95.323
8446,371.75
8447,41.432
8448,33.041
8449,41.57
8450,39.256
8451,37.691
8452,43.99
8453,46.476
8454,77.274
8455,119.27
8456,88.158
8457,46.323
8458,26.094
8459,16.58
8460,5.8978
8461,3.2133
8462,12.756
8463,33.911
8464,85.804
8465,56.047
8466,32.762
8467,42.286
8468,83.101
8469,95.264
8470,112.67
8471,102.21
8472,37.171
8473,19.855
8474,65.468
8475,17.64
8476,31.442
8477,37.114
8478,38.023
8479,35.727
8480,66.171
8481,34.307
8482,71.04
8483,64.939
8484,70.396
8485,70.363
8486,72.295
8487,73.857
8488,90.903
8489,94.783
8490,77.586
8491,93.665
8492,147.48
8493,129.14
8494,94.465
8495,69.38
8496,37.797
8497,48.185
8498,46.734
8499,53.107
8500,53.68
8501,50.829
8502,47.011
8503,72.704
8504,60.948
8505,28.423
8506,14.72
8507,10.661
8508,12.982
8509,12.806
8510,13.738
8511,20.51
8512,47.16
8513,63.118
8514,101.3
8515,80.981
8516,58.327
8517,63.134
8518,96.343
8519,89.699
8520,83.105
8521,68.526
8522,73.422
8523,76.132
8524,73.816
8525,79.394
8526,116.02
8527,114.82
8528,57.58
8529,28.56
8530,17.231
8531,20.21
8532,33.942
8533,25.617
8534,33.463
8535,70.918
8536,99.05
8537,92.528
8538,49.83
8539,94.984
8540,91.67
8541,48.81
8542,43.256
8543,104.94
8544,95.289
8545,35.554
8546,31.7
8547,38.539
8548,46.232
8549,71.611
8550,90.978
8551,117.13
8552,35.443
8553,22.623
8554,16.808
8555,15.421
8556,37.2
8557,26.65
8558,37.692
8559,68.518
8560,120.47
8561,59.086
8562,76.842
8563,142.84
8564,85.33
8565,96.809
8566,263.84
8567,135.03
8568,128.09
8569,59.21
8570,43.371
8571,40.527
8572,42.05
8573,43.995
8574,81.228
8575,85.436
8576,40.483
8577,25.242
8578,24.754
8579,25.69
8580,21.287
8581,28.475
8582,25.69
8583,77.792
8584,62.994
8585,68.701
8586,104.07
8587,105.8
8588,103.65
8589,95.943
8590,119.11
8591,135.97
8592,68.922
8593,43.958
8594,40.825
8595,44.741
8596,71.13
8597,80.668
8598,76.483
8599,93.226
8600,99.606
8601,47.703
8602,25.822
8603,39.156
8604,39.706
8605,52.331
8606,98.958
8607,41.959
8608,81.932
8609,40.13
8610,35.998
8611,80.349
8612,79.86
8613,81.598
8614,88.899
8615,85.814
8616,86.475
8617,37.625
8618,34.918
8619,32.864
8620,31.382
8621,34.049
8622,73.636
8623,56.314
8624,60.659
8625,61.072
8626,42.85
8627,44.323
8628,47.348
8629,45.808
8630,70.782
8631,71.813
8632,84.439
8633,85.698
8634,61.167
8635,105.58
8636,103.85
8637,122.23
8638,142.42
8639,122.35
8640,73.729
8641,48.824
8642,47.004
8643,45.376
8644,44.791
8645,46.482
8646,46.388
8647,106.75
8648,94.81
8649,37.138
8650,28.486
8651,17.119
8652,39.563
8653,44.668
8654,37.856
8655,37.786
8656,43.255
8657,55.6
8658,51.084
8659,47.694
8660,66.77
8661,103.97
8662,122.19
8663,67.058
8664,43.384
8665,44.697
8666,116.53
8667,47.396
8668,43.671
8669,41.351
8670,38.553
8671,92.67
8672,39.051
8673,12.595
8674,234.39
8675,230.8
8676,0
8677,0
8678,0
8679,0
8680,80.079
8681,62.104
8682,71.923
8683,68.325
8684,127.72
8685,113.77
8686,63.803
8687,86.211
8688,41.052
8689,51.993
8690,55.972
8691,57.999
8692,53.415
8693,59.422
8694,64.837
8695,41.379
8696,45.729
8697,5.5772
8698,0
8699,0
8700,201.96
8701,0
8702,0
8703,0
8704,27.43
8705,93.578
8706,85.418
8707,66.279
8708,81.09
8709,97.766
8710,94.303
8711,54.306
8712,50.93
8713,45.861
8714,40.667
8715,41.011
8716,41.713
8717,59.582
8718,58.355
8719,84.849
8720,84.811
8721,47.44
8722,46.013
8723,74.883
8724,68.726
8725,54.01
8726,40.148
8727,40.571
8728,46.779
8729,66.759
8730,47.263
8731,51.326
8732,78.486
8733,67.824
8734,49.627
8735,46.49
8736,35.767
8737,35.454
8738,35.072
8739,41.37
8740,36.237
8741,37.681
8742,39.317
8743,120.76
8744,82.296
8745,14.87
8746,20.676
8747,0
8748,13.224
8749,16.511
8750,15.215
8751,43.558
8752,77.259
8753,112.19
8754,96.417
8755,47.351
8756,53.266
8757,48.772
8758,46.191
8759,320.2
8760,6.259
