Interval,Energy Sale Price,
1,32.814
2,36.263
3,36.025
4,38.053
5,31.887
6,41.341
7,58.497
8,53.182
9,29.789
10,13.853
11,13.589
12,14.812
13,12.538
14,14.093
15,27.001
16,35.712
17,35.112
18,37.119
19,46.245
20,49.893
21,46.097
22,63.046
23,45.886
24,30.705
25,37.565
26,35.262
27,42.792
28,47.201
29,31.189
30,36.8
31,63.537
32,70.941
33,12.769
34,0.36909
35,7.4199
36,8.4865
37,4.5107
38,4.711
39,9.1557
40,39.316
41,44.532
42,30.184
43,40.712
44,49.043
45,87.352
46,49.592
47,37.828
48,32.666
49,35.27
50,35.272
51,27.535
52,22.717
53,28.595
54,20.399
55,35.894
56,55.092
57,242.77
58,0
59,0
60,0
61,0
62,0
63,0
64,34.738
65,67.511
66,28.433
67,57.441
68,87.23
69,75.831
70,99.946
71,72.966
72,35.299
73,64.768
74,67.658
75,60.643
76,50.072
77,44.715
78,44.933
79,46.354
80,49.499
81,12.702
82,3.7653
83,0
84,0
85,0
86,0
87,4.7138
88,16.864
89,48.492
90,51.765
91,53.486
92,50.037
93,45.2
94,43.622
95,0.96544
96,13.689
97,55.595
98,50.542
99,26.231
100,28.271
101,16.256
102,14.912
103,23.84
104,7.1067
105,0
106,0
107,0
108,15.774
109,0
110,0
111,0
112,25.133
113,69.699
114,67.772
115,76.424
116,86.629
117,107.86
118,110.28
119,41.182
120,40.574
121,56.573
122,61.859
123,59.236
124,58.865
125,86.716
126,83.121
127,116.63
128,86.851
129,32.926
130,7.6371
131,7.0447
132,5.8339
133,8.3212
134,13.181
135,21.471
136,34.837
137,73.187
138,39.543
139,52.675
140,32.028
141,33.743
142,36.313
143,29.725
144,27.408
145,31.448
146,38.221
147,47.061
148,33.956
149,23.878
150,43.694
151,72.836
152,57.363
153,34.645
154,219.36
155,0
156,0
157,0
158,0
159,0
160,38.87
161,35.982
162,106.15
163,69.773
164,64.473
165,65.649
166,41.629
167,30.514
168,22.42
169,240.95
170,254.72
171,4.4917
172,258.57
173,248.16
174,0
175,0
176,33.719
177,0
178,0
179,0
180,0
181,0
182,173.91
183,181.28
184,249.4
185,239.13
186,0
187,0
188,0
189,252.69
190,285.91
191,245.11
192,0
193,27.623
194,13.516
195,16.466
196,27.142
197,32.294
198,86.044
199,128.84
200,63.577
201,27.265
202,2.9171
203,4.1622
204,6.2638
205,0
206,0
207,0
208,21.815
209,32.782
210,62.975
211,33.027
212,68.997
213,78.856
214,118.36
215,62.05
216,35.428
217,38.039
218,59.032
219,44.258
220,32.269
221,31.637
222,117.21
223,90.36
224,53.381
225,245.12
226,0
227,0
228,207.86
229,0
230,0
231,0
232,20.651
233,28.232
234,53.94
235,50.096
236,80.244
237,32.164
238,32.805
239,30.751
240,0
241,38.358
242,58.561
243,79.69
244,43.251
245,44.592
246,22.201
247,30.272
248,40.092
249,5.3379
250,6.3186
251,12.772
252,27.789
253,30.181
254,23.877
255,35.768
256,66.422
257,49.203
258,56.052
259,38.971
260,36.207
261,33.068
262,32.433
263,13.59
264,6.6771
265,21.565
266,23.47
267,36.946
268,40.783
269,20.279
270,31.538
271,38.35
272,6.5535
273,0
274,0
275,0
276,0
277,0
278,0
279,0
280,0.52643
281,85.34
282,81.585
283,48.818
284,67.548
285,51.13
286,49.854
287,51.419
288,54.387
289,50.948
290,58.814
291,62.532
292,64.171
293,42.505
294,68.344
295,54.188
296,140.04
297,5.0716
298,0
299,0
300,0
301,7.5811
302,0
303,0
304,12.694
305,59.443
306,55.376
307,49.467
308,47.054
309,78.78
310,99.337
311,64.115
312,33.233
313,36.596
314,31.338
315,16.391
316,25.179
317,36.692
318,82.652
319,128.37
320,76.59
321,26.464
322,0
323,0
324,0
325,0
326,4.2111
327,7.5593
328,43.877
329,59.222
330,66.421
331,39.177
332,54.201
333,96.764
334,81.223
335,57.055
336,36.5
337,23.733
338,35.204
339,30.777
340,36.973
341,35.573
342,24.893
343,26.546
344,62.197
345,10.917
346,0
347,0
348,0
349,3.3154
350,22.533
351,29.262
352,49.157
353,91.516
354,62.724
355,48.269
356,36.992
357,35.341
358,30.977
359,270.73
360,19.677
361,17.417
362,12.715
363,21.019
364,15.572
365,15.642
366,46.169
367,41.89
368,45.07
369,42.521
370,20.245
371,12.338
372,15.146
373,30.268
374,34.834
375,34.383
376,38.643
377,38.197
378,40.803
379,66.077
380,34.801
381,35.316
382,37.632
383,39.036
384,32.874
385,24.877
386,28.385
387,30.843
388,32.845
389,30.8
390,62.181
391,99.06
392,39.197
393,16.743
394,14.315
395,11.743
396,16.031
397,14.565
398,18.909
399,20.443
400,34.821
401,105.85
402,32.269
403,31.188
404,79.431
405,109.82
406,109.95
407,56.478
408,31.572
409,33.297
410,31.728
411,33.215
412,32.06
413,30.998
414,32.274
415,57.613
416,42.894
417,6.1666
418,24.727
419,6.0312
420,0
421,0.36525
422,0.77083
423,0.77332
424,36.836
425,67.778
426,72.505
427,79.89
428,83.399
429,113.38
430,110.98
431,83.707
432,34.7
433,40.227
434,43.926
435,54.871
436,44.476
437,44.946
438,51.495
439,54.423
440,82.133
441,29.687
442,4.1793
443,0
444,1.335
445,0
446,0
447,1.2836
448,21.377
449,38.265
450,42.167
451,52.186
452,48.95
453,46.56
454,39.136
455,38.709
456,18.897
457,28.246
458,7.4579
459,23.22
460,29.951
461,39.018
462,43.51
463,40.853
464,34.664
465,0
466,0
467,218.27
468,0
469,0
470,0
471,0
472,14.855
473,37.39
474,48.959
475,37.846
476,55.303
477,66.986
478,112.34
479,46.823
480,46.328
481,25.964
482,32.882
483,281.04
484,12.905
485,9.0028
486,80.7
487,98.054
488,62.654
489,0.87598
490,0
491,0
492,0
493,0
494,0
495,8.3573
496,42.787
497,59.114
498,40.653
499,42.728
500,61.172
501,111.98
502,98.684
503,88.619
504,35.514
505,49.801
506,51.96
507,37.5
508,39.02
509,55.1
510,82.122
511,112.12
512,38.023
513,23.331
514,20.463
515,17.788
516,29.145
517,30.49
518,32.757
519,40.166
520,41.876
521,31.287
522,41.927
523,44.606
524,36.329
525,53.727
526,32.544
527,27.826
528,3.1444
529,22.963
530,10.34
531,29.949
532,34.722
533,36.752
534,66.253
535,68.082
536,37.959
537,9.2193
538,0
539,0
540,0
541,0
542,0
543,3.963
544,16.303
545,36.049
546,29.414
547,32.892
548,65.539
549,46.972
550,86.736
551,72.354
552,47.009
553,33.729
554,29.998
555,34.787
556,34.995
557,36.277
558,95.752
559,94.736
560,84.459
561,6.7842
562,0
563,0
564,0
565,0
566,0
567,0
568,18.52
569,64.837
570,60.106
571,32.986
572,103.57
573,131.48
574,59.333
575,46.864
576,32.044
577,36.306
578,31.283
579,36.756
580,34.302
581,22.429
582,32.273
583,39.982
584,84.018
585,29.5
586,0
587,0
588,0
589,0
590,0
591,0
592,4.52
593,65.972
594,39.907
595,35.871
596,88.543
597,107.98
598,114.86
599,48.276
600,17.218
601,11.865
602,19.402
603,20.009
604,18.217
605,49.6
606,43.073
607,52.031
608,12.496
609,0
610,0
611,0
612,200.11
613,0
614,0
615,0
616,1.9422
617,45.744
618,43.829
619,44.794
620,66.103
621,103
622,58.223
623,20.845
624,17.531
625,19.504
626,26.489
627,41.426
628,50.799
629,41.865
630,39.717
631,58.815
632,69.43
633,24.517
634,0
635,7.0942
636,9.7678
637,3.3554
638,29.276
639,38.335
640,6.4452
641,33.371
642,35.336
643,40.128
644,28.757
645,99.205
646,65.138
647,34.401
648,22.218
649,30.304
650,29.843
651,40.76
652,54.731
653,61.176
654,80.461
655,104.53
656,76.817
657,13.897
658,0
659,0
660,0
661,0
662,0
663,4.711
664,28.715
665,31.402
666,64.386
667,80.323
668,70.323
669,124.18
670,99.755
671,40.864
672,60.749
673,30.678
674,28.371
675,32.114
676,14.248
677,12.534
678,49.83
679,64.626
680,29.326
681,9.0266
682,0
683,0
684,0
685,0
686,1.4037
687,0
688,9.3333
689,55.64
690,36.91
691,35.104
692,78.696
693,86.971
694,35.647
695,30.681
696,258.66
697,36.121
698,19.717
699,41.917
700,36.958
701,38.658
702,31.22
703,31.303
704,52.456
705,17.394
706,0
707,0
708,4.6333
709,0
710,0
711,0
712,22.729
713,26.982
714,49.806
715,54.259
716,75.342
717,68.837
718,62.108
719,60.512
720,56.337
721,61.899
722,53.529
723,53.177
724,37.018
725,61.636
726,60.039
727,69.394
728,70.211
729,39.921
730,225.14
731,5.5463
732,4.7469
733,5.7214
734,8.8708
735,7.3998
736,30.827
737,79.132
738,71.483
739,70.05
740,84.373
741,95.051
742,53.009
743,38.448
744,32.878
745,46.997
746,43.464
747,43.144
748,44.608
749,46.14
750,34.541
751,25.442
752,32.354
753,0
754,0
755,0
756,0
757,0
758,0
759,0
760,0
761,59.334
762,43.832
763,56.742
764,45.946
765,45.373
766,39.709
767,44.701
768,30.152
769,43.17
770,48.054
771,42.51
772,31.756
773,26.006
774,25.898
775,38.846
776,9.6785
777,0
778,0
779,0
780,0
781,0
782,0
783,0
784,0
785,49.196
786,64.051
787,77.704
788,79.057
789,97.398
790,102.22
791,67.467
792,49.571
793,39.258
794,46.595
795,37.278
796,62.146
797,73.345
798,110.1
799,127.98
800,97.786
801,23.684
802,0
803,0
804,0
805,0
806,0
807,17.721
808,31.374
809,40.665
810,31.886
811,41.859
812,39.7
813,34.877
814,50.248
815,38.335
816,18.642
817,37.902
818,37.52
819,39.819
820,31.867
821,36.439
822,41.434
823,73.065
824,18.589
825,3.2445
826,0
827,0
828,0
829,0
830,0
831,0
832,8.3343
833,74.305
834,45.034
835,62.932
836,45.51
837,90.01
838,39.717
839,37.758
840,26.773
841,34.411
842,20.112
843,16.445
844,27.547
845,36.565
846,64.564
847,51.704
848,67.555
849,14.808
850,0
851,0
852,0
853,0
854,0
855,0
856,10.103
857,67.461
858,28.578
859,41.273
860,61.222
861,86.808
862,97.483
863,82.759
864,33.782
865,30.934
866,22.625
867,22.459
868,33.507
869,29.891
870,48.315
871,39.464
872,66.032
873,12.484
874,0
875,0
876,0
877,0
878,0
879,11.277
880,21.788
881,76.616
882,73.594
883,43.991
884,44.673
885,82.211
886,60.188
887,70.094
888,41.538
889,58.884
890,37.18
891,36.251
892,56.577
893,70.894
894,94.917
895,89.093
896,76.27
897,19.982
898,0
899,0
900,0
901,0
902,0
903,0
904,9.9844
905,28.989
906,30.193
907,64.682
908,68.316
909,113.55
910,105.13
911,118.04
912,44.565
913,42.854
914,39.943
915,43.873
916,39.34
917,41.034
918,40.287
919,36.328
920,73.773
921,11.345
922,0
923,0
924,0
925,0
926,0
927,0
928,0
929,35.668
930,57.845
931,93.746
932,87.393
933,88.509
934,39.974
935,40.995
936,38.66
937,87.879
938,76.916
939,61.304
940,50.529
941,42.208
942,40.413
943,44.304
944,19.281
945,0
946,0
947,0
948,0
949,0
950,0
951,0
952,0
953,29.74
954,40.548
955,79.635
956,72.396
957,71.488
958,103.44
959,45.568
960,36.168
961,34.132
962,76.215
963,46.679
964,47.654
965,46.202
966,69.406
967,100.82
968,68.362
969,7.9258
970,0
971,0
972,0
973,0
974,0
975,0
976,4.6545
977,69.973
978,34.41
979,75.414
980,41.531
981,41.402
982,67.489
983,44.107
984,32.764
985,38.893
986,31.663
987,27.555
988,38.104
989,44.375
990,90.991
991,52.958
992,67.014
993,35.678
994,9.9908
995,0
996,0
997,0
998,0
999,0
1000,0
1001,51.476
1002,75.953
1003,49.194
1004,35.958
1005,54
1006,40.038
1007,35.105
1008,22.822
1009,29.134
1010,26.256
1011,48.456
1012,46.721
1013,41.955
1014,75.631
1015,65.899
1016,15.749
1017,0
1018,0
1019,0
1020,0
1021,0
1022,0
1023,0
1024,0
1025,53.076
1026,45.986
1027,38.612
1028,33.032
1029,39.763
1030,76.264
1031,44.407
1032,46.869
1033,62.253
1034,61.526
1035,67.881
1036,54.154
1037,66.911
1038,95.504
1039,67.501
1040,10.844
1041,0
1042,0
1043,193.69
1044,0
1045,0
1046,0
1047,0
1048,16.267
1049,38.432
1050,38.121
1051,26.916
1052,32.3
1053,67.654
1054,101.42
1055,41.136
1056,85.158
1057,70.261
1058,43.057
1059,42.932
1060,38.063
1061,84.354
1062,44.303
1063,81.246
1064,51.147
1065,3.6221
1066,13.73
1067,0
1068,0
1069,0
1070,0
1071,29.861
1072,10.436
1073,43.482
1074,48.591
1075,38.559
1076,44.122
1077,36.222
1078,59.52
1079,63.219
1080,64.366
1081,55.858
1082,63.468
1083,68.194
1084,69.088
1085,80.949
1086,82.545
1087,109.58
1088,32.748
1089,10.834
1090,0
1091,0
1092,0
1093,0
1094,0
1095,0
1096,17.905
1097,26.597
1098,37.793
1099,37.819
1100,42.849
1101,43.282
1102,32.385
1103,32.367
1104,60.873
1105,73.874
1106,47.647
1107,44.546
1108,40.805
1109,71.852
1110,66.094
1111,100.61
1112,54.722
1113,4.3906
1114,0
1115,0
1116,0
1117,0
1118,0
1119,0
1120,0
1121,38.947
1122,85.109
1123,46.047
1124,50.651
1125,54.594
1126,44.389
1127,32.902
1128,32.061
1129,38.239
1130,40.325
1131,36.474
1132,40.342
1133,82.784
1134,85.827
1135,71.246
1136,59.441
1137,0
1138,0
1139,0
1140,0
1141,0
1142,0
1143,0
1144,0
1145,16.265
1146,38.431
1147,88.768
1148,76.728
1149,47.563
1150,39.67
1151,42.789
1152,40.393
1153,66.12
1154,47.017
1155,44.88
1156,43.546
1157,40.651
1158,40.854
1159,51.91
1160,15.576
1161,0
1162,0
1163,0
1164,0
1165,0
1166,0
1167,0
1168,0
1169,39.604
1170,42.199
1171,77.714
1172,40.726
1173,46.652
1174,84.126
1175,74.554
1176,48.902
1177,52.038
1178,43.24
1179,41.021
1180,42.942
1181,49.101
1182,46.237
1183,98.596
1184,12.333
1185,0
1186,0
1187,0
1188,0
1189,0
1190,0
1191,0
1192,0
1193,20.787
1194,44.99
1195,40.644
1196,66.232
1197,91.932
1198,99.555
1199,100.07
1200,47.417
1201,48.479
1202,38.859
1203,42.312
1204,76.716
1205,77.663
1206,95.376
1207,102.94
1208,49.151
1209,2.1091
1210,0
1211,0
1212,0
1213,4.5304
1214,0
1215,0
1216,10.959
1217,65.164
1218,66.928
1219,112.18
1220,92.261
1221,69.957
1222,104.27
1223,32.176
1224,30.669
1225,33.577
1226,34.854
1227,33.786
1228,34.426
1229,34.269
1230,47.931
1231,70.574
1232,31.474
1233,8.869
1234,0
1235,0
1236,0
1237,0
1238,0
1239,0
1240,0
1241,29.562
1242,87.786
1243,45.714
1244,76.886
1245,81.787
1246,65.371
1247,95.825
1248,75.581
1249,38.548
1250,82.914
1251,83.001
1252,86.442
1253,54.262
1254,55.805
1255,94.183
1256,36.058
1257,0
1258,0
1259,0
1260,0
1261,0
1262,0
1263,0
1264,0
1265,65.779
1266,45.457
1267,55.623
1268,55.84
1269,43.171
1270,35.939
1271,32.849
1272,31.211
1273,38.439
1274,37.716
1275,35.24
1276,38.48
1277,36.86
1278,32.46
1279,22.551
1280,14.189
1281,21.129
1282,11.836
1283,2.1241
1284,14.545
1285,19.011
1286,12.666
1287,24.3
1288,36.546
1289,64.753
1290,57.434
1291,40.818
1292,35.449
1293,39.669
1294,38.277
1295,17.396
1296,0
1297,17.075
1298,36.959
1299,34.129
1300,17.715
1301,9.8347
1302,18.759
1303,68.874
1304,44.012
1305,47.679
1306,31.742
1307,21.806
1308,22.2
1309,19.528
1310,30.393
1311,42.804
1312,51.293
1313,98.527
1314,71.159
1315,57.725
1316,86.877
1317,119.7
1318,30.798
1319,30.093
1320,12.988
1321,35.972
1322,35.002
1323,8.5763
1324,34.872
1325,20.044
1326,35.54
1327,54.065
1328,93.984
1329,24.176
1330,0.93603
1331,14.971
1332,1.658
1333,0
1334,24.387
1335,22.284
1336,55.157
1337,61.503
1338,109.16
1339,65.895
1340,48.903
1341,86.209
1342,82.516
1343,48.436
1344,5.5026
1345,28.301
1346,27.552
1347,14.533
1348,12.525
1349,42.262
1350,41.626
1351,52.409
1352,51.936
1353,11.086
1354,0
1355,0
1356,0
1357,0
1358,0
1359,0
1360,0
1361,71.57
1362,94.996
1363,88.45
1364,45.54
1365,87.973
1366,82.562
1367,65.907
1368,36.85
1369,40.372
1370,74.366
1371,51.107
1372,38.683
1373,41.576
1374,67.401
1375,73.146
1376,75.628
1377,15.07
1378,0
1379,1.581
1380,3.3065
1381,0
1382,0
1383,0
1384,4.1746
1385,31.537
1386,31.648
1387,80.019
1388,110.87
1389,58.237
1390,31.008
1391,23.643
1392,17.437
1393,35.696
1394,4.7522
1395,9.8852
1396,38.169
1397,38.403
1398,71.194
1399,73.912
1400,162.5
1401,4.9441
1402,14.781
1403,26.367
1404,0.0036428
1405,0
1406,0
1407,0
1408,0
1409,23.59
1410,52.994
1411,39.532
1412,40.83
1413,79.574
1414,98.456
1415,96.514
1416,29.182
1417,58.966
1418,42.319
1419,65.746
1420,74.314
1421,14.945
1422,22.115
1423,32.504
1424,0
1425,0
1426,0
1427,0
1428,0
1429,0
1430,0
1431,0
1432,0
1433,2.1215
1434,95.098
1435,117
1436,124.81
1437,73.816
1438,48.571
1439,26.604
1440,30.002
1441,77.469
1442,32.445
1443,111.03
1444,87.109
1445,32.195
1446,25.566
1447,36.375
1448,18.485
1449,13.5
1450,0
1451,0
1452,0
1453,0
1454,0
1455,11.705
1456,35.138
1457,74.054
1458,42.506
1459,41.686
1460,36.544
1461,36.783
1462,33.97
1463,25.801
1464,19.445
1465,8.3821
1466,6.4666
1467,43.055
1468,13.85
1469,2.1233
1470,26.012
1471,70.454
1472,40.042
1473,21.993
1474,8.1155
1475,16.952
1476,1.5241
1477,20.314
1478,22.136
1479,33.177
1480,35.808
1481,72.084
1482,35.222
1483,67.19
1484,52.043
1485,76.941
1486,105.88
1487,66.003
1488,0
1489,37.967
1490,62.976
1491,16.397
1492,57.482
1493,36.465
1494,34.935
1495,47.627
1496,83.095
1497,12.082
1498,0
1499,0
1500,0
1501,0
1502,13.136
1503,16.324
1504,42.927
1505,69.557
1506,84.103
1507,79.378
1508,53.489
1509,37.785
1510,98.178
1511,43.028
1512,10.28
1513,32.413
1514,15.655
1515,14.337
1516,15.335
1517,23.038
1518,47.943
1519,62.727
1520,48.088
1521,16.006
1522,0
1523,0
1524,0
1525,0
1526,0
1527,0
1528,4.8005
1529,60.813
1530,61.989
1531,67.65
1532,96.127
1533,110.12
1534,95.549
1535,74.917
1536,35.572
1537,37.132
1538,36.455
1539,36.649
1540,35.806
1541,30.524
1542,84.682
1543,105.51
1544,71.573
1545,18.709
1546,8.6524
1547,3.1558
1548,232.13
1549,0
1550,0
1551,0
1552,10.943
1553,27.135
1554,25.611
1555,23.233
1556,61.019
1557,34.396
1558,27.363
1559,45.408
1560,27.764
1561,45.71
1562,33.666
1563,31.926
1564,36.747
1565,43.579
1566,51.782
1567,109.86
1568,61.104
1569,20.386
1570,15.066
1571,22.915
1572,12.31
1573,0.75906
1574,0
1575,0.73847
1576,3.5418
1577,34.937
1578,33.601
1579,31.622
1580,32.059
1581,56.019
1582,61.657
1583,76.685
1584,36.389
1585,36.984
1586,35.625
1587,34.105
1588,14.416
1589,29.372
1590,29.193
1591,58.735
1592,5.1494
1593,0
1594,0
1595,0
1596,0
1597,0
1598,0
1599,0
1600,0
1601,27.636
1602,82.428
1603,100.58
1604,109.26
1605,78.841
1606,88.864
1607,43.199
1608,37.6
1609,40.921
1610,37.463
1611,36.947
1612,38.328
1613,51.043
1614,61.089
1615,72.347
1616,23.294
1617,0
1618,0
1619,0
1620,0
1621,0
1622,0
1623,2.7337
1624,27.439
1625,43.588
1626,37.219
1627,84.243
1628,61.183
1629,86.31
1630,81.126
1631,34.84
1632,18.163
1633,29.878
1634,29.892
1635,29.86
1636,28.546
1637,30.18
1638,91.058
1639,71.276
1640,78.905
1641,33.616
1642,27.826
1643,30.78
1644,19.115
1645,14.303
1646,11.445
1647,29.119
1648,38.7
1649,78.026
1650,39.374
1651,35.247
1652,56.309
1653,60.938
1654,44.491
1655,32.723
1656,14.426
1657,18.481
1658,22.409
1659,22.024
1660,34.192
1661,16.84
1662,60.114
1663,78.655
1664,72.241
1665,0
1666,0
1667,0
1668,0
1669,0
1670,0
1671,0
1672,0
1673,39.424
1674,76.429
1675,61.025
1676,69.516
1677,79.183
1678,123.59
1679,67.595
1680,34.046
1681,39.498
1682,37.781
1683,39.281
1684,37.333
1685,28.767
1686,34.303
1687,50.9
1688,29.019
1689,0
1690,0
1691,0
1692,0
1693,0
1694,0
1695,0
1696,0
1697,43.434
1698,31.189
1699,27.858
1700,47.359
1701,83.847
1702,107.95
1703,62.503
1704,35.121
1705,64.916
1706,63.537
1707,41.756
1708,39.225
1709,61.28
1710,78.347
1711,110.09
1712,31.788
1713,0
1714,0
1715,0
1716,0
1717,0
1718,0
1719,0
1720,0
1721,44.79
1722,81.457
1723,70.548
1724,64.378
1725,93.513
1726,111.21
1727,38.99
1728,56.641
1729,43.78
1730,49.699
1731,43.929
1732,34.16
1733,73.13
1734,90.861
1735,144.19
1736,23.328
1737,0
1738,0
1739,0
1740,0
1741,0.08215
1742,12.48
1743,28.118
1744,26.937
1745,82.028
1746,31.004
1747,28.123
1748,24.818
1749,37.269
1750,84.211
1751,64.38
1752,54.632
1753,29.009
1754,41.198
1755,39.718
1756,49.043
1757,57.593
1758,77.03
1759,84.552
1760,29.751
1761,14.41
1762,3.7118
1763,0.18747
1764,0
1765,0
1766,0
1767,13.327
1768,16.282
1769,49.986
1770,64.871
1771,40.61
1772,51.758
1773,72.446
1774,74.897
1775,95.058
1776,102.47
1777,46.391
1778,35.252
1779,41.322
1780,32.873
1781,32.976
1782,37.751
1783,57.375
1784,24.317
1785,0
1786,0
1787,0
1788,0
1789,0
1790,0
1791,0
1792,0
1793,18.566
1794,64.988
1795,50.026
1796,51.559
1797,48.514
1798,49.756
1799,73.107
1800,71.262
1801,55.72
1802,43.736
1803,18.415
1804,31.071
1805,82.164
1806,114.76
1807,126.47
1808,9.8266
1809,0
1810,0
1811,0
1812,0
1813,0
1814,0
1815,0
1816,0
1817,35.731
1818,61.953
1819,56.985
1820,63.633
1821,43.38
1822,102.42
1823,44.582
1824,46.113
1825,36.247
1826,39.478
1827,37.742
1828,37.466
1829,37.298
1830,56.52
1831,106.6
1832,47.553
1833,4.8817
1834,0
1835,0
1836,0
1837,0
1838,0
1839,19.365
1840,33.09
1841,62.647
1842,36.869
1843,35.287
1844,40.739
1845,44.76
1846,44.258
1847,40.715
1848,43.518
1849,44.688
1850,38.946
1851,32.024
1852,35.708
1853,42.058
1854,84.289
1855,97.384
1856,36.111
1857,0
1858,0
1859,0
1860,0
1861,0
1862,0
1863,0
1864,0
1865,1.526
1866,20.017
1867,34.424
1868,37.127
1869,89.951
1870,44.79
1871,98.885
1872,67.638
1873,54.842
1874,42.275
1875,48.197
1876,39.76
1877,65.969
1878,82.93
1879,68.853
1880,60.237
1881,37.039
1882,0
1883,0
1884,0
1885,0
1886,0
1887,0
1888,18.846
1889,53.533
1890,59.086
1891,34.746
1892,34.602
1893,48.775
1894,117.04
1895,67.573
1896,58.129
1897,53.03
1898,33.294
1899,31.257
1900,34.135
1901,33.421
1902,92.097
1903,76.19
1904,235.47
1905,57.142
1906,44.395
1907,29.323
1908,22.255
1909,18.337
1910,17.492
1911,13.206
1912,13.602
1913,20.742
1914,39.626
1915,24.893
1916,30.773
1917,54.948
1918,35.857
1919,24.877
1920,21.343
1921,62.504
1922,80.353
1923,70.927
1924,84.054
1925,51.362
1926,36.597
1927,15.152
1928,1.6683
1929,0
1930,0
1931,0
1932,0
1933,0
1934,0
1935,0
1936,0
1937,10.235
1938,62.494
1939,105.45
1940,108.84
1941,88.888
1942,70.337
1943,79.56
1944,64.644
1945,48.684
1946,48.154
1947,59.635
1948,44.293
1949,42.904
1950,90.795
1951,37.088
1952,11.976
1953,0
1954,12.953
1955,0
1956,0
1957,0
1958,0
1959,1.2781
1960,12.15
1961,52.811
1962,91.395
1963,95.253
1964,93.978
1965,135.19
1966,128.58
1967,66.979
1968,28.689
1969,36.758
1970,35.81
1971,34.707
1972,34.159
1973,33.684
1974,39.553
1975,58.86
1976,27.527
1977,7.669
1978,2.9167
1979,1.7695
1980,2.4689
1981,5.6685
1982,0
1983,22.343
1984,15.636
1985,30.355
1986,91.528
1987,60.28
1988,59.497
1989,29.423
1990,78.981
1991,38.88
1992,25.65
1993,32.838
1994,31.163
1995,39.975
1996,40.547
1997,53.224
1998,66.483
1999,108.86
2000,76.614
2001,12.832
2002,7.5488
2003,0
2004,0
2005,1.0472
2006,0
2007,0
2008,1.1485
2009,31.169
2010,46.639
2011,43.598
2012,32.568
2013,50.922
2014,89.348
2015,40.629
2016,59.615
2017,57.864
2018,58.388
2019,56.664
2020,60.169
2021,61.956
2022,94.121
2023,228.88
2024,58.144
2025,0
2026,0
2027,0
2028,0
2029,0
2030,0
2031,0
2032,9.8722
2033,54.306
2034,71.17
2035,90.838
2036,63.096
2037,64.726
2038,99.272
2039,66.033
2040,50.17
2041,35.623
2042,36.904
2043,44.067
2044,38.053
2045,50.685
2046,103.11
2047,46.361
2048,36.362
2049,4.4678
2050,17.964
2051,0
2052,0
2053,0
2054,0
2055,0
2056,8.2659
2057,27.106
2058,36.164
2059,86.772
2060,36.678
2061,64.409
2062,91.642
2063,80.751
2064,34.127
2065,31.985
2066,32.651
2067,40.371
2068,72.393
2069,35.577
2070,34.783
2071,72.082
2072,20.153
2073,0
2074,10.412
2075,0
2076,0
2077,0
2078,0
2079,7.6164
2080,17.148
2081,59.248
2082,70.694
2083,58.269
2084,51.255
2085,98.307
2086,96.891
2087,71.823
2088,35.257
2089,41.663
2090,74.483
2091,42.443
2092,43.166
2093,43.032
2094,43.986
2095,58.771
2096,43.601
2097,0
2098,0
2099,0
2100,0
2101,0
2102,0
2103,0
2104,20.62
2105,27.347
2106,90.265
2107,42.868
2108,49.136
2109,44.858
2110,92.249
2111,50.412
2112,21.644
2113,54.894
2114,31.922
2115,31.643
2116,56.045
2117,27.847
2118,25.848
2119,8.9891
2120,0
2121,0
2122,0
2123,0
2124,0
2125,0
2126,0
2127,0
2128,0
2129,21.8
2130,31.975
2131,29.451
2132,88.827
2133,49.969
2134,35.284
2135,17.599
2136,54.728
2137,52.819
2138,58.251
2139,64.141
2140,73.326
2141,75.077
2142,92.205
2143,97.991
2144,41.352
2145,23.423
2146,0
2147,13.131
2148,0
2149,0
2150,4.9762
2151,12.58
2152,46.55
2153,60.546
2154,30.694
2155,34.744
2156,73.346
2157,109.58
2158,50.991
2159,34.362
2160,27.888
2161,21.493
2162,11.396
2163,12.4
2164,23.181
2165,23.465
2166,69.864
2167,69.376
2168,68.227
2169,73.785
2170,13.519
2171,8.8451
2172,2.2319
2173,23.752
2174,32.782
2175,41.617
2176,53.929
2177,36.296
2178,84.375
2179,102.29
2180,54.697
2181,101.19
2182,58.71
2183,46.039
2184,26.196
2185,11.47
2186,26.211
2187,35.172
2188,42.656
2189,37.179
2190,52.299
2191,61.686
2192,49.515
2193,24.706
2194,0
2195,0
2196,0
2197,0
2198,0
2199,0
2200,0
2201,23.895
2202,87.478
2203,81.565
2204,36.39
2205,96.889
2206,41.469
2207,37.444
2208,11.671
2209,9.3728
2210,15.879
2211,7.7979
2212,22.404
2213,35.254
2214,30.67
2215,35.151
2216,15.516
2217,1.8171
2218,0
2219,0
2220,0
2221,0
2222,0
2223,0
2224,3.0051
2225,37.028
2226,65.817
2227,76.157
2228,78.229
2229,91.941
2230,103.64
2231,41.409
2232,34.683
2233,21.631
2234,10.977
2235,25.31
2236,29.713
2237,16.814
2238,17.232
2239,79.235
2240,34.188
2241,61.056
2242,30.12
2243,16.051
2244,24.702
2245,31.242
2246,30.284
2247,37.399
2248,51.173
2249,56.176
2250,63.798
2251,112.72
2252,74.151
2253,76.136
2254,43.194
2255,33.074
2256,5.9343
2257,22.665
2258,30.906
2259,29.205
2260,34.412
2261,31.535
2262,36.483
2263,49.28
2264,9.0714
2265,0
2266,0
2267,0
2268,0
2269,0
2270,0
2271,0
2272,0
2273,14.7
2274,21.678
2275,9.7651
2276,23.959
2277,39.187
2278,92.306
2279,51.72
2280,12.279
2281,45.096
2282,22.832
2283,37.404
2284,38.017
2285,43.852
2286,74.344
2287,16.344
2288,0
2289,0
2290,0
2291,0
2292,0
2293,0
2294,0
2295,0
2296,1.5116
2297,17.398
2298,58.025
2299,76.927
2300,120.25
2301,70.915
2302,118.04
2303,51.482
2304,33.428
2305,48.03
2306,57.67
2307,69.442
2308,74.632
2309,84.427
2310,106.94
2311,31.069
2312,47.287
2313,28.451
2314,29.793
2315,28.78
2316,19.151
2317,20.08
2318,20.857
2319,22.599
2320,38.033
2321,57.735
2322,103.91
2323,32.311
2324,37.013
2325,105.92
2326,22.969
2327,53.257
2328,13.71
2329,18.026
2330,26.815
2331,32.63
2332,37.312
2333,43.128
2334,77.039
2335,35.486
2336,17.703
2337,23.643
2338,55.121
2339,71.231
2340,26.432
2341,20.141
2342,31.784
2343,24.431
2344,17.951
2345,29.994
2346,72.431
2347,37.961
2348,91.873
2349,62.588
2350,37.985
2351,29.425
2352,21.379
2353,37.197
2354,36.259
2355,34.179
2356,36.12
2357,41.512
2358,57.829
2359,34.355
2360,3.9872
2361,11.81
2362,248.3
2363,0
2364,2.5915
2365,0
2366,0
2367,0
2368,0
2369,17.794
2370,74.639
2371,90.446
2372,52.672
2373,62.845
2374,30.396
2375,22.539
2376,19.333
2377,48.421
2378,40.339
2379,37.351
2380,63.108
2381,52.089
2382,80.318
2383,61.446
2384,10.601
2385,0
2386,0
2387,0
2388,0
2389,0
2390,0
2391,0
2392,0
2393,16.55
2394,68.055
2395,80.43
2396,96.634
2397,47.376
2398,68.048
2399,41.206
2400,41.58
2401,61.836
2402,37.806
2403,35.259
2404,47.208
2405,63.858
2406,82.963
2407,65.498
2408,51.643
2409,29.791
2410,10.509
2411,16.081
2412,0
2413,0
2414,0
2415,0
2416,0
2417,71.094
2418,80.836
2419,101.68
2420,73.228
2421,43.826
2422,64.868
2423,41.331
2424,7.7851
2425,34.894
2426,44.008
2427,31.353
2428,26.565
2429,22.445
2430,23.858
2431,1.4915
2432,0
2433,0
2434,0
2435,0
2436,0
2437,0
2438,0
2439,0
2440,0
2441,14.416
2442,48.598
2443,53.06
2444,44.88
2445,46.338
2446,81.136
2447,44.093
2448,40.99
2449,41.427
2450,40.314
2451,42.231
2452,63.068
2453,62.598
2454,53.284
2455,19.266
2456,0
2457,0
2458,0
2459,0
2460,28.971
2461,120.67
2462,0
2463,0
2464,0
2465,9.8047
2466,42.812
2467,35.394
2468,109.24
2469,36.795
2470,39.567
2471,24.271
2472,11.029
2473,17.499
2474,19.686
2475,39.483
2476,37.456
2477,26.02
2478,57.535
2479,18.402
2480,3.9415
2481,0
2482,0
2483,0
2484,231.84
2485,0
2486,0
2487,1.8834
2488,21.243
2489,47.218
2490,61.328
2491,45.021
2492,38.68
2493,56.684
2494,32.494
2495,30.188
2496,28.355
2497,30.873
2498,17.343
2499,18.399
2500,22.076
2501,15.932
2502,39.889
2503,45.116
2504,17.799
2505,0
2506,0
2507,0
2508,0.37136
2509,0
2510,0
2511,1.5548
2512,16.625
2513,21.505
2514,66.032
2515,106.86
2516,111.8
2517,139.86
2518,67.413
2519,34.517
2520,33.185
2521,35.565
2522,36.166
2523,37.782
2524,60.906
2525,70.935
2526,82.622
2527,69.04
2528,30.153
2529,0
2530,0
2531,23.159
2532,0
2533,0
2534,0
2535,0
2536,20.65
2537,31.492
2538,62.015
2539,114.17
2540,69.029
2541,117.23
2542,33.822
2543,47.625
2544,26.947
2545,34.19
2546,38.66
2547,31.569
2548,36.626
2549,41.308
2550,73.7
2551,73.155
2552,33.212
2553,9.4174
2554,1.3192
2555,0
2556,0
2557,0
2558,0.66575
2559,5.5452
2560,40.343
2561,54.669
2562,58.728
2563,87.724
2564,63.593
2565,52.675
2566,34.227
2567,36.042
2568,25.025
2569,24.338
2570,28.618
2571,30.236
2572,31.399
2573,25.311
2574,57.832
2575,49.286
2576,80.779
2577,34.04
2578,22.58
2579,25.435
2580,16.647
2581,38.545
2582,22.094
2583,25.98
2584,22.844
2585,46.74
2586,69.116
2587,73.1
2588,24.319
2589,47.241
2590,41.918
2591,31.83
2592,6.9804
2593,17.125
2594,21.31
2595,22.729
2596,8.5611
2597,2.0873
2598,6.6023
2599,1.4905
2600,0
2601,0
2602,0
2603,0
2604,0
2605,0
2606,0
2607,0
2608,0
2609,0
2610,53.369
2611,99.133
2612,55.317
2613,100.91
2614,117.28
2615,36.339
2616,18.621
2617,58.746
2618,49.702
2619,48.481
2620,58.906
2621,59.015
2622,54.417
2623,33.178
2624,4.6873
2625,0
2626,0
2627,0
2628,0
2629,0
2630,0
2631,0
2632,0
2633,0
2634,0.82088
2635,8.4942
2636,8.5779
2637,45.754
2638,101.41
2639,6.1863
2640,9.4995
2641,53.961
2642,37.144
2643,15.569
2644,53.063
2645,26.251
2646,79.135
2647,45.734
2648,49.23
2649,0
2650,0
2651,0
2652,0
2653,0
2654,0
2655,0
2656,0
2657,1.9326
2658,50.826
2659,63.539
2660,121.73
2661,216.08
2662,62.235
2663,40.847
2664,19.532
2665,49.22
2666,24.644
2667,23.855
2668,19.41
2669,24.23
2670,50.386
2671,28.516
2672,0
2673,0
2674,0
2675,0
2676,0
2677,0
2678,0
2679,0
2680,0
2681,29.121
2682,82.73
2683,109.86
2684,122.23
2685,87.827
2686,48.581
2687,40.042
2688,40.785
2689,40.931
2690,44.718
2691,42.152
2692,41.193
2693,44.14
2694,73.688
2695,54.543
2696,6.602
2697,0
2698,0
2699,0
2700,0
2701,0
2702,0
2703,0
2704,7.6299
2705,27.903
2706,39.877
2707,60.959
2708,68.283
2709,85.068
2710,58.003
2711,61.95
2712,35.352
2713,33.437
2714,32.771
2715,32.807
2716,36.542
2717,42.862
2718,70.266
2719,31.693
2720,15.938
2721,16.721
2722,7.0562
2723,0
2724,0
2725,0
2726,15.213
2727,15.62
2728,26.567
2729,53.951
2730,71.008
2731,73.135
2732,44.08
2733,91.686
2734,35.586
2735,45.022
2736,32.811
2737,29.201
2738,26.995
2739,26.34
2740,26.135
2741,28.415
2742,73.269
2743,39.57
2744,44.563
2745,38.984
2746,13.199
2747,17.218
2748,15.324
2749,21.057
2750,25.022
2751,18.326
2752,17.563
2753,60.177
2754,87.205
2755,86.789
2756,80.369
2757,91.838
2758,65.212
2759,59.228
2760,25.446
2761,80.857
2762,46.017
2763,40.242
2764,39.795
2765,68.961
2766,68.898
2767,50.541
2768,36.9
2769,9.2016
2770,16.328
2771,0
2772,0
2773,0
2774,0
2775,0
2776,0
2777,0
2778,24.172
2779,26.565
2780,36.724
2781,54.382
2782,33.463
2783,28.84
2784,29.889
2785,69.146
2786,56.414
2787,78.035
2788,96.402
2789,53.781
2790,45.001
2791,11.54
2792,0
2793,0
2794,0
2795,0
2796,0
2797,0
2798,0
2799,0
2800,0
2801,6.7728
2802,65.256
2803,77.125
2804,63.895
2805,94.483
2806,117.02
2807,38.543
2808,38.81
2809,49.049
2810,31.81
2811,77.85
2812,87.888
2813,77.994
2814,105.82
2815,100.39
2816,31.954
2817,21.636
2818,27.234
2819,0
2820,7.3566
2821,9.3554
2822,6.9411
2823,3.5421
2824,8.4707
2825,33.238
2826,69.191
2827,70.41
2828,105.77
2829,98.833
2830,94.324
2831,56.119
2832,40.503
2833,55.173
2834,58.08
2835,42.161
2836,48.95
2837,46.86
2838,96.301
2839,68.562
2840,25.34
2841,19.481
2842,19.082
2843,22.23
2844,22.101
2845,24.099
2846,24.226
2847,21.476
2848,19.783
2849,22.617
2850,61.988
2851,72.443
2852,48.134
2853,57.647
2854,149.49
2855,22.36
2856,23.463
2857,24.961
2858,23.886
2859,24.061
2860,25.451
2861,28.825
2862,62.862
2863,28.108
2864,24.578
2865,25.222
2866,50.188
2867,20.487
2868,16.921
2869,12.886
2870,11.068
2871,13.689
2872,14.887
2873,27.932
2874,63.869
2875,72.389
2876,90.072
2877,108.16
2878,36.088
2879,31.843
2880,30.988
2881,19.055
2882,24.424
2883,33.624
2884,33.21
2885,63.366
2886,87.84
2887,63.408
2888,29.489
2889,26.07
2890,23.076
2891,19.026
2892,0
2893,13.617
2894,8.4668
2895,13.492
2896,16.273
2897,29.675
2898,74.016
2899,62.969
2900,83.946
2901,86.906
2902,47.055
2903,35.449
2904,31.449
2905,26.409
2906,29.022
2907,26.708
2908,31.341
2909,69.074
2910,70.514
2911,83.508
2912,7.1363
2913,0
2914,4.111
2915,0
2916,0
2917,0
2918,0
2919,0
2920,0
2921,11.639
2922,38.737
2923,73.353
2924,40.343
2925,49.949
2926,82.732
2927,66.844
2928,49.207
2929,57.477
2930,33.428
2931,32.812
2932,53.106
2933,60.936
2934,56.189
2935,20.715
2936,6.9184
2937,6.5728
2938,0
2939,0
2940,0
2941,0
2942,0
2943,0
2944,0
2945,20.453
2946,39.49
2947,78.555
2948,67.919
2949,94.848
2950,99.629
2951,49.041
2952,61.804
2953,47.628
2954,52.821
2955,42.301
2956,44.876
2957,41.399
2958,51.854
2959,15.269
2960,0
2961,0
2962,0
2963,0
2964,0
2965,0
2966,0
2967,0
2968,0
2969,0.86121
2970,39.43
2971,76.845
2972,110.85
2973,88.661
2974,112.86
2975,44.158
2976,33.008
2977,32.997
2978,23.365
2979,23.582
2980,44.306
2981,70.894
2982,60.414
2983,109.32
2984,36.258
2985,20.397
2986,0
2987,0
2988,0
2989,0
2990,0
2991,0
2992,9.0979
2993,62.232
2994,46.324
2995,57.697
2996,88.412
2997,116.45
2998,111.96
2999,36.032
3000,30.123
3001,38.232
3002,22.439
3003,16.753
3004,18.396
3005,25.421
3006,62.448
3007,42.46
3008,23.451
3009,8.5743
3010,0.91561
3011,8.5026
3012,0
3013,0
3014,0
3015,0
3016,0
3017,28.987
3018,38.101
3019,79.633
3020,68.335
3021,120.84
3022,38.787
3023,32.695
3024,28.48
3025,30.679
3026,48.852
3027,32.183
3028,37.193
3029,49.836
3030,58.751
3031,58.494
3032,32.835
3033,22.237
3034,12.96
3035,0
3036,0
3037,0
3038,0
3039,4.3004
3040,15.665
3041,27.803
3042,40.318
3043,66.681
3044,47.977
3045,102.7
3046,101.73
3047,25.136
3048,16.899
3049,34.988
3050,29.39
3051,31.682
3052,37.941
3053,55.534
3054,64.245
3055,55.969
3056,40.972
3057,37.09
3058,11.155
3059,0
3060,0
3061,0
3062,0
3063,0
3064,0
3065,24.392
3066,72.22
3067,82.021
3068,44.605
3069,48.472
3070,34.871
3071,24.519
3072,19.038
3073,21.082
3074,21.798
3075,28.146
3076,25.283
3077,46.811
3078,54.413
3079,47.623
3080,1.5126
3081,0
3082,12.861
3083,0
3084,0
3085,197.09
3086,0
3087,0
3088,0
3089,11.336
3090,29.652
3091,66.471
3092,35.858
3093,64.434
3094,79.827
3095,78.456
3096,22.34
3097,70.481
3098,33.629
3099,37.087
3100,76.588
3101,60.631
3102,64.508
3103,0.24849
3104,0
3105,0
3106,0
3107,0
3108,0
3109,0
3110,0
3111,0
3112,0
3113,16.255
3114,47.965
3115,48.227
3116,33.796
3117,50.461
3118,53.091
3119,28.166
3120,23.715
3121,36.609
3122,37.226
3123,48.122
3124,57.558
3125,62.715
3126,40.685
3127,5.3365
3128,0
3129,0
3130,0
3131,0
3132,0
3133,0
3134,0
3135,0
3136,0
3137,0.75555
3138,47.353
3139,79.91
3140,77.605
3141,49.908
3142,48.667
3143,18.124
3144,16.393
3145,16.521
3146,26.325
3147,30.064
3148,25.953
3149,18.334
3150,23.445
3151,22.947
3152,17.384
3153,19.815
3154,0
3155,0
3156,0
3157,0
3158,0
3159,0
3160,4.7902
3161,9.1437
3162,24.066
3163,94.389
3164,90.121
3165,37.226
3166,43.002
3167,25.947
3168,22.912
3169,31.179
3170,24.268
3171,33.582
3172,26.546
3173,29.889
3174,39.084
3175,32.687
3176,39.959
3177,11.804
3178,0
3179,0
3180,0
3181,0
3182,0
3183,0
3184,0
3185,21.425
3186,31.479
3187,66.125
3188,88.121
3189,75.01
3190,75.529
3191,46.938
3192,33.92
3193,39.741
3194,44.277
3195,39.402
3196,36.421
3197,32.336
3198,42.759
3199,29.782
3200,0
3201,0
3202,0
3203,0
3204,0
3205,0
3206,0
3207,3.7455
3208,19.931
3209,57.548
3210,79.362
3211,120.95
3212,186.14
3213,50.14
3214,69.797
3215,32.172
3216,29.461
3217,24.074
3218,23.705
3219,22.195
3220,24.817
3221,32.694
3222,41.1
3223,35.611
3224,29.033
3225,27.964
3226,9.63
3227,23.69
3228,23.135
3229,19.463
3230,19.343
3231,16.889
3232,21.886
3233,38.994
3234,88.634
3235,57.965
3236,68.822
3237,102.54
3238,33.221
3239,27.057
3240,13.153
3241,25.633
3242,23.741
3243,25.508
3244,23.604
3245,34.647
3246,52.419
3247,32.393
3248,29.789
3249,23.732
3250,0
3251,0.82194
3252,0
3253,0
3254,1.9474
3255,4.5507
3256,29.902
3257,66.121
3258,123.94
3259,31.235
3260,38.468
3261,66.273
3262,39.31
3263,27.564
3264,0
3265,27.18
3266,52.254
3267,40.695
3268,33.558
3269,30.092
3270,10.794
3271,7.6676
3272,0
3273,0.63262
3274,0
3275,0
3276,0
3277,0
3278,0
3279,0
3280,0
3281,24.512
3282,64.503
3283,59.431
3284,56.556
3285,48.772
3286,129.31
3287,23.553
3288,7.7519
3289,28.965
3290,29.495
3291,28.775
3292,13.103
3293,15
3294,18.354
3295,0
3296,0
3297,0
3298,0
3299,0
3300,0
3301,0
3302,0
3303,0
3304,20.188
3305,36.963
3306,41.665
3307,113.78
3308,78.739
3309,106.27
3310,116.91
3311,45.31
3312,40.538
3313,25.889
3314,29.557
3315,28.366
3316,29.374
3317,31.856
3318,74.48
3319,61.944
3320,47.519
3321,30.522
3322,24.45
3323,23.603
3324,12.501
3325,20.248
3326,20.153
3327,18.852
3328,30.3
3329,30.349
3330,70.163
3331,62.256
3332,44.212
3333,80.176
3334,103.91
3335,62.24
3336,27.279
3337,30.903
3338,34.14
3339,35.668
3340,36.106
3341,42.641
3342,62.308
3343,40.96
3344,27.555
3345,20.198
3346,18.618
3347,14.299
3348,6.0172
3349,9.7234
3350,11.711
3351,9.406
3352,20.065
3353,35.216
3354,51.227
3355,309.68
3356,64.805
3357,115.24
3358,28.265
3359,45.188
3360,25.885
3361,29.794
3362,33.478
3363,29.873
3364,28.661
3365,25.068
3366,29.597
3367,37.515
3368,31.992
3369,29.626
3370,16.382
3371,10.109
3372,15.631
3373,14.54
3374,15.63
3375,24.236
3376,54.535
3377,31.948
3378,80.965
3379,43.228
3380,84.253
3381,135.53
3382,60.81
3383,32.222
3384,29.976
3385,33.209
3386,33.463
3387,33.275
3388,34.851
3389,46.226
3390,46.719
3391,34.214
3392,34.249
3393,27.945
3394,20.263
3395,18.734
3396,20.997
3397,24.66
3398,22.11
3399,21.974
3400,40.737
3401,34.309
3402,34.692
3403,36.948
3404,37.015
3405,49.855
3406,45.025
3407,29.397
3408,28.006
3409,30.887
3410,31.405
3411,29.826
3412,28.833
3413,30.757
3414,39.122
3415,33.829
3416,31.784
3417,25.607
3418,21.245
3419,5.9384
3420,8.5017
3421,11.213
3422,19.236
3423,29.34
3424,39.548
3425,49.416
3426,106.54
3427,37.628
3428,31.992
3429,36.956
3430,36.602
3431,28.385
3432,16.27
3433,20.317
3434,21.864
3435,30.868
3436,26.919
3437,23.551
3438,23.021
3439,0.25137
3440,0
3441,0
3442,0
3443,0
3444,0
3445,0
3446,0
3447,0
3448,1.7129
3449,26.172
3450,47.312
3451,114.75
3452,62.87
3453,56.311
3454,42.461
3455,32.713
3456,17.377
3457,9.663
3458,20.442
3459,21.164
3460,15.527
3461,18.221
3462,18.966
3463,20.564
3464,16.874
3465,15.018
3466,12.121
3467,13.899
3468,17.018
3469,15.414
3470,16.213
3471,11.1
3472,9.1826
3473,66.883
3474,60.503
3475,66.239
3476,24.514
3477,36.969
3478,101.57
3479,257.37
3480,81.671
3481,39.959
3482,11.996
3483,28.277
3484,26.33
3485,47.258
3486,66.874
3487,62.962
3488,48.472
3489,6.0668
3490,0
3491,0
3492,17.317
3493,0
3494,0
3495,0
3496,0
3497,0.066973
3498,102.98
3499,94.053
3500,41.928
3501,99.945
3502,64.772
3503,15.245
3504,0
3505,6.9099
3506,0
3507,2.1312
3508,16.446
3509,27.551
3510,28.256
3511,41.279
3512,0
3513,0
3514,0
3515,0
3516,0
3517,0
3518,0
3519,0
3520,0
3521,47.29
3522,80.864
3523,89.706
3524,56.415
3525,121.03
3526,125.6
3527,83.95
3528,40.973
3529,34.119
3530,52.674
3531,62.547
3532,63.018
3533,70.726
3534,69.977
3535,57.547
3536,93.622
3537,43.557
3538,18.076
3539,6.7552
3540,8.1077
3541,40.258
3542,11.463
3543,15.116
3544,27.543
3545,31.402
3546,30.67
3547,43.1
3548,84.37
3549,98.737
3550,58.429
3551,24.974
3552,22.073
3553,32.427
3554,28.688
3555,20.36
3556,13.507
3557,13.625
3558,12.187
3559,4.5429
3560,18.746
3561,0
3562,0
3563,0
3564,0
3565,0
3566,0
3567,0
3568,2.2396
3569,19.846
3570,52.29
3571,94.5
3572,91.641
3573,183.02
3574,93.059
3575,31.926
3576,3.0115
3577,2.3287
3578,9.4744
3579,11.268
3580,21.304
3581,34.737
3582,42.511
3583,31.184
3584,21.848
3585,10.096
3586,0
3587,0
3588,0
3589,0
3590,0
3591,0
3592,0
3593,10.846
3594,5.488
3595,2.3203
3596,15.834
3597,22.974
3598,24.294
3599,6.0969
3600,14.503
3601,9.8515
3602,7.3963
3603,9.3786
3604,10.361
3605,11.192
3606,8.8454
3607,8.0803
3608,0
3609,0
3610,0
3611,0
3612,0
3613,0
3614,0
3615,0
3616,0
3617,0
3618,0
3619,10.68
3620,0
3621,10.405
3622,39.881
3623,246.54
3624,0
3625,21.782
3626,20.114
3627,18.11
3628,14.17
3629,15.996
3630,13.151
3631,0
3632,0
3633,0
3634,0
3635,0
3636,0
3637,0
3638,0
3639,0
3640,0
3641,0
3642,0.64443
3643,9.0849
3644,13.087
3645,67.868
3646,11.388
3647,11.462
3648,30.66
3649,43.481
3650,53.908
3651,43.049
3652,38.546
3653,54.671
3654,20.849
3655,1.0703
3656,0
3657,0
3658,0
3659,0
3660,0
3661,0
3662,0
3663,0
3664,0
3665,23.063
3666,51.397
3667,54.421
3668,84.531
3669,105.32
3670,104.41
3671,54.24
3672,44.084
3673,34.767
3674,31.521
3675,34.027
3676,35.406
3677,42.18
3678,75.354
3679,26.944
3680,23.497
3681,17.061
3682,0
3683,0
3684,0
3685,0
3686,0
3687,0
3688,13.542
3689,42.558
3690,37.834
3691,125.53
3692,116.97
3693,82.087
3694,61.347
3695,34.139
3696,36.142
3697,33.58
3698,31.368
3699,34.152
3700,32.593
3701,36.549
3702,39.165
3703,39.525
3704,13.278
3705,20.895
3706,16.848
3707,10.374
3708,4.0381
3709,10.31
3710,17.24
3711,19.11
3712,31.303
3713,62.16
3714,99.775
3715,62.048
3716,35.375
3717,98.077
3718,98.199
3719,33.459
3720,27.718
3721,31.213
3722,30.954
3723,38.046
3724,38.577
3725,34.674
3726,33.946
3727,35.459
3728,28.781
3729,28.873
3730,17.194
3731,19.809
3732,25.171
3733,20.517
3734,31.562
3735,56.792
3736,30.843
3737,34.361
3738,77.358
3739,116.37
3740,86.325
3741,55.685
3742,35.24
3743,30.106
3744,28.32
3745,64.605
3746,43.73
3747,55.868
3748,61.923
3749,64.908
3750,41.54
3751,33.029
3752,31.421
3753,19.173
3754,21.767
3755,20.7
3756,18.246
3757,17.37
3758,16.52
3759,14.606
3760,41.338
3761,30.831
3762,67.447
3763,60.148
3764,63.33
3765,41.114
3766,63.433
3767,28.799
3768,24.864
3769,26.871
3770,34.648
3771,40.724
3772,38.282
3773,35.592
3774,37.071
3775,23.596
3776,28.44
3777,18.433
3778,15.479
3779,11.295
3780,7.6733
3781,2.6422
3782,8.9668
3783,17.758
3784,32.65
3785,36.082
3786,54.527
3787,97.444
3788,35.967
3789,66.258
3790,36.759
3791,34.709
3792,25.758
3793,36.66
3794,34.374
3795,32.612
3796,29.724
3797,25.901
3798,28.735
3799,0
3800,0
3801,0
3802,254.24
3803,0
3804,0
3805,0
3806,0
3807,3.9242
3808,8.0015
3809,12.615
3810,28.938
3811,68.036
3812,38.848
3813,337.22
3814,53.05
3815,25.648
3816,18.05
3817,25.846
3818,27.742
3819,28.248
3820,34.347
3821,34.823
3822,33.46
3823,43.723
3824,47.138
3825,30.065
3826,20.243
3827,11.99
3828,15.542
3829,12.401
3830,13.484
3831,11.597
3832,14.895
3833,30.19
3834,60.919
3835,141.31
3836,85.676
3837,57.161
3838,70.466
3839,68.878
3840,24.675
3841,29.939
3842,44.615
3843,65.331
3844,68.733
3845,67.259
3846,65.605
3847,69.723
3848,35.518
3849,49.45
3850,64.282
3851,31.025
3852,32.624
3853,19.723
3854,25.959
3855,34.258
3856,34.071
3857,31.898
3858,58.422
3859,30.641
3860,28.031
3861,37.488
3862,37.355
3863,27.882
3864,22.315
3865,24.69
3866,11.293
3867,34.191
3868,62.687
3869,91.519
3870,55.758
3871,108.18
3872,30.629
3873,24.803
3874,20.28
3875,20.096
3876,16.163
3877,15.161
3878,21.169
3879,48.163
3880,52.63
3881,50.782
3882,35.072
3883,26.643
3884,70.625
3885,94.322
3886,82.237
3887,55.761
3888,24.972
3889,28.923
3890,27.594
3891,32.836
3892,43.519
3893,46.864
3894,42.636
3895,54.194
3896,29.313
3897,26.906
3898,9.1307
3899,1.0232
3900,10.221
3901,10.654
3902,11.468
3903,9.357
3904,15.38
3905,59.321
3906,50.533
3907,48.313
3908,63.132
3909,62.611
3910,101.14
3911,38.199
3912,30.439
3913,31.589
3914,34.215
3915,58.583
3916,62.798
3917,71.617
3918,61.563
3919,57.3
3920,60.67
3921,27.649
3922,14.607
3923,24.382
3924,0
3925,13.337
3926,14.921
3927,14.85
3928,23.439
3929,32.418
3930,97.512
3931,62.364
3932,96.44
3933,60.981
3934,35.458
3935,34.304
3936,14.236
3937,47.354
3938,47.969
3939,47.036
3940,50.257
3941,72.026
3942,50.946
3943,0.33445
3944,0
3945,0
3946,0
3947,0
3948,0
3949,0
3950,0
3951,0
3952,0
3953,1.1595
3954,20.847
3955,58.365
3956,44.08
3957,35.593
3958,66.422
3959,32.159
3960,55.05
3961,58.603
3962,55.019
3963,71.209
3964,53.546
3965,51.489
3966,13.665
3967,7.1575
3968,6.8599
3969,0
3970,0
3971,0
3972,0
3973,0
3974,0
3975,0
3976,0
3977,52.45
3978,74.845
3979,86.602
3980,49.459
3981,41.677
3982,66.606
3983,40.86
3984,43.741
3985,41.639
3986,51.153
3987,73.188
3988,61.806
3989,89.56
3990,59.918
3991,80.702
3992,61.352
3993,46.309
3994,11.673
3995,8.793
3996,1.1318
3997,11.007
3998,32.591
3999,32.305
4000,29.435
4001,32.336
4002,29.752
4003,97.141
4004,62.456
4005,40.236
4006,39.464
4007,67.308
4008,25.397
4009,29.146
4010,64.908
4011,53.694
4012,33.018
4013,69.093
4014,326.66
4015,65.645
4016,49.463
4017,4.5569
4018,17.098
4019,20.901
4020,14.088
4021,10.594
4022,18.865
4023,8.6469
4024,8.7122
4025,28.819
4026,34.343
4027,40.463
4028,32.126
4029,39.314
4030,30.656
4031,28.582
4032,13.096
4033,34.452
4034,41.208
4035,63.841
4036,66.535
4037,81.106
4038,40.966
4039,31.327
4040,15.082
4041,0
4042,0
4043,0
4044,196.66
4045,0
4046,0
4047,0
4048,1.9304
4049,25.249
4050,32.097
4051,68.471
4052,35.871
4053,50.604
4054,35.148
4055,20.426
4056,12.923
4057,37.66
4058,44.015
4059,55.295
4060,64.309
4061,60.167
4062,36.061
4063,47.568
4064,22.206
4065,0
4066,0
4067,0
4068,0
4069,0
4070,0
4071,0
4072,20.237
4073,33.861
4074,38.485
4075,49.499
4076,69.16
4077,54.351
4078,116.75
4079,34.466
4080,29.878
4081,36.454
4082,65.411
4083,65.743
4084,79.746
4085,65.15
4086,29.651
4087,30.938
4088,14
4089,6.1015
4090,3.5104
4091,1.487
4092,5.2145
4093,0
4094,19.059
4095,0
4096,50.117
4097,27.317
4098,76.412
4099,112.41
4100,58.219
4101,74.154
4102,70.133
4103,40.943
4104,30.416
4105,30.103
4106,30.605
4107,37.978
4108,42.08
4109,38.163
4110,302.88
4111,22.856
4112,18.471
4113,12.011
4114,7.2186
4115,2.8475
4116,1.3385
4117,2.8675
4118,12.39
4119,10.738
4120,20.442
4121,24.653
4122,26.593
4123,54.234
4124,31.182
4125,86.836
4126,106.47
4127,41.081
4128,27.714
4129,35.858
4130,60.214
4131,63.901
4132,37.333
4133,37.353
4134,39.284
4135,34.413
4136,19.162
4137,0
4138,0
4139,0
4140,0
4141,0
4142,0
4143,39.083
4144,25.302
4145,36.187
4146,37.588
4147,112.06
4148,46.436
4149,41.189
4150,62.478
4151,59.641
4152,33.491
4153,38.632
4154,37.149
4155,37.507
4156,38.663
4157,39.898
4158,35.982
4159,41.359
4160,35.331
4161,20.057
4162,10.828
4163,9.6461
4164,6.9118
4165,5.516
4166,7.4369
4167,11.164
4168,12.584
4169,28.935
4170,37.708
4171,60.227
4172,64.042
4173,39.44
4174,52.046
4175,36.575
4176,33.17
4177,29.457
4178,42.268
4179,29.195
4180,31.995
4181,60.871
4182,63.956
4183,61.979
4184,48.445
4185,29.5
4186,16.783
4187,23.599
4188,10.553
4189,7.4946
4190,14.021
4191,13.439
4192,16.391
4193,26.897
4194,29.62
4195,96.431
4196,101.52
4197,112.01
4198,65.334
4199,49.252
4200,29.003
4201,25.798
4202,35.419
4203,55.059
4204,57.527
4205,28.528
4206,35.047
4207,46.171
4208,54.031
4209,47.712
4210,31.896
4211,24.416
4212,23.765
4213,17.16
4214,14.979
4215,13.094
4216,16.748
4217,28.893
4218,54.395
4219,89.355
4220,86.106
4221,240.96
4222,34.953
4223,29.666
4224,27.494
4225,27.173
4226,26.119
4227,29.903
4228,55.363
4229,59.587
4230,62.236
4231,94.404
4232,37.558
4233,37.263
4234,26.841
4235,19.757
4236,17.538
4237,22.317
4238,23.233
4239,20.097
4240,29.308
4241,36.89
4242,65.613
4243,93.824
4244,59.327
4245,118.73
4246,102.35
4247,36.521
4248,36.544
4249,37.358
4250,39.197
4251,35.428
4252,27.842
4253,27.811
4254,27.917
4255,30.738
4256,29.819
4257,27.69
4258,70.091
4259,25.697
4260,27.658
4261,40.175
4262,45.874
4263,24.984
4264,43.146
4265,40.519
4266,80.24
4267,63.854
4268,63.908
4269,106.4
4270,74.069
4271,83.962
4272,40.061
4273,29.022
4274,29.081
4275,28.769
4276,60.893
4277,61.57
4278,34.737
4279,230.61
4280,27.691
4281,37.154
4282,21.928
4283,14.636
4284,20.625
4285,20.019
4286,19.857
4287,25.134
4288,51.215
4289,28.796
4290,34.674
4291,103.51
4292,71.058
4293,96.129
4294,71.047
4295,38.4
4296,58.924
4297,30.201
4298,289.97
4299,29.722
4300,56.728
4301,42.713
4302,33.857
4303,21.543
4304,35.043
4305,30.75
4306,23.71
4307,15.433
4308,21.21
4309,19.969
4310,19.184
4311,19.974
4312,30.18
4313,36.861
4314,64.729
4315,87.08
4316,191.23
4317,109.51
4318,50.803
4319,58.3
4320,40.543
4321,27.843
4322,27.579
4323,27.712
4324,33.002
4325,49.168
4326,63.627
4327,63.178
4328,63.35
4329,62.346
4330,29.747
4331,24.681
4332,27.463
4333,37.379
4334,37.571
4335,27.39
4336,59.269
4337,30.477
4338,69.236
4339,69.983
4340,39.018
4341,84.37
4342,119.43
4343,61.518
4344,36.718
4345,39.312
4346,50.899
4347,22.752
4348,31.316
4349,34.275
4350,57.371
4351,46.891
4352,63.676
4353,57.887
4354,57.659
4355,40.337
4356,29.124
4357,31.876
4358,70.737
4359,65.257
4360,82.139
4361,97.964
4362,133.53
4363,84.718
4364,80.084
4365,73.735
4366,38.729
4367,31.04
4368,21.7
4369,24.174
4370,28.032
4371,35.282
4372,30.201
4373,38.272
4374,53.398
4375,46.302
4376,54.768
4377,56.697
4378,42.888
4379,23.236
4380,23.781
4381,22.734
4382,26.551
4383,26.592
4384,28.129
4385,45.439
4386,81.546
4387,99.189
4388,106.52
4389,106.9
4390,91.567
4391,35.02
4392,27.836
4393,27.094
4394,28.619
4395,29.275
4396,28.872
4397,30.53
4398,26.803
4399,43.768
4400,39.232
4401,30.823
4402,29.376
4403,26.266
4404,25.973
4405,21.786
4406,24.199
4407,28.654
4408,64.527
4409,37.644
4410,133.65
4411,52.602
4412,81.548
4413,79.133
4414,58.166
4415,36.852
4416,62.809
4417,31.792
4418,36.328
4419,34.53
4420,32.884
4421,32.697
4422,32.093
4423,32.209
4424,32.215
4425,52.354
4426,40.895
4427,30.53
4428,25.172
4429,20.01
4430,22.046
4431,29.114
4432,40.925
4433,34.22
4434,35.642
4435,99.571
4436,42.439
4437,37.91
4438,37.399
4439,36.109
4440,29.497
4441,53.153
4442,58.972
4443,58.707
4444,68.586
4445,62.124
4446,62.552
4447,50
4448,0
4449,9.8352
4450,12.787
4451,12.491
4452,17.502
4453,14.965
4454,12.275
4455,17
4456,57.091
4457,34.563
4458,53.299
4459,272.77
4460,32.194
4461,31.122
4462,51.16
4463,30.978
4464,26.803
4465,33.606
4466,49.133
4467,49.734
4468,36.098
4469,38.403
4470,29.256
4471,53.71
4472,32.492
4473,3.64
4474,16.04
4475,29.215
4476,38.898
4477,29.346
4478,28.969
4479,36.839
4480,62.712
4481,33.968
4482,80.216
4483,38.171
4484,72.625
4485,81.164
4486,86.434
4487,34.334
4488,28.888
4489,68.942
4490,60.253
4491,37.345
4492,58.414
4493,57.51
4494,69.996
4495,33.677
4496,42.173
4497,37.626
4498,29.132
4499,29.692
4500,28.816
4501,27.037
4502,26.674
4503,30.21
4504,31.975
4505,31.338
4506,58.149
4507,64.349
4508,34.194
4509,49.324
4510,38.17
4511,30.319
4512,29.16
4513,63.59
4514,63.442
4515,64.755
4516,60.53
4517,73.622
4518,82.053
4519,101.95
4520,64.99
4521,30.978
4522,18.134
4523,20.572
4524,22.295
4525,18.791
4526,18.921
4527,21.953
4528,31.933
4529,28.916
4530,28.121
4531,25.777
4532,32.003
4533,39.116
4534,30.322
4535,30.333
4536,29.222
4537,40.506
4538,54.055
4539,55.872
4540,54.043
4541,76.699
4542,91.003
4543,56.733
4544,51.023
4545,34.971
4546,22.377
4547,14.452
4548,17.732
4549,23.721
4550,17.502
4551,17.762
4552,22.844
4553,27.449
4554,79.65
4555,100.69
4556,102.05
4557,108.67
4558,75.003
4559,26.256
4560,25.092
4561,39.287
4562,38.885
4563,32.824
4564,49.793
4565,70.684
4566,36.915
4567,46.507
4568,30.125
4569,29.731
4570,10.651
4571,10.992
4572,25.942
4573,16.358
4574,24.78
4575,24.654
4576,45.509
4577,34.216
4578,84.703
4579,79.583
4580,76.443
4581,56.786
4582,48.901
4583,29.789
4584,26.544
4585,37.5
4586,59.263
4587,63.069
4588,57.343
4589,85.062
4590,88.568
4591,29.677
4592,22.101
4593,21.423
4594,20.654
4595,20.784
4596,19.776
4597,23.34
4598,31.765
4599,24.377
4600,46.846
4601,48.938
4602,81.5
4603,94.196
4604,44.142
4605,220.62
4606,89.434
4607,31.029
4608,22.051
4609,28.88
4610,34.233
4611,30.318
4612,31.149
4613,31.513
4614,54.852
4615,60.463
4616,23.622
4617,22.781
4618,22.91
4619,22.577
4620,22.502
4621,17.656
4622,22.397
4623,23.419
4624,55.259
4625,63.299
4626,64.878
4627,78.662
4628,63.278
4629,72.706
4630,239.79
4631,49.615
4632,26.385
4633,32.973
4634,39.027
4635,38.869
4636,39.535
4637,38.957
4638,33.42
4639,41.984
4640,37.737
4641,15.876
4642,19.661
4643,21.064
4644,24.978
4645,53.349
4646,24.232
4647,31.146
4648,86.216
4649,32.446
4650,35.804
4651,46.886
4652,37.965
4653,46.045
4654,46.41
4655,29.113
4656,27.142
4657,28.966
4658,28.614
4659,29.072
4660,35.633
4661,62.924
4662,44.931
4663,29.849
4664,34.431
4665,37.881
4666,31.251
4667,30.514
4668,29.03
4669,27.468
4670,26.607
4671,28.406
4672,32.686
4673,30.749
4674,39.365
4675,80.485
4676,60.65
4677,50.095
4678,39.371
4679,28.999
4680,24.171
4681,31.641
4682,34.603
4683,37.948
4684,37.254
4685,56.299
4686,59.925
4687,38.666
4688,39.279
4689,27.806
4690,23.512
4691,23.437
4692,22.632
4693,18.805
4694,16.272
4695,18.751
4696,21.627
4697,30.228
4698,33.128
4699,79.992
4700,101.31
4701,62.094
4702,84.351
4703,30.523
4704,26.958
4705,39.175
4706,32.678
4707,32.862
4708,37.362
4709,49.732
4710,42.292
4711,56.577
4712,62.054
4713,29.402
4714,24.855
4715,30.188
4716,22.582
4717,22.117
4718,14.832
4719,18.882
4720,17.621
4721,28.43
4722,32.366
4723,57.354
4724,89.807
4725,50.925
4726,32.804
4727,23.785
4728,22.494
4729,26.646
4730,37.245
4731,81.639
4732,36.239
4733,49.571
4734,37.182
4735,34.34
4736,33.432
4737,25.494
4738,45.425
4739,28.977
4740,28.592
4741,25.819
4742,13.706
4743,26.728
4744,30.791
4745,32.106
4746,51.19
4747,102.08
4748,35.419
4749,53.466
4750,93.136
4751,36.769
4752,31.446
4753,29.459
4754,31.447
4755,32.001
4756,37.68
4757,65.939
4758,46.024
4759,29.144
4760,37.356
4761,29.722
4762,29.379
4763,25.075
4764,26.608
4765,22.067
4766,24.249
4767,25.41
4768,26.468
4769,37.032
4770,83.472
4771,146.3
4772,54.154
4773,101.52
4774,71.449
4775,35.921
4776,27.685
4777,29.483
4778,31.278
4779,36.066
4780,32.022
4781,47.718
4782,45.522
4783,60.482
4784,28.76
4785,27.419
4786,24.482
4787,23.623
4788,20.291
4789,19.913
4790,15.537
4791,21.541
4792,47.942
4793,32.929
4794,58.234
4795,86.568
4796,236.52
4797,71.77
4798,45.776
4799,28.285
4800,24.858
4801,26.258
4802,51.656
4803,30.442
4804,56.622
4805,57.614
4806,59.379
4807,26.964
4808,26.299
4809,17.241
4810,22.025
4811,19.237
4812,21.267
4813,11.708
4814,11.575
4815,19.671
4816,27.307
4817,28.293
4818,64.621
4819,51.635
4820,161.41
4821,43.706
4822,86.859
4823,311.82
4824,25.757
4825,30.139
4826,33.747
4827,58.455
4828,42.113
4829,37.701
4830,39.025
4831,40.196
4832,38.123
4833,32.61
4834,30.176
4835,29.997
4836,29.794
4837,31.892
4838,31.425
4839,55.929
4840,47.266
4841,40.683
4842,80.222
4843,57.924
4844,40.593
4845,73.109
4846,43.005
4847,38.398
4848,32.883
4849,60.828
4850,58.328
4851,60.564
4852,32.665
4853,49.586
4854,80.512
4855,59.646
4856,54.682
4857,33.868
4858,29.078
4859,26.227
4860,25.223
4861,25.659
4862,26.048
4863,29.437
4864,64.224
4865,47.39
4866,44.459
4867,70.855
4868,68.407
4869,98.466
4870,36.987
4871,31.642
4872,27.887
4873,34.569
4874,45.824
4875,31.221
4876,47.469
4877,72.546
4878,88.892
4879,52.975
4880,38.077
4881,24.885
4882,20.428
4883,21.056
4884,22.532
4885,22.816
4886,25.595
4887,29.766
4888,63.305
4889,71.679
4890,100.25
4891,104.54
4892,109.92
4893,118.3
4894,63.339
4895,51.534
4896,25.091
4897,1.6827
4898,0
4899,0
4900,0
4901,0
4902,2.7053
4903,9.781
4904,4.0586
4905,1.2889
4906,0
4907,0
4908,0
4909,0
4910,0
4911,19.877
4912,7.3229
4913,23.411
4914,58.874
4915,47.693
4916,2000
4917,76.768
4918,41.694
4919,40.731
4920,1.0706
4921,41.991
4922,31.921
4923,31.515
4924,46.599
4925,33.057
4926,37.787
4927,40.71
4928,40.126
4929,29.662
4930,28.092
4931,28.914
4932,28.174
4933,27.805
4934,24.922
4935,26.925
4936,62.809
4937,46.231
4938,80.359
4939,90.202
4940,47.797
4941,109.64
4942,99.624
4943,52.046
4944,52.709
4945,13.322
4946,10.934
4947,3.0547
4948,5.032
4949,4.7239
4950,0.54931
4951,0.022965
4952,0
4953,0
4954,0
4955,0
4956,0
4957,0
4958,3.438
4959,9.0716
4960,36.68
4961,45.55
4962,63.915
4963,52.066
4964,44.997
4965,1998.1
4966,61.897
4967,34.627
4968,13.796
4969,45.751
4970,78.682
4971,38.921
4972,26.219
4973,25.489
4974,21.948
4975,21.456
4976,23.443
4977,23.097
4978,23.595
4979,23.023
4980,21.978
4981,22.935
4982,34.276
4983,24.611
4984,81.271
4985,44.216
4986,75.469
4987,75.926
4988,200.45
4989,198.07
4990,100.4
4991,39.004
4992,39.065
4993,38.292
4994,34.672
4995,30.654
4996,31.464
4997,33.648
4998,33.308
4999,46.34
5000,35.879
5001,30.355
5002,28.892
5003,28.768
5004,31.504
5005,32.028
5006,31.61
5007,40.293
5008,64.253
5009,70.884
5010,78.213
5011,87.963
5012,51.77
5013,90.986
5014,70.39
5015,57.17
5016,39.735
5017,23.778
5018,20.431
5019,23.017
5020,50.35
5021,55.403
5022,64.723
5023,64.759
5024,57.838
5025,30.817
5026,25.378
5027,54.773
5028,31.414
5029,22.158
5030,22.449
5031,49.42
5032,81.446
5033,69.082
5034,189.56
5035,95.141
5036,106.71
5037,118.98
5038,70.312
5039,49.322
5040,26.081
5041,33.184
5042,30.631
5043,30.271
5044,30.884
5045,29.984
5046,32.403
5047,66.193
5048,46.469
5049,30.118
5050,26.352
5051,26.506
5052,26.879
5053,26.991
5054,27.224
5055,30.388
5056,41.384
5057,76.928
5058,61.898
5059,76.947
5060,73.404
5061,60.459
5062,67.44
5063,52.602
5064,29.576
5065,29.837
5066,30.03
5067,29.502
5068,30.58
5069,35.364
5070,41.79
5071,56.453
5072,45.215
5073,35.211
5074,31.307
5075,31.048
5076,29.527
5077,26.875
5078,25.121
5079,27.549
5080,29.854
5081,31.181
5082,32.582
5083,52.758
5084,78.112
5085,151.72
5086,41.893
5087,38.444
5088,31.096
5089,32.495
5090,33.065
5091,34.529
5092,31.865
5093,30.766
5094,33.769
5095,31.505
5096,32.795
5097,30.86
5098,30.493
5099,29.207
5100,26.41
5101,20.33
5102,18.889
5103,23.385
5104,45.725
5105,34.558
5106,45.481
5107,76.734
5108,65.541
5109,59.618
5110,77.48
5111,33.497
5112,28.928
5113,68.216
5114,43.89
5115,62.825
5116,62.207
5117,70.669
5118,62.08
5119,57.696
5120,33.897
5121,27.131
5122,26.062
5123,26.024
5124,24.849
5125,23.069
5126,21.941
5127,24.597
5128,26.126
5129,26.084
5130,34.314
5131,67.952
5132,72.57
5133,112.81
5134,61.111
5135,31.554
5136,27.57
5137,33.253
5138,35.806
5139,34.505
5140,35.03
5141,41.953
5142,36.846
5143,34.972
5144,30.712
5145,28.95
5146,23.058
5147,22.04
5148,20.932
5149,19.548
5150,15.268
5151,21.208
5152,22.507
5153,30.819
5154,31.317
5155,33.725
5156,36.075
5157,86.986
5158,45.693
5159,33.861
5160,31.072
5161,52.28
5162,32.705
5163,27.819
5164,28.843
5165,29.301
5166,40.192
5167,68.082
5168,32.281
5169,52.445
5170,30.719
5171,28.953
5172,27.447
5173,18.812
5174,19.221
5175,22.373
5176,29.507
5177,30.564
5178,42.029
5179,77.454
5180,87.559
5181,70.511
5182,69.422
5183,29.93
5184,26.888
5185,30.757
5186,29.319
5187,29.645
5188,27.384
5189,30.698
5190,36.417
5191,60.433
5192,72.082
5193,31.98
5194,28.285
5195,27.633
5196,24.588
5197,20.381
5198,18.201
5199,20.311
5200,29.619
5201,38.323
5202,54.192
5203,35.484
5204,63.071
5205,74.764
5206,95.042
5207,31.844
5208,26.577
5209,21.25
5210,20.517
5211,20.086
5212,24.749
5213,45.235
5214,55.792
5215,55.312
5216,57.407
5217,42.16
5218,88.327
5219,23.228
5220,30.461
5221,24.539
5222,24.694
5223,41.738
5224,35.788
5225,51.151
5226,70.722
5227,196.16
5228,79.952
5229,102.66
5230,53.327
5231,43.595
5232,25.693
5233,29.657
5234,28.374
5235,31.098
5236,30.725
5237,91.785
5238,87.182
5239,39.666
5240,36.908
5241,28.89
5242,26.707
5243,25.781
5244,27.645
5245,28.789
5246,29.114
5247,29.413
5248,37.537
5249,47.183
5250,81.66
5251,59.596
5252,88.859
5253,72.946
5254,65.113
5255,36.081
5256,38.219
5257,26.363
5258,25.162
5259,24.236
5260,23.557
5261,59.097
5262,63.752
5263,59.371
5264,52.639
5265,28.534
5266,23.303
5267,24.145
5268,12.422
5269,20.648
5270,22.44
5271,33.515
5272,59.683
5273,35.317
5274,69.269
5275,87.683
5276,109.65
5277,124.97
5278,58.037
5279,55.425
5280,25.143
5281,54.056
5282,30.625
5283,31.72
5284,37.835
5285,28.863
5286,28.086
5287,27.327
5288,12.895
5289,28.175
5290,25.949
5291,25.529
5292,26.542
5293,30.122
5294,30.212
5295,31.304
5296,31.285
5297,38.894
5298,36.579
5299,34.589
5300,36.463
5301,94.343
5302,102.3
5303,64.209
5304,31.628
5305,62.596
5306,60.907
5307,70.546
5308,59.218
5309,56.658
5310,36.915
5311,27.02
5312,21.382
5313,26.167
5314,24.755
5315,10.503
5316,16.06
5317,18.794
5318,21.4
5319,28.298
5320,36.087
5321,29.569
5322,70.571
5323,75.186
5324,87.172
5325,84.177
5326,107.47
5327,32.581
5328,26.432
5329,40.901
5330,30.028
5331,27.549
5332,29.097
5333,28.003
5334,34.149
5335,41.071
5336,31.907
5337,29.88
5338,28.876
5339,25.812
5340,24.716
5341,26.382
5342,25.948
5343,32.46
5344,59.735
5345,39.262
5346,68.576
5347,80.34
5348,79.44
5349,161.55
5350,56.693
5351,43.652
5352,29.05
5353,26.617
5354,26.898
5355,26.646
5356,27.894
5357,46.404
5358,31.609
5359,38.274
5360,37.719
5361,30.278
5362,26.131
5363,27.226
5364,25.532
5365,26.955
5366,25.833
5367,60.375
5368,39.376
5369,55.014
5370,88.869
5371,168.03
5372,57.161
5373,91.177
5374,56.308
5375,32.99
5376,24.768
5377,23.096
5378,23.005
5379,33.824
5380,23.007
5381,22.705
5382,23.977
5383,42.582
5384,60.028
5385,32.741
5386,38.223
5387,33.128
5388,24.702
5389,24.086
5390,41.85
5391,38.539
5392,73.246
5393,65.315
5394,102.04
5395,92.108
5396,82.283
5397,139.2
5398,59.886
5399,54.971
5400,28.268
5401,33.879
5402,37.088
5403,36.699
5404,38.908
5405,32.386
5406,52.069
5407,37.257
5408,68.476
5409,30.313
5410,25.92
5411,24.798
5412,25.068
5413,24.266
5414,61.857
5415,46.017
5416,63.893
5417,69.867
5418,130.81
5419,72.225
5420,65.814
5421,63.056
5422,54.374
5423,39.461
5424,29.573
5425,29.274
5426,28.796
5427,36.793
5428,34.624
5429,33.117
5430,31.949
5431,28.563
5432,28.59
5433,26.4
5434,25.476
5435,28.725
5436,27.625
5437,28.801
5438,34.231
5439,25.967
5440,27.588
5441,36.237
5442,74.251
5443,204.06
5444,44.985
5445,92.422
5446,59.911
5447,26.129
5448,25.046
5449,23.715
5450,42.775
5451,49.006
5452,66.843
5453,108.61
5454,166.71
5455,36.309
5456,33.298
5457,39.074
5458,34.458
5459,28.534
5460,19.79
5461,18.517
5462,19.296
5463,24.258
5464,46.563
5465,26.884
5466,29.83
5467,84.332
5468,32.85
5469,62.06
5470,51.098
5471,28.494
5472,24.598
5473,30.806
5474,31.59
5475,30.273
5476,30.891
5477,30.155
5478,33.265
5479,26.582
5480,19.463
5481,28.306
5482,27.428
5483,22.654
5484,22.456
5485,6.6365
5486,22.982
5487,26.483
5488,36.034
5489,32.454
5490,37.327
5491,60.692
5492,39.031
5493,96.839
5494,94.449
5495,37.482
5496,31.052
5497,27.868
5498,25.748
5499,25.916
5500,28.69
5501,32.685
5502,61.811
5503,47.029
5504,28.744
5505,26.98
5506,27.559
5507,60.028
5508,26.11
5509,27.329
5510,29.202
5511,31.607
5512,43.605
5513,69.699
5514,47.075
5515,80.241
5516,78.116
5517,115.95
5518,76.922
5519,34.354
5520,29.597
5521,30.626
5522,27.902
5523,28.11
5524,28.429
5525,37.379
5526,39.483
5527,29.841
5528,33.078
5529,31.02
5530,29.308
5531,31.699
5532,29.005
5533,28.617
5534,28.243
5535,29.383
5536,29.511
5537,31.172
5538,40.683
5539,35.535
5540,73.319
5541,102.22
5542,82.204
5543,39.807
5544,26.987
5545,23.844
5546,24.069
5547,23.914
5548,27.606
5549,33.694
5550,69.012
5551,60.998
5552,34.266
5553,34.872
5554,59.537
5555,27.379
5556,25.752
5557,26.498
5558,25.148
5559,26.258
5560,27.196
5561,34.259
5562,88.737
5563,72.249
5564,78.363
5565,59.7
5566,110.94
5567,42.256
5568,29.995
5569,28.387
5570,30.137
5571,28.549
5572,30.809
5573,50.583
5574,65.418
5575,52.405
5576,37.681
5577,28.466
5578,27.275
5579,23.413
5580,26.841
5581,25.995
5582,25.798
5583,24.829
5584,59.31
5585,28.875
5586,83.993
5587,115.79
5588,82.868
5589,65.985
5590,88.424
5591,49.469
5592,32.959
5593,27.698
5594,28.449
5595,28.985
5596,32.256
5597,43.918
5598,40.34
5599,36.901
5600,33.198
5601,46.042
5602,37.798
5603,25.968
5604,26.297
5605,24.232
5606,22.725
5607,22.879
5608,60.933
5609,64.49
5610,84.401
5611,79.564
5612,81.266
5613,175.74
5614,57.333
5615,51.4
5616,31.543
5617,33.604
5618,33.743
5619,37.351
5620,35.007
5621,36.38
5622,51.485
5623,64.694
5624,30.838
5625,30.425
5626,29.545
5627,24.756
5628,26.469
5629,22.989
5630,25.338
5631,24.656
5632,26.085
5633,30.01
5634,77.725
5635,56.968
5636,87.179
5637,113.83
5638,50.817
5639,37.324
5640,31.032
5641,36.029
5642,35.609
5643,29.652
5644,29.596
5645,31.587
5646,29.912
5647,26.982
5648,16.419
5649,27.629
5650,27.502
5651,21.398
5652,26.378
5653,23.562
5654,22.603
5655,27.111
5656,27.391
5657,29.995
5658,101.66
5659,40.28
5660,86.644
5661,100.06
5662,108.66
5663,34.142
5664,30.72
5665,32.862
5666,41.884
5667,32.504
5668,41.431
5669,39.556
5670,45.512
5671,43.004
5672,33.31
5673,30.791
5674,29.698
5675,27.618
5676,27.106
5677,28.556
5678,30.986
5679,31.379
5680,37.95
5681,59.456
5682,90.513
5683,72.264
5684,87.802
5685,109.16
5686,54.005
5687,30.198
5688,25.938
5689,26.685
5690,34.816
5691,45.942
5692,41.17
5693,32.514
5694,57.954
5695,31.795
5696,30.926
5697,27.816
5698,29.39
5699,27.943
5700,28.46
5701,27.347
5702,27.579
5703,41.254
5704,75.011
5705,95.526
5706,106.43
5707,94.942
5708,91.379
5709,62.984
5710,55.463
5711,34.508
5712,27.952
5713,35.455
5714,32.024
5715,29.657
5716,28.803
5717,29.846
5718,40.901
5719,28.652
5720,35.271
5721,27.414
5722,26.255
5723,28.312
5724,26.806
5725,59.289
5726,33.91
5727,55.046
5728,69.859
5729,71.911
5730,123.35
5731,116.86
5732,54.307
5733,77.194
5734,46.643
5735,27.167
5736,26.085
5737,26.866
5738,35.211
5739,30.003
5740,34.949
5741,28.373
5742,64.694
5743,59.989
5744,58.762
5745,31.938
5746,25.993
5747,25.653
5748,26.568
5749,26.183
5750,28.122
5751,25.93
5752,37.005
5753,69.459
5754,92.256
5755,169.3
5756,39.193
5757,60.397
5758,64.935
5759,29.889
5760,24.822
5761,26.076
5762,27.178
5763,27.045
5764,27.102
5765,54.182
5766,62.092
5767,38.007
5768,46.042
5769,44.382
5770,28.766
5771,24.504
5772,26.751
5773,26.805
5774,25.341
5775,26.793
5776,30.262
5777,36.567
5778,75.273
5779,78.732
5780,84.45
5781,99.986
5782,106.31
5783,42.217
5784,28.859
5785,32.863
5786,32.569
5787,30.469
5788,29.871
5789,32.053
5790,42.74
5791,29.96
5792,15.945
5793,29.515
5794,24.663
5795,26.366
5796,27.278
5797,25.858
5798,24.546
5799,26.194
5800,30.437
5801,32.865
5802,42.236
5803,53.106
5804,117.72
5805,71.227
5806,37.221
5807,31.661
5808,30.51
5809,49.509
5810,34.401
5811,26.396
5812,29.722
5813,38.599
5814,61.101
5815,25.687
5816,27.864
5817,25.941
5818,20.07
5819,19.018
5820,24.893
5821,24.998
5822,26.028
5823,27.315
5824,31.996
5825,52.754
5826,80.155
5827,76.465
5828,92.222
5829,132.53
5830,42.688
5831,46.822
5832,35.937
5833,31.523
5834,28.395
5835,28.97
5836,28.695
5837,127.79
5838,29.873
5839,33.163
5840,25.936
5841,26.932
5842,26.302
5843,24.624
5844,25.643
5845,25.287
5846,26.373
5847,32.64
5848,70.151
5849,90.767
5850,85.33
5851,55.828
5852,47.475
5853,83.253
5854,49.113
5855,33.496
5856,26.776
5857,27.373
5858,25.099
5859,24.552
5860,24.707
5861,27.244
5862,35.687
5863,32.511
5864,33.201
5865,26.654
5866,31.232
5867,24.221
5868,21.9
5869,24.929
5870,29.408
5871,26.665
5872,30.086
5873,27.08
5874,36.421
5875,39.814
5876,55.608
5877,83.199
5878,110.79
5879,57.574
5880,36.812
5881,25.851
5882,27.963
5883,20.828
5884,23.513
5885,24.04
5886,85.518
5887,60.04
5888,36.362
5889,28.433
5890,21.952
5891,14.259
5892,14.712
5893,13.656
5894,15.177
5895,21.545
5896,28.178
5897,28.213
5898,75.692
5899,93.155
5900,90.954
5901,103.35
5902,41.861
5903,41.645
5904,43.643
5905,26.391
5906,26.398
5907,23.584
5908,31.475
5909,24.123
5910,55.033
5911,32.974
5912,29.964
5913,25.082
5914,21.864
5915,16.162
5916,19.53
5917,18.77
5918,19.912
5919,23.009
5920,52.857
5921,57.554
5922,74.67
5923,63.881
5924,125.47
5925,109.47
5926,78.057
5927,48.641
5928,33.126
5929,34.913
5930,48.313
5931,29.53
5932,25.623
5933,29.949
5934,73.065
5935,40.01
5936,32.67
5937,27.131
5938,26.673
5939,22.728
5940,20.576
5941,21.511
5942,25.393
5943,32.06
5944,34.114
5945,70.204
5946,75.766
5947,55.265
5948,32.351
5949,53.48
5950,109.28
5951,28.966
5952,31.073
5953,32.072
5954,24.052
5955,25.465
5956,25.087
5957,34.166
5958,24.146
5959,27.71
5960,15.119
5961,23.436
5962,23.031
5963,23.094
5964,20.783
5965,14.989
5966,25.073
5967,23.621
5968,26.661
5969,56.643
5970,83.961
5971,47.543
5972,71.819
5973,110.37
5974,105.26
5975,100.32
5976,30.907
5977,24.02
5978,25.212
5979,27.387
5980,26.789
5981,26.01
5982,25.277
5983,22.555
5984,23.077
5985,25.231
5986,22.054
5987,23.453
5988,23.584
5989,19.892
5990,21.308
5991,21.297
5992,59.832
5993,61.247
5994,78.412
5995,76.701
5996,77.373
5997,103.57
5998,77.085
5999,64.616
6000,27.609
6001,27.912
6002,28.846
6003,31.107
6004,30.168
6005,31.009
6006,29.508
6007,27.273
6008,27.885
6009,36.172
6010,28.19
6011,28.35
6012,24.293
6013,24.352
6014,23.924
6015,22.976
6016,29.212
6017,48.857
6018,58.199
6019,66.883
6020,80.185
6021,60.636
6022,49.682
6023,35.086
6024,28.538
6025,94.744
6026,58.342
6027,52.243
6028,18.994
6029,18.176
6030,96.74
6031,68.467
6032,43.871
6033,21.726
6034,9.4757
6035,0
6036,9.7373
6037,17.967
6038,21.155
6039,39.95
6040,47.384
6041,67.169
6042,111.65
6043,64.49
6044,140.39
6045,80.939
6046,44.738
6047,34.165
6048,36.714
6049,24.379
6050,25.127
6051,35.082
6052,35.596
6053,42.778
6054,71.858
6055,50.891
6056,54.129
6057,20.318
6058,20.572
6059,17.874
6060,17.623
6061,19.501
6062,26.143
6063,54.809
6064,56.293
6065,56.261
6066,95.908
6067,106.08
6068,79.363
6069,79.342
6070,90.608
6071,32.192
6072,23.517
6073,24.435
6074,24.624
6075,21.508
6076,21.46
6077,26.031
6078,50.311
6079,34.871
6080,301.73
6081,28.542
6082,24.054
6083,24.934
6084,23.954
6085,22.806
6086,25.605
6087,51.786
6088,25.815
6089,33.624
6090,40.718
6091,48.263
6092,61.621
6093,48.417
6094,30.262
6095,26.715
6096,21.589
6097,29.377
6098,31.872
6099,33.572
6100,25.94
6101,44.537
6102,45.334
6103,61.608
6104,57.949
6105,25.931
6106,24.234
6107,16.66
6108,18.158
6109,0
6110,17.13
6111,21.992
6112,22.44
6113,57.477
6114,29.13
6115,38.469
6116,114.36
6117,101.75
6118,40.243
6119,49.227
6120,26.801
6121,23.445
6122,25.957
6123,24.538
6124,25.157
6125,35.695
6126,39.636
6127,79.723
6128,57.556
6129,38.555
6130,26.155
6131,5.7303
6132,17.439
6133,14.282
6134,17.25
6135,17.681
6136,26.91
6137,70.063
6138,31.369
6139,31.412
6140,69.825
6141,93.74
6142,81.147
6143,23.045
6144,21.848
6145,28.687
6146,36.335
6147,27.81
6148,42.627
6149,57.783
6150,61.241
6151,29.908
6152,19.857
6153,22.731
6154,0.47151
6155,0.57063
6156,0.94999
6157,0
6158,0
6159,11.604
6160,45.303
6161,31.154
6162,73.162
6163,71.886
6164,82.938
6165,106.42
6166,44.746
6167,27.742
6168,26.029
6169,25.463
6170,27.512
6171,25.63
6172,23.266
6173,27.857
6174,49.815
6175,63.887
6176,25.277
6177,24.43
6178,22.312
6179,19.513
6180,23.479
6181,23.126
6182,23.656
6183,25.132
6184,29.322
6185,59.112
6186,72.686
6187,70.446
6188,74.597
6189,83.752
6190,122.3
6191,47.867
6192,26.025
6193,20.868
6194,21.977
6195,21.08
6196,18.886
6197,28.568
6198,50.238
6199,31.852
6200,274.82
6201,22.899
6202,19.198
6203,19.646
6204,17.141
6205,16.805
6206,16.477
6207,18.293
6208,34.726
6209,57.052
6210,71.253
6211,80.402
6212,152.85
6213,92.416
6214,42.74
6215,50.101
6216,20.076
6217,30.782
6218,31.162
6219,29.998
6220,29.709
6221,32.176
6222,37.581
6223,33.137
6224,30.743
6225,42.475
6226,29.524
6227,26.669
6228,25.911
6229,20.21
6230,25.338
6231,25.65
6232,27.853
6233,30.837
6234,34.997
6235,29.144
6236,35.791
6237,85.857
6238,35.756
6239,27.026
6240,26.74
6241,25.938
6242,27.116
6243,24.851
6244,24.846
6245,25.734
6246,74.359
6247,39.333
6248,26.385
6249,25.241
6250,28.796
6251,29.353
6252,38.035
6253,16.219
6254,11.147
6255,10.773
6256,17.591
6257,33.33
6258,82.217
6259,39.67
6260,73.597
6261,75.917
6262,42.087
6263,25.449
6264,5.547
6265,16.709
6266,39.357
6267,27.573
6268,25.011
6269,28.607
6270,68.363
6271,57.446
6272,17.181
6273,10.203
6274,7.4773
6275,3.7982
6276,0
6277,0
6278,0
6279,0
6280,11.684
6281,14.958
6282,45.208
6283,65.337
6284,69.528
6285,45.224
6286,66.431
6287,31.003
6288,28.285
6289,50.456
6290,23.003
6291,27.224
6292,31.055
6293,30.122
6294,56.214
6295,14.805
6296,0.80249
6297,0
6298,0
6299,0
6300,0
6301,0
6302,0
6303,0
6304,3.1456
6305,34.762
6306,37.978
6307,35.572
6308,70.979
6309,83.595
6310,34.506
6311,33.047
6312,35.448
6313,45.969
6314,24.498
6315,28.65
6316,44.421
6317,64.118
6318,64.169
6319,42.679
6320,0
6321,0
6322,0
6323,0
6324,0
6325,0
6326,0
6327,0
6328,24.846
6329,65.674
6330,110.54
6331,45.525
6332,81.981
6333,57.659
6334,38.231
6335,33.385
6336,32.588
6337,28.099
6338,24.814
6339,27.012
6340,22.323
6341,30.306
6342,33.195
6343,48.491
6344,27.707
6345,10.35
6346,15.449
6347,14.748
6348,25.233
6349,20.98
6350,24.035
6351,22.879
6352,24.549
6353,57.149
6354,108.66
6355,117.15
6356,62.295
6357,57.442
6358,59.9
6359,31.263
6360,25.132
6361,30.182
6362,28.963
6363,29.31
6364,32.203
6365,31.899
6366,36.844
6367,43.635
6368,33.768
6369,28.627
6370,26.361
6371,25.427
6372,25.778
6373,18.355
6374,18.173
6375,16.161
6376,25.903
6377,27.361
6378,30.959
6379,32.451
6380,57.215
6381,72.191
6382,35.707
6383,26.972
6384,25.903
6385,28.104
6386,25.564
6387,28.114
6388,26.845
6389,28.084
6390,32.118
6391,29.086
6392,14.569
6393,3.4732
6394,0
6395,0
6396,12.457
6397,10.398
6398,9.7307
6399,9.3574
6400,17.321
6401,72.462
6402,88.934
6403,40.983
6404,63.894
6405,75.242
6406,60.419
6407,25.36
6408,20.115
6409,31.93
6410,38.894
6411,37.611
6412,38.745
6413,33.528
6414,35.691
6415,32.355
6416,21.202
6417,8.3698
6418,9.918
6419,3.3488
6420,0
6421,0
6422,0
6423,2.3419
6424,11.29
6425,36.644
6426,60.972
6427,118.46
6428,59.152
6429,36.867
6430,37.209
6431,26.795
6432,32.214
6433,19.216
6434,20.931
6435,23.384
6436,25.667
6437,52.125
6438,53.848
6439,61.819
6440,43.164
6441,21.216
6442,25.823
6443,31.298
6444,39.747
6445,260.41
6446,0.038085
6447,15.816
6448,13.211
6449,20.145
6450,63.063
6451,68.603
6452,117.74
6453,81.154
6454,90.724
6455,17.183
6456,14.949
6457,29.388
6458,27.858
6459,29.013
6460,31.198
6461,28.521
6462,32.797
6463,37.369
6464,12.112
6465,0
6466,0
6467,0
6468,24.244
6469,0
6470,0
6471,0
6472,8.0893
6473,51.081
6474,69.444
6475,72.575
6476,68.038
6477,112.07
6478,44.783
6479,41.146
6480,32.284
6481,41.5
6482,29.283
6483,28.304
6484,29.244
6485,31.247
6486,31.401
6487,19.123
6488,7.5952
6489,0
6490,0
6491,0
6492,0
6493,0
6494,0
6495,0
6496,25.259
6497,31.776
6498,87.501
6499,81.034
6500,88.526
6501,107.14
6502,39.489
6503,32.745
6504,31.213
6505,34.422
6506,33.088
6507,44.478
6508,40.345
6509,69.869
6510,92.631
6511,76.24
6512,27.497
6513,24.165
6514,21.71
6515,22.932
6516,16.556
6517,19.87
6518,17.079
6519,19.86
6520,25.779
6521,27.998
6522,35.884
6523,59.489
6524,63.829
6525,152
6526,41.786
6527,26.185
6528,20.046
6529,26.365
6530,26.963
6531,23.756
6532,23.621
6533,23.565
6534,30.951
6535,32.474
6536,20.798
6537,25.457
6538,26.161
6539,13.797
6540,5.673
6541,0.15245
6542,19.202
6543,15.879
6544,38.654
6545,64.367
6546,79.762
6547,110.91
6548,80.945
6549,111.3
6550,61.192
6551,41.966
6552,27.21
6553,21.924
6554,21.621
6555,20.631
6556,20.552
6557,29.646
6558,46.593
6559,54.121
6560,43.459
6561,14.649
6562,4.3697
6563,7.7916
6564,7.3821
6565,5.6059
6566,7.846
6567,45.416
6568,63.738
6569,88.028
6570,108.21
6571,126.43
6572,126.39
6573,50.301
6574,50.871
6575,33.785
6576,22.05
6577,28.504
6578,27.196
6579,25.519
6580,27.268
6581,26.045
6582,41.367
6583,46.46
6584,23.08
6585,22.462
6586,23.602
6587,17.534
6588,46.687
6589,49.957
6590,50.037
6591,29.369
6592,29.795
6593,78.436
6594,39.328
6595,40.969
6596,60.129
6597,93.248
6598,52.95
6599,50.615
6600,31.835
6601,23.584
6602,22.182
6603,21.231
6604,21.142
6605,21.243
6606,64.834
6607,224.58
6608,17.181
6609,15.84
6610,16.759
6611,15.774
6612,29.76
6613,49.074
6614,21.82
6615,53.495
6616,50.32
6617,71.52
6618,51.356
6619,51.86
6620,107.44
6621,76.422
6622,38.3
6623,68.788
6624,32.014
6625,38.533
6626,32.048
6627,33.42
6628,33.468
6629,30.844
6630,29.607
6631,29.17
6632,25.293
6633,24.945
6634,22.562
6635,17.3
6636,20.346
6637,35.927
6638,37.01
6639,41.479
6640,70.648
6641,73.649
6642,62.404
6643,40.401
6644,58.13
6645,33.755
6646,88.873
6647,30.193
6648,25.298
6649,34.305
6650,32.151
6651,31.524
6652,40.216
6653,33.991
6654,34.061
6655,35.246
6656,34.345
6657,38.956
6658,30.361
6659,30.282
6660,33.532
6661,25.322
6662,24.375
6663,30.654
6664,28.985
6665,32.013
6666,30.202
6667,43.163
6668,41.883
6669,39.484
6670,32.217
6671,31.674
6672,30.795
6673,22.586
6674,20.245
6675,23.94
6676,26.042
6677,27.331
6678,100.93
6679,40.628
6680,52.838
6681,27.608
6682,15.265
6683,15.974
6684,14.653
6685,9.6011
6686,18.505
6687,42.238
6688,24.084
6689,72.239
6690,77.001
6691,80.943
6692,83.429
6693,113.64
6694,31.651
6695,37.231
6696,30.263
6697,21.641
6698,22.566
6699,25.002
6700,24.887
6701,33.096
6702,240.8
6703,58.624
6704,38.462
6705,42.387
6706,20.247
6707,9.4421
6708,4.8559
6709,3.9605
6710,13.012
6711,12.362
6712,17.28
6713,66.487
6714,63.433
6715,68.464
6716,221.39
6717,116.9
6718,23.382
6719,62.256
6720,24.762
6721,69.546
6722,63.602
6723,67.509
6724,66.042
6725,66.562
6726,98.348
6727,40.746
6728,31.712
6729,28.241
6730,28.119
6731,22.804
6732,19.239
6733,19.659
6734,20.276
6735,21.427
6736,25.81
6737,28.201
6738,26.658
6739,49.394
6740,83.073
6741,43.536
6742,26.104
6743,33.813
6744,24.498
6745,24.316
6746,29.365
6747,32.629
6748,50.223
6749,47.045
6750,97.018
6751,60.728
6752,29.182
6753,33.089
6754,26.639
6755,26.663
6756,21.356
6757,20.532
6758,21.646
6759,22.803
6760,65.777
6761,108.43
6762,103.72
6763,31.245
6764,42.621
6765,100.76
6766,52.273
6767,37.101
6768,22.045
6769,30.243
6770,28.729
6771,29.259
6772,31.604
6773,32.33
6774,38.678
6775,42.961
6776,15.748
6777,21.225
6778,15.744
6779,46.284
6780,49.575
6781,34.432
6782,31.263
6783,31.088
6784,30.452
6785,70.009
6786,27.847
6787,37.969
6788,32.816
6789,30.446
6790,74.698
6791,28.27
6792,24.492
6793,32.433
6794,28.765
6795,22.036
6796,28.051
6797,30.974
6798,34.991
6799,20.373
6800,10.625
6801,0
6802,0
6803,0
6804,0
6805,0
6806,0
6807,0
6808,27.184
6809,46.8
6810,36.579
6811,65.49
6812,62.175
6813,91.938
6814,48.495
6815,58.902
6816,56.457
6817,56.524
6818,48.952
6819,70.126
6820,95.302
6821,69.03
6822,80.744
6823,38.333
6824,20.99
6825,6.2072
6826,0.45653
6827,0
6828,0
6829,0
6830,13.781
6831,25.059
6832,53.741
6833,59.601
6834,57.778
6835,67.816
6836,79.271
6837,119.25
6838,69.826
6839,41.348
6840,32.158
6841,31.194
6842,27.227
6843,30.351
6844,32.38
6845,35.971
6846,36.283
6847,53.91
6848,32.485
6849,24.933
6850,20.885
6851,8.5805
6852,2.6941
6853,7.8355
6854,9.1048
6855,13.887
6856,25.148
6857,80.896
6858,81.4
6859,67.544
6860,77.768
6861,90.422
6862,42.176
6863,37.028
6864,30.94
6865,34.239
6866,39.528
6867,58.714
6868,42.018
6869,33.054
6870,42.48
6871,57.127
6872,30.41
6873,29.701
6874,25.502
6875,19.402
6876,14.606
6877,0
6878,0.46806
6879,5.2083
6880,22.759
6881,36.817
6882,35.92
6883,39.285
6884,41.731
6885,69.069
6886,44.624
6887,31.236
6888,29.598
6889,34.974
6890,33.054
6891,50.002
6892,51.315
6893,62.701
6894,59.402
6895,65.099
6896,31.802
6897,5.7547
6898,0
6899,0
6900,0
6901,0
6902,0
6903,19.69
6904,36.098
6905,76.133
6906,65.17
6907,38.898
6908,67.758
6909,79.148
6910,78.625
6911,34.743
6912,28.352
6913,29.808
6914,27.766
6915,30.389
6916,28.072
6917,27.371
6918,51.094
6919,31.368
6920,24.339
6921,44.098
6922,9.4952
6923,6.3492
6924,3.7766
6925,10.205
6926,8.7036
6927,11.05
6928,40.66
6929,67.527
6930,75.884
6931,71.269
6932,107.86
6933,88.187
6934,104.73
6935,33.437
6936,26.805
6937,25.431
6938,26.498
6939,26.28
6940,30.32
6941,32.106
6942,63.124
6943,33.394
6944,27.031
6945,27.25
6946,25.822
6947,27.171
6948,26.651
6949,27.192
6950,29.084
6951,25.52
6952,31.148
6953,59.059
6954,44.385
6955,98.614
6956,71.153
6957,57.406
6958,90.887
6959,61.28
6960,35.555
6961,33.58
6962,31.298
6963,31.427
6964,32.396
6965,30.639
6966,31.046
6967,29.37
6968,27.727
6969,27.26
6970,27.799
6971,30.688
6972,30.397
6973,29.567
6974,30.23
6975,33.451
6976,30.982
6977,97.763
6978,31.202
6979,36.03
6980,56.118
6981,54.548
6982,53.554
6983,28.896
6984,28.963
6985,35.727
6986,42.638
6987,28.032
6988,28.456
6989,28.227
6990,38.05
6991,34.889
6992,25.319
6993,18.945
6994,245.98
6995,21.63
6996,19.052
6997,23.104
6998,27.393
6999,26.801
7000,26.799
7001,28.869
7002,26.955
7003,27.177
7004,29.69
7005,79.348
7006,32.048
7007,32.294
7008,24.293
7009,24.492
7010,29.713
7011,30.09
7012,26.312
7013,33.212
7014,55.711
7015,70.441
7016,19.078
7017,6.8131
7018,0.16004
7019,18.165
7020,30.507
7021,19.667
7022,36.203
7023,268.37
7024,28.999
7025,44.21
7026,30.461
7027,26.041
7028,27.407
7029,30.814
7030,29.79
7031,24.196
7032,27.018
7033,44.774
7034,28.849
7035,24.387
7036,15.037
7037,24.671
7038,44.553
7039,19.535
7040,2.4525
7041,0
7042,0
7043,3.0111
7044,18.14
7045,23.708
7046,28.211
7047,28.603
7048,73.914
7049,82.375
7050,62.746
7051,67.149
7052,61.459
7053,72.934
7054,79.091
7055,30.775
7056,28.387
7057,25.802
7058,26.61
7059,25.34
7060,25.757
7061,22.923
7062,35.009
7063,57.438
7064,27.837
7065,20.863
7066,15.938
7067,26.202
7068,25.22
7069,26.754
7070,27.625
7071,26.089
7072,61.779
7073,37.14
7074,62.26
7075,91.387
7076,74.889
7077,97.113
7078,101.71
7079,30.023
7080,25.696
7081,31.751
7082,32.836
7083,31.89
7084,30.804
7085,30.416
7086,35.542
7087,33.605
7088,30.127
7089,5.1816
7090,12.455
7091,13.289
7092,4.5589
7093,4.6679
7094,19.414
7095,19.008
7096,33.86
7097,50.644
7098,39.24
7099,39.748
7100,62.686
7101,66.282
7102,67.845
7103,34.292
7104,29.445
7105,29.238
7106,29.221
7107,27.28
7108,27.52
7109,29.652
7110,49.451
7111,46.422
7112,17.524
7113,6.1604
7114,1.9496
7115,2.3928
7116,1.4181
7117,2.4635
7118,16.214
7119,1.1942
7120,31.946
7121,67.101
7122,110.38
7123,99.296
7124,67.312
7125,42.571
7126,85.174
7127,33.173
7128,30.856
7129,44.523
7130,38.021
7131,38.824
7132,39.226
7133,38.245
7134,34.098
7135,58.781
7136,28.21
7137,0
7138,0
7139,0
7140,0
7141,0
7142,0
7143,0
7144,12.504
7145,40.645
7146,66.64
7147,104.73
7148,78.984
7149,130.28
7150,107.29
7151,53.47
7152,35.302
7153,31.761
7154,29.469
7155,35.704
7156,35.476
7157,30.384
7158,37.398
7159,339.7
7160,0
7161,0
7162,0
7163,0
7164,0
7165,0
7166,0
7167,0
7168,26.858
7169,37.037
7170,87.384
7171,68.963
7172,64.584
7173,35.565
7174,38.221
7175,25.971
7176,25.779
7177,25.683
7178,21.911
7179,22.012
7180,24.398
7181,28.683
7182,60.988
7183,94.387
7184,49.524
7185,13.198
7186,14.637
7187,14.104
7188,15.674
7189,9.385
7190,32.04
7191,27.169
7192,28.949
7193,68.809
7194,71.53
7195,69.646
7196,74.832
7197,94.03
7198,119.59
7199,50.715
7200,24.374
7201,27.425
7202,28.602
7203,27.423
7204,27.535
7205,28.123
7206,39.236
7207,47.243
7208,33.52
7209,25.687
7210,29.477
7211,30.668
7212,22.798
7213,25.525
7214,26.396
7215,26.461
7216,61.097
7217,82.76
7218,35.577
7219,53.976
7220,52.66
7221,35.843
7222,70.83
7223,28.92
7224,26.8
7225,28.155
7226,26.965
7227,31.003
7228,28.442
7229,37.441
7230,37.902
7231,73.848
7232,58.07
7233,30.217
7234,28.919
7235,21.494
7236,31.057
7237,29.596
7238,31.638
7239,40.959
7240,81.931
7241,51.121
7242,29.829
7243,29.006
7244,42.264
7245,36.662
7246,30.273
7247,29.397
7248,26.883
7249,22.895
7250,23.517
7251,25.925
7252,24.522
7253,47.966
7254,101.42
7255,71.287
7256,29.903
7257,8.732
7258,23.633
7259,26.406
7260,27.442
7261,25.396
7262,24.186
7263,23.69
7264,35.276
7265,68.515
7266,73.254
7267,63.519
7268,93.527
7269,96.592
7270,70.761
7271,26.788
7272,23.385
7273,29.162
7274,31.905
7275,34.818
7276,37.096
7277,30.643
7278,37.31
7279,59.268
7280,49.469
7281,11.891
7282,6.4544
7283,3.1765
7284,5.1577
7285,4.4439
7286,19.606
7287,17.041
7288,37.596
7289,51.725
7290,72.999
7291,38.233
7292,52.595
7293,67.681
7294,45.797
7295,30.798
7296,29.679
7297,35.847
7298,29.401
7299,30.163
7300,29.506
7301,34.783
7302,42.59
7303,58.221
7304,26.749
7305,10.752
7306,3.2688
7307,0
7308,0
7309,0
7310,0
7311,0
7312,36.897
7313,50.956
7314,30.443
7315,66.65
7316,113.04
7317,102.57
7318,82.607
7319,36.637
7320,29.819
7321,48.83
7322,41.15
7323,37.392
7324,28.317
7325,31.045
7326,62.782
7327,39.8
7328,0
7329,0
7330,0
7331,0
7332,0
7333,0
7334,0
7335,0
7336,15.261
7337,44.047
7338,35.057
7339,44.341
7340,55.261
7341,39.554
7342,56.135
7343,37.518
7344,25.959
7345,15.88
7346,22.266
7347,35.756
7348,36.67
7349,34
7350,34.164
7351,64.991
7352,23.644
7353,18.817
7354,38.224
7355,13.147
7356,13.196
7357,7.4293
7358,0
7359,9.9424
7360,35.138
7361,33.856
7362,33.084
7363,28.653
7364,81.644
7365,52.026
7366,85.89
7367,56.926
7368,31.406
7369,29.495
7370,26.017
7371,25.659
7372,26.543
7373,32.212
7374,62.367
7375,66.131
7376,75.903
7377,25.059
7378,27.357
7379,39.918
7380,27.804
7381,27.549
7382,27.592
7383,24.521
7384,31.808
7385,35.42
7386,30.366
7387,27.946
7388,30.987
7389,30.218
7390,29.804
7391,40.773
7392,37.201
7393,64.537
7394,23.536
7395,19.471
7396,27.465
7397,17.5
7398,30.817
7399,44.869
7400,50.787
7401,248.55
7402,27.886
7403,18.445
7404,16.559
7405,21.162
7406,21.55
7407,23.058
7408,24.594
7409,66.232
7410,28.202
7411,27.18
7412,66.531
7413,79.879
7414,99.394
7415,91.6
7416,89.027
7417,40.526
7418,48.617
7419,52.656
7420,33.439
7421,31.259
7422,40.334
7423,80.281
7424,28.037
7425,26.204
7426,23.162
7427,32.613
7428,18.291
7429,17.393
7430,27.354
7431,25.325
7432,26.72
7433,36.738
7434,33.507
7435,37.66
7436,46.202
7437,77.907
7438,36.43
7439,33.353
7440,38.445
7441,34.651
7442,29.595
7443,26.35
7444,26.525
7445,29.304
7446,34.037
7447,65.68
7448,58.509
7449,13.795
7450,22.607
7451,24.265
7452,42.733
7453,53.91
7454,50.07
7455,25.543
7456,40.594
7457,42.268
7458,31.159
7459,29.432
7460,34.423
7461,31.8
7462,30.059
7463,33.44
7464,22.107
7465,36.396
7466,29.824
7467,25.592
7468,22.608
7469,24.411
7470,26.708
7471,29.992
7472,0
7473,0
7474,3.932
7475,0
7476,0
7477,0
7478,0
7479,16.533
7480,51.017
7481,34.786
7482,59.536
7483,33.263
7484,50.851
7485,80.35
7486,107.58
7487,233.02
7488,39.407
7489,38.725
7490,33.332
7491,34.413
7492,32.96
7493,31.857
7494,29.766
7495,33.872
7496,0.25131
7497,0
7498,0
7499,0
7500,0
7501,0
7502,0
7503,0
7504,26.889
7505,34.087
7506,56.765
7507,79.615
7508,58.532
7509,97.063
7510,33.382
7511,31.387
7512,28.305
7513,26.021
7514,27.801
7515,20.732
7516,28.98
7517,29.464
7518,35.553
7519,59.637
7520,47.866
7521,0
7522,3.7314
7523,12.233
7524,0
7525,2.5056
7526,17.739
7527,30.218
7528,39.757
7529,77.621
7530,38.865
7531,29.151
7532,35.061
7533,87.22
7534,47.54
7535,40.125
7536,26.674
7537,23.602
7538,280.74
7539,26.501
7540,27.116
7541,23.13
7542,24.664
7543,62.006
7544,26.6
7545,0
7546,12.362
7547,0
7548,0
7549,0.1246
7550,24.123
7551,33.438
7552,33.707
7553,60.264
7554,62.045
7555,32.011
7556,38.632
7557,87.812
7558,39.06
7559,30.274
7560,22.716
7561,33.113
7562,36.734
7563,33.29
7564,37.777
7565,32.387
7566,31.538
7567,79.682
7568,27.359
7569,80.71
7570,15.186
7571,0
7572,0
7573,0
7574,0
7575,4.949
7576,20.524
7577,32.02
7578,41.403
7579,33.935
7580,32.419
7581,36.635
7582,35.603
7583,32.423
7584,17.116
7585,13.445
7586,20.244
7587,16.827
7588,26.592
7589,23.154
7590,53.696
7591,66.516
7592,8.8954
7593,7.046
7594,8.92
7595,9.7393
7596,10.293
7597,5.2467
7598,6.6767
7599,11.061
7600,48.587
7601,51.038
7602,36.701
7603,45.233
7604,44.187
7605,41.012
7606,31.729
7607,33.538
7608,16.88
7609,10.42
7610,37.775
7611,29.65
7612,31.264
7613,21.685
7614,44.607
7615,93.346
7616,13.799
7617,1.5557
7618,0.93246
7619,0
7620,0
7621,0
7622,2.536
7623,44.356
7624,47.865
7625,53.152
7626,60.577
7627,116.92
7628,75.627
7629,93.481
7630,89.307
7631,99.305
7632,24.471
7633,26.373
7634,24.326
7635,29.133
7636,58.111
7637,28.043
7638,22.58
7639,27.272
7640,54.455
7641,20.069
7642,30.056
7643,37.853
7644,6.4795
7645,5.9419
7646,1.1134
7647,8.3643
7648,47.175
7649,58.926
7650,60.118
7651,56.551
7652,104.78
7653,86.47
7654,78.842
7655,26.086
7656,17.636
7657,26.533
7658,36.352
7659,39.245
7660,43.978
7661,38.909
7662,82.026
7663,42.645
7664,10.076
7665,2.7038
7666,1.1651
7667,0
7668,0
7669,0
7670,0
7671,4.7474
7672,46.996
7673,44.342
7674,68.208
7675,65.409
7676,116.85
7677,66.499
7678,101.71
7679,36.914
7680,25.813
7681,67.65
7682,66.349
7683,66.523
7684,72.888
7685,32.189
7686,38.77
7687,76.262
7688,16.814
7689,13.602
7690,14.586
7691,10.342
7692,4.5335
7693,6.6913
7694,24.868
7695,10.945
7696,67.694
7697,30.151
7698,30.746
7699,28.878
7700,22.637
7701,53.114
7702,30.864
7703,48.462
7704,17.372
7705,57.822
7706,30.849
7707,28.663
7708,31.825
7709,32.02
7710,61.487
7711,92.666
7712,48.441
7713,3.8882
7714,4.7949
7715,5.6097
7716,1.721
7717,0
7718,0
7719,9.6319
7720,53.798
7721,66.889
7722,49.562
7723,71.01
7724,34.583
7725,71.576
7726,70.044
7727,80.49
7728,25.61
7729,32.36
7730,35.603
7731,39.918
7732,43.99
7733,62.617
7734,88.028
7735,111.31
7736,25.122
7737,15.774
7738,11.485
7739,10.804
7740,13.051
7741,12.431
7742,11.149
7743,1.369
7744,36.027
7745,69.047
7746,67.154
7747,37.478
7748,66.285
7749,99.304
7750,54.496
7751,85.519
7752,22.171
7753,30.103
7754,30.181
7755,27.533
7756,27.448
7757,26.381
7758,40.282
7759,81.307
7760,34.271
7761,16.304
7762,27.714
7763,0
7764,0
7765,5.1711
7766,12.398
7767,12.316
7768,27.174
7769,57.407
7770,26.861
7771,26.474
7772,31.739
7773,81.787
7774,68.601
7775,100.21
7776,32.729
7777,30.443
7778,32.11
7779,25.708
7780,35.242
7781,47.27
7782,62.787
7783,61.136
7784,34.65
7785,20.832
7786,20.617
7787,16.776
7788,18.873
7789,20.226
7790,20.621
7791,20.055
7792,56.929
7793,72.472
7794,61.752
7795,80.564
7796,78.997
7797,133.05
7798,68.121
7799,66.973
7800,44.203
7801,28.015
7802,28.856
7803,28.843
7804,29.309
7805,28.113
7806,27.932
7807,27.587
7808,27.996
7809,11.347
7810,6.0086
7811,1.4936
7812,4.1624
7813,6.7734
7814,2.9282
7815,29.409
7816,53.19
7817,69.746
7818,62.81
7819,83.105
7820,82.589
7821,53.102
7822,61.532
7823,51.185
7824,32.707
7825,26.188
7826,32.804
7827,28.682
7828,27.025
7829,29.402
7830,38.79
7831,63.451
7832,57.982
7833,69.615
7834,23.693
7835,26.733
7836,18.353
7837,26.734
7838,27.318
7839,28.854
7840,49.45
7841,31.026
7842,52.667
7843,75.553
7844,34.625
7845,45.098
7846,50.119
7847,33.563
7848,23.354
7849,28.708
7850,28.51
7851,34.855
7852,27.325
7853,28.671
7854,34.479
7855,33.54
7856,23.478
7857,16.137
7858,31.583
7859,31.387
7860,36.644
7861,23.067
7862,15.662
7863,36.468
7864,51.402
7865,46.234
7866,33.1
7867,31.846
7868,38.813
7869,35.735
7870,56.105
7871,48.562
7872,26.849
7873,29.082
7874,25.784
7875,19.675
7876,21.054
7877,27.52
7878,34.534
7879,69.964
7880,54.146
7881,45.604
7882,33.171
7883,24.036
7884,20.837
7885,11.582
7886,32.205
7887,30.685
7888,32.496
7889,25.982
7890,34.063
7891,31.045
7892,34.095
7893,44.03
7894,44.758
7895,37.381
7896,23.258
7897,18.184
7898,27.045
7899,15.34
7900,18.445
7901,35.921
7902,60.026
7903,61.187
7904,42.896
7905,273.53
7906,43.162
7907,6.6936
7908,26.734
7909,27.988
7910,57.687
7911,35.949
7912,64.426
7913,50.601
7914,66.177
7915,33.076
7916,65.525
7917,83.108
7918,41.033
7919,77.535
7920,15.296
7921,1.3423
7922,30.137
7923,5.6998
7924,0
7925,0
7926,0
7927,0
7928,0
7929,220.73
7930,163.29
7931,0
7932,0
7933,159.39
7934,191.75
7935,234.77
7936,271.42
7937,262.32
7938,10.852
7939,19.854
7940,302.61
7941,18.263
7942,62.907
7943,23.261
7944,3.4647
7945,193.79
7946,0
7947,0
7948,199.25
7949,0
7950,0
7951,224.07
7952,240.78
7953,743.13
7954,161.01
7955,162.64
7956,158.05
7957,161.33
7958,172.14
7959,207.95
7960,242.74
7961,484.41
7962,0
7963,221.81
7964,265.97
7965,265.98
7966,264.87
7967,204.44
7968,0
7969,29.194
7970,30.155
7971,27.49
7972,28.591
7973,29.045
7974,28.546
7975,26.656
7976,17.509
7977,11.371
7978,0
7979,0
7980,0
7981,0
7982,0
7983,0
7984,260.88
7985,43.087
7986,34.137
7987,31.924
7988,48.183
7989,40.415
7990,41.161
7991,52.909
7992,30.248
7993,28.56
7994,30.882
7995,38.583
7996,48.663
7997,41.594
7998,32.238
7999,75.581
8000,32.689
8001,47.271
8002,6.6947
8003,15.099
8004,16.959
8005,17.291
8006,31.756
8007,25.729
8008,25.56
8009,34.529
8010,38.098
8011,32.194
8012,31.338
8013,27.967
8014,27.85
8015,24.287
8016,0.54055
8017,26.818
8018,29.594
8019,35.309
8020,28.592
8021,42.175
8022,58.832
8023,37.284
8024,24.364
8025,0
8026,7.8171
8027,0
8028,233.16
8029,0
8030,0
8031,11.733
8032,28.073
8033,45.54
8034,43.01
8035,32.48
8036,27.005
8037,38.778
8038,24.97
8039,22.382
8040,17.61
8041,22.367
8042,27.732
8043,20.11
8044,24.29
8045,34.943
8046,51.783
8047,58.826
8048,47.039
8049,0.79037
8050,0
8051,0
8052,0
8053,0
8054,0
8055,0.80749
8056,48.908
8057,43.122
8058,55.197
8059,86.157
8060,58.679
8061,66.639
8062,85.693
8063,125.38
8064,65.159
8065,43.477
8066,38.482
8067,70.143
8068,61.364
8069,87.002
8070,111.16
8071,111.61
8072,27.055
8073,7.7313
8074,0
8075,0
8076,0
8077,0
8078,0
8079,19.79
8080,45.055
8081,59.356
8082,108
8083,44.486
8084,86.077
8085,64.018
8086,77.543
8087,92.012
8088,36.728
8089,41.869
8090,33.82
8091,30.004
8092,32.941
8093,44.998
8094,73.073
8095,67.821
8096,31.526
8097,19.445
8098,0
8099,17.85
8100,0
8101,0
8102,0.86383
8103,8.7763
8104,40.129
8105,39.689
8106,38.449
8107,40.172
8108,48.011
8109,44.697
8110,110.48
8111,109.93
8112,53.891
8113,34.669
8114,33.394
8115,35.964
8116,34.239
8117,63.531
8118,86.754
8119,90.351
8120,26.114
8121,15.254
8122,0
8123,0
8124,0
8125,1.3957
8126,0.54806
8127,30.652
8128,52.821
8129,65.139
8130,61.866
8131,61.656
8132,83.339
8133,68.029
8134,115.57
8135,105.51
8136,93.293
8137,52.483
8138,43.697
8139,42.735
8140,42.57
8141,41.631
8142,46.618
8143,81.074
8144,54.875
8145,19.482
8146,0.61031
8147,0
8148,0
8149,0
8150,0
8151,4.9747
8152,42.168
8153,38.495
8154,41.245
8155,74.614
8156,86.845
8157,92.667
8158,107.9
8159,112.72
8160,49.01
8161,38.72
8162,43.85
8163,40.967
8164,38.355
8165,43.412
8166,41.36
8167,49.62
8168,82.8
8169,13.095
8170,0.066013
8171,1.2651
8172,0
8173,0
8174,1.7114
8175,17.32
8176,42.554
8177,44.489
8178,47.595
8179,41.282
8180,43.807
8181,42.57
8182,76.054
8183,50.078
8184,40.152
8185,36.125
8186,38.115
8187,35.132
8188,50.131
8189,50.107
8190,80.904
8191,97.918
8192,53.686
8193,17.055
8194,12.12
8195,14.226
8196,16.932
8197,14.287
8198,14.076
8199,33.136
8200,50.934
8201,47.543
8202,48.409
8203,37.747
8204,35.32
8205,41.567
8206,74.766
8207,38.85
8208,33.97
8209,38.6
8210,42.751
8211,35.971
8212,47.379
8213,39.986
8214,81.59
8215,90.11
8216,43.911
8217,26.618
8218,9.6479
8219,14.33
8220,12.75
8221,11.194
8222,9.8874
8223,35.298
8224,53.096
8225,42.243
8226,71.789
8227,93.145
8228,69.447
8229,63.562
8230,70.145
8231,63.501
8232,38.386
8233,39.274
8234,33.798
8235,37.083
8236,39.392
8237,65.552
8238,76.541
8239,85.426
8240,64.959
8241,28.972
8242,27.47
8243,24.133
8244,26.44
8245,25.285
8246,26.219
8247,27.223
8248,65.101
8249,54.753
8250,61.851
8251,102.81
8252,41.922
8253,73.464
8254,53.007
8255,54.826
8256,36.682
8257,36.27
8258,37.364
8259,38.691
8260,42.925
8261,40.324
8262,111.1
8263,42.596
8264,39.634
8265,24.134
8266,2.6835
8267,6.142
8268,2.8393
8269,0.33327
8270,1.0398
8271,21.573
8272,50.166
8273,42.123
8274,37.302
8275,35.503
8276,34.243
8277,289.11
8278,101.65
8279,65.303
8280,32.071
8281,33.858
8282,34.636
8283,33.542
8284,30.446
8285,30.084
8286,37.759
8287,49.223
8288,61.007
8289,26.992
8290,11.849
8291,16.235
8292,26.915
8293,18.958
8294,23.369
8295,34.188
8296,72.421
8297,43.844
8298,40.655
8299,72.665
8300,83.986
8301,92.489
8302,99.092
8303,87.102
8304,33.261
8305,42.766
8306,44.916
8307,43.899
8308,43.865
8309,44.972
8310,44.422
8311,43.915
8312,34.888
8313,12.153
8314,3.4441
8315,0.80683
8316,1.0859
8317,10.16
8318,6.3477
8319,18.816
8320,76.323
8321,51.325
8322,38.225
8323,44.812
8324,45.205
8325,45.393
8326,39.555
8327,33.933
8328,28.738
8329,37.201
8330,56.841
8331,52.274
8332,43.098
8333,68.873
8334,71.518
8335,62.209
8336,8.7509
8337,0
8338,0
8339,0
8340,0
8341,0
8342,0
8343,1.2802
8344,57.531
8345,72.483
8346,43.611
8347,47.263
8348,59.576
8349,103.28
8350,126.64
8351,45.262
8352,38.256
8353,65.106
8354,54.074
8355,60.668
8356,61.775
8357,41.888
8358,77.655
8359,119.52
8360,87.118
8361,22.559
8362,17.678
8363,13.93
8364,16.249
8365,19.83
8366,21.018
8367,28.192
8368,40.223
8369,37.372
8370,30.206
8371,32.587
8372,37.286
8373,287.31
8374,74.3
8375,33.756
8376,17.701
8377,34.432
8378,283.38
8379,30.516
8380,35.782
8381,31.877
8382,33.117
8383,53.91
8384,50.701
8385,46.079
8386,82.504
8387,38.072
8388,36.04
8389,23.822
8390,26.725
8391,23.447
8392,30.587
8393,34.916
8394,57.225
8395,77.495
8396,49.966
8397,36.413
8398,41.556
8399,32.865
8400,27.237
8401,40.642
8402,52.597
8403,52.045
8404,43.48
8405,37.566
8406,60.567
8407,77.508
8408,65.291
8409,24.367
8410,9.595
8411,19.513
8412,8.1706
8413,1.5185
8414,24.428
8415,30.847
8416,40.18
8417,36.363
8418,44.594
8419,64.926
8420,34.336
8421,40.906
8422,104.12
8423,85.886
8424,26.069
8425,28.558
8426,30.352
8427,35.955
8428,36.492
8429,31.103
8430,42.584
8431,108.76
8432,87.594
8433,22.332
8434,10.971
8435,17.842
8436,17.619
8437,7.6016
8438,12.551
8439,35.854
8440,78.46
8441,59.104
8442,79.066
8443,65.592
8444,44.142
8445,81.967
8446,327.68
8447,34.064
8448,26.605
8449,32.903
8450,30.847
8451,29.455
8452,35.055
8453,37.265
8454,64.641
8455,101.97
8456,74.316
8457,37.129
8458,19.147
8459,10.691
8460,1.1951
8461,0
8462,7.2915
8463,26.096
8464,72.223
8465,45.773
8466,25.074
8467,33.54
8468,69.82
8469,80.632
8470,96.107
8471,86.808
8472,28.994
8473,15.074
8474,55.619
8475,13.105
8476,25.374
8477,30.416
8478,31.223
8479,29.183
8480,56.244
8481,27.92
8482,60.572
8483,55.149
8484,60
8485,59.97
8486,61.687
8487,63.076
8488,78.228
8489,81.676
8490,66.39
8491,80.683
8492,128.52
8493,112.22
8494,81.395
8495,59.096
8496,31.022
8497,38.527
8498,37.237
8499,42.901
8500,43.411
8501,40.876
8502,37.483
8503,60.321
8504,49.872
8505,20.96
8506,8.78
8507,5.1715
8508,7.2353
8509,7.0789
8510,7.9069
8511,13.927
8512,37.615
8513,51.801
8514,85.743
8515,67.678
8516,47.542
8517,51.814
8518,81.334
8519,75.428
8520,69.567
8521,58.366
8522,62.718
8523,65.127
8524,63.068
8525,68.026
8526,100.58
8527,99.512
8528,48.636
8529,22.841
8530,12.77
8531,15.418
8532,27.624
8533,20.224
8534,27.199
8535,60.492
8536,85.498
8537,79.701
8538,41.747
8539,81.884
8540,78.938
8541,40.841
8542,35.903
8543,90.733
8544,82.155
8545,29.939
8546,26.513
8547,32.592
8548,39.431
8549,61.989
8550,79.205
8551,102.45
8552,29.84
8553,18.445
8554,13.276
8555,12.043
8556,31.402
8557,22.024
8558,31.839
8559,59.24
8560,105.42
8561,50.856
8562,66.64
8563,125.3
8564,74.184
8565,84.388
8566,232.86
8567,118.36
8568,112.2
8569,49.716
8570,35.637
8571,33.109
8572,34.463
8573,36.192
8574,69.288
8575,73.028
8576,33.07
8577,19.523
8578,19.089
8579,19.921
8580,16.007
8581,22.396
8582,19.921
8583,66.233
8584,53.08
8585,58.153
8586,89.596
8587,91.128
8588,89.222
8589,82.368
8590,102.96
8591,117.95
8592,58.349
8593,36.284
8594,33.499
8595,36.98
8596,60.436
8597,68.915
8598,65.195
8599,80.078
8600,85.749
8601,39.613
8602,20.163
8603,32.015
8604,32.504
8605,43.726
8606,85.173
8607,34.507
8608,70.038
8609,32.881
8610,29.208
8611,68.631
8612,68.197
8613,69.741
8614,76.231
8615,73.489
8616,74.077
8617,31.069
8618,28.662
8619,26.837
8620,25.519
8621,27.89
8622,63.079
8623,47.681
8624,51.543
8625,51.911
8626,35.713
8627,37.023
8628,39.712
8629,38.343
8630,60.542
8631,61.458
8632,72.681
8633,73.8
8634,51.995
8635,91.474
8636,89.932
8637,106.27
8638,124.22
8639,106.38
8640,63.162
8641,39.529
8642,37.911
8643,36.464
8644,35.944
8645,37.447
8646,37.364
8647,91.018
8648,80.406
8649,29.141
8650,21.45
8651,11.347
8652,31.297
8653,35.835
8654,29.78
8655,29.717
8656,34.578
8657,45.552
8658,41.538
8659,38.524
8660,55.481
8661,88.545
8662,104.74
8663,55.737
8664,34.693
8665,37.063
8666,100.92
8667,39.462
8668,36.151
8669,34.089
8670,31.602
8671,79.705
8672,32.045
8673,8.5283
8674,205.68
8675,202.49
8676,0
8677,0
8678,0
8679,0
8680,68.513
8681,52.536
8682,61.264
8683,58.066
8684,110.86
8685,98.459
8686,54.046
8687,73.965
8688,33.823
8689,41.88
8690,45.417
8691,47.218
8692,43.144
8693,48.483
8694,53.297
8695,32.445
8696,36.312
8697,0.62127
8698,0
8699,0
8700,175.19
8701,0
8702,0
8703,0
8704,20.046
8705,78.844
8706,71.591
8707,54.579
8708,67.744
8709,82.567
8710,79.489
8711,43.936
8712,40.935
8713,36.871
8714,32.254
8715,32.56
8716,33.185
8717,49.068
8718,47.978
8719,71.528
8720,71.493
8721,38.275
8722,37.007
8723,62.669
8724,57.196
8725,44.115
8726,31.793
8727,32.17
8728,37.688
8729,55.448
8730,38.118
8731,41.73
8732,65.872
8733,56.394
8734,40.219
8735,37.431
8736,27.899
8737,27.808
8738,27.468
8739,33.067
8740,28.504
8741,29.787
8742,31.241
8743,103.63
8744,69.445
8745,9.511
8746,14.671
8747,0
8748,8.0474
8749,10.97
8750,9.8174
8751,35.012
8752,64.968
8753,96.018
8754,81.997
8755,38.383
8756,43.641
8757,39.646
8758,37.352
8759,280.92
8760,1.8566
