Interval,renewable_signal(interval),
1,0
2,0
3,0
4,0
5,0
6,0
7,0
8,0.08197
9,0.36338
10,0.58023
11,0.6615
12,0.67282
13,0.66968
14,0.65559
15,0.55743
16,0.32927
17,0
18,0
19,0
20,0
21,0
22,0
23,0
24,0
25,0
26,0
27,0
28,0
29,0
30,0
31,0
32,0.10338
33,0.41037
34,0.63174
35,0.70014
36,0.7071
37,0.70466
38,0.69022
39,0.59955
40,0.35747
41,0
42,0
43,0
44,0
45,0
46,0
47,0
48,0
49,0
50,0
51,0
52,0
53,0
54,0
55,0
56,0.096763
57,0.40271
58,0.62409
59,0.69422
60,0.70136
61,0.69927
62,0.68152
63,0.59172
64,0.35312
65,0
66,0
67,0
68,0
69,0
70,0
71,0
72,0
73,0
74,0
75,0
76,0
77,0
78,0
79,0
80,0.097285
81,0.36425
82,0.57309
83,0.66324
84,0.65541
85,0.65698
86,0.59589
87,0.4779
88,0.27393
89,0
90,0
91,0
92,0
93,0
94,0
95,0
96,0
97,0
98,0
99,0
100,0
101,0
102,0
103,0
104,0.088061
105,0.38549
106,0.59868
107,0.68204
108,0.69527
109,0.68743
110,0.67682
111,0.58214
112,0.35694
113,0
114,0
115,0
116,0
117,0
118,0
119,0
120,0
121,0
122,0
123,0
124,0
125,0
126,0
127,0
128,0.09363
129,0.39923
130,0.61782
131,0.66916
132,0.68935
133,0.66133
134,0.67612
135,0.59467
136,0.3653
137,0
138,0
139,0
140,0
141,0
142,0
143,0
144,0
145,0
146,0
147,0
148,0
149,0
150,0
151,0
152,0.077619
153,0.34963
154,0.53289
155,0.6495
156,0.65889
157,0.64062
158,0.57118
159,0.50731
160,0.27828
161,0
162,0
163,0
164,0
165,0
166,0
167,0
168,0
169,0
170,0
171,0
172,0
173,0
174,0
175,0
176,0.033763
177,0.22711
178,0.38235
179,0.46293
180,0.54125
181,0.54995
182,0.50087
183,0.34894
184,0.16446
185,0
186,0
187,0
188,0
189,0
190,0
191,0
192,0
193,0
194,0
195,0
196,0
197,0
198,0
199,0
200,0.058301
201,0.24835
202,0.43352
203,0.49304
204,0.54751
205,0.59711
206,0.57449
207,0.48468
208,0.29186
209,0.048556
210,0
211,0
212,0
213,0
214,0
215,0
216,0
217,0
218,0
219,0
220,0
221,0
222,0
223,0
224,0.050818
225,0.28176
226,0.44831
227,0.42673
228,0.43961
229,0.41281
230,0.40411
231,0.29951
232,0.14549
233,0.024365
234,0
235,0
236,0
237,0
238,0
239,0
240,0
241,0
242,0
243,0
244,0
245,0
246,0
247,0
248,0.028194
249,0.1166
250,0.21963
251,0.30195
252,0.34459
253,0.34476
254,0.30926
255,0.23147
256,0.11643
257,0.024365
258,0
259,0
260,0
261,0
262,0
263,0
264,0
265,0
266,0
267,0
268,0
269,0
270,0
271,0
272,0.034633
273,0.17891
274,0.2701
275,0.42186
276,0.54438
277,0.54595
278,0.52645
279,0.45684
280,0.30108
281,0.059694
282,0
283,0
284,0
285,0
286,0
287,0
288,0
289,0
290,0
291,0
292,0
293,0
294,0
295,0
296,0.057257
297,0.2574
298,0.45823
299,0.58824
300,0.62913
301,0.66237
302,0.61417
303,0.54682
304,0.36095
305,0.072224
306,0
307,0
308,0
309,0
310,0
311,0
312,0
313,0
314,0
315,0
316,0
317,0
318,0
319,0
320,0.095371
321,0.37609
322,0.5637
323,0.65419
324,0.67856
325,0.69544
326,0.70031
327,0.62478
328,0.41646
329,0.099548
330,0
331,0
332,0
333,0
334,0
335,0
336,0
337,0
338,0
339,0
340,0
341,0
342,0
343,0
344,0.097111
345,0.37905
346,0.57257
347,0.64306
348,0.66081
349,0.66934
350,0.66812
351,0.58963
352,0.39819
353,0.098677
354,0
355,0
356,0
357,0
358,0
359,0
360,0
361,0
362,0
363,0
364,0
365,0
366,0
367,0
368,0.097111
369,0.36251
370,0.50452
371,0.56944
372,0.62913
373,0.6133
374,0.56196
375,0.50574
376,0.32475
377,0.095545
378,0
379,0
380,0
381,0
382,0
383,0
384,0
385,0
386,0
387,0
388,0
389,0
390,0
391,0
392,0.094675
393,0.36408
394,0.52872
395,0.6126
396,0.6441
397,0.67316
398,0.66638
399,0.59502
400,0.39662
401,0.10233
402,0
403,0
404,0
405,0
406,0
407,0
408,0
409,0
410,0
411,0
412,0
413,0
414,0
415,0
416,0.07118
417,0.33554
418,0.51096
419,0.5322
420,0.57048
421,0.57379
422,0.5228
423,0.49286
424,0.30404
425,0.10268
426,0
427,0
428,0
429,0
430,0
431,0
432,0
433,0
434,0
435,0
436,0
437,0
438,0
439,0
440,0.076053
441,0.31587
442,0.5181
443,0.58075
444,0.59224
445,0.61747
446,0.62339
447,0.57083
448,0.40324
449,0.12043
450,0
451,0
452,0
453,0
454,0
455,0
456,0
457,0
458,0
459,0
460,0
461,0
462,0
463,0
464,0.063871
465,0.2252
466,0.33641
467,0.41124
468,0.43004
469,0.46293
470,0.37905
471,0.32788
472,0.20797
473,0.063522
474,0
475,0
476,0
477,0
478,0
479,0
480,0
481,0
482,0
483,0
484,0
485,0
486,0
487,0
488,0.082492
489,0.29151
490,0.4189
491,0.50748
492,0.56056
493,0.60964
494,0.61538
495,0.53794
496,0.38549
497,0.11069
498,0
499,0
500,0
501,0
502,0
503,0
504,0
505,0
506,0
507,0
508,0
509,0
510,0
511,0
512,0.086495
513,0.33536
514,0.47059
515,0.5637
516,0.6354
517,0.67038
518,0.57536
519,0.48538
520,0.31953
521,0.097111
522,0
523,0
524,0
525,0
526,0
527,0
528,0
529,0
530,0
531,0
532,0
533,0
534,0
535,0
536,0.080926
537,0.28437
538,0.4511
539,0.58301
540,0.60721
541,0.62739
542,0.62339
543,0.56248
544,0.45493
545,0.15315
546,0
547,0
548,0
549,0
550,0
551,0
552,0
553,0
554,0
555,0
556,0
557,0
558,0
559,0
560,0.10251
561,0.39227
562,0.58458
563,0.65211
564,0.65942
565,0.65767
566,0.63836
567,0.56561
568,0.45266
569,0.1401
570,0
571,0
572,0
573,0
574,0
575,0
576,0
577,0
578,0
579,0
580,0
581,0
582,0
583,0
584,0.096067
585,0.38235
586,0.5355
587,0.62148
588,0.64323
589,0.58963
590,0.55064
591,0.46485
592,0.29969
593,0.095023
594,0
595,0
596,0
597,0
598,0
599,0
600,0
601,0
602,0
603,0
604,0
605,0
606,0
607,0
608,0.013923
609,0.072398
610,0.12269
611,0.18204
612,0.2158
613,0.22729
614,0.18726
615,0.12861
616,0.061434
617,0.011486
618,0
619,0
620,0
621,0
622,0
623,0
624,0
625,0
626,0
627,0
628,0
629,0
630,0
631,0
632,0.0315
633,0.15402
634,0.27289
635,0.36286
636,0.47616
637,0.44762
638,0.36042
639,0.38148
640,0.26801
641,0.092238
642,0
643,0
644,0
645,0
646,0
647,0
648,0
649,0
650,0
651,0
652,0
653,0
654,0
655,0
656,0.062304
657,0.27532
658,0.40567
659,0.53463
660,0.53968
661,0.52837
662,0.38931
663,0.21476
664,0.095719
665,0.029412
666,0
667,0
668,0
669,0
670,0
671,0
672,0
673,0
674,0
675,0
676,0
677,0
678,0
679,0
680,0.022102
681,0.11625
682,0.2205
683,0.30926
684,0.37104
685,0.39262
686,0.39558
687,0.33971
688,0.20101
689,0.06126
690,0
691,0
692,0
693,0
694,0
695,0
696,0
697,0
698,0
699,0
700,0
701,0
702,0
703,0
704,0.023321
705,0.11625
706,0.24556
707,0.40428
708,0.4906
709,0.40254
710,0.42673
711,0.33519
712,0.2379
713,0.082144
714,0
715,0
716,0
717,0
718,0
719,0
720,0
721,0
722,0
723,0
724,0
725,0
726,0
727,0
728,0.061956
729,0.22085
730,0.4008
731,0.51549
732,0.5536
733,0.53603
734,0.5362
735,0.52262
736,0.40672
737,0.15559
738,0
739,0
740,0
741,0
742,0
743,0
744,0
745,0
746,0
747,0
748,0
749,0
750,0
751,0
752,0.12269
753,0.45144
754,0.67264
755,0.75653
756,0.74661
757,0.68604
758,0.70084
759,0.6488
760,0.46049
761,0.14793
762,0
763,0
764,0
765,0
766,0
767,0
768,0
769,0
770,0
771,0
772,0
773,0
774,0
775,0
776,0.11469
777,0.42621
778,0.62687
779,0.71458
780,0.7252
781,0.71806
782,0.73112
783,0.67108
784,0.49913
785,0.1716
786,0
787,0
788,0
789,0
790,0
791,0
792,0
793,0
794,0
795,0
796,0
797,0
798,0
799,0
800,0.12809
801,0.4363
802,0.66046
803,0.68935
804,0.71789
805,0.69283
806,0.67108
807,0.56927
808,0.48329
809,0.18778
810,0
811,0
812,0
813,0
814,0
815,0
816,0
817,0
818,0
819,0
820,0
821,0
822,0
823,0
824,0.14079
825,0.46763
826,0.67508
827,0.76036
828,0.76279
829,0.76175
830,0.74208
831,0.70484
832,0.51932
833,0.19788
834,0
835,0
836,0
837,0
838,0
839,0
840,0
841,0
842,0
843,0
844,0
845,0
846,0
847,0
848,0.13018
849,0.48695
850,0.62026
851,0.65611
852,0.69822
853,0.71023
854,0.67212
855,0.60251
856,0.49809
857,0.17682
858,0
859,0
860,0
861,0
862,0
863,0
864,0
865,0
866,0
867,0
868,0
869,0
870,0
871,0.00017403
872,0.11573
873,0.42586
874,0.66986
875,0.70797
876,0.748
877,0.68343
878,0.67264
879,0.66464
880,0.50835
881,0.17682
882,0
883,0
884,0
885,0
886,0
887,0
888,0
889,0
890,0
891,0
892,0
893,0
894,0
895,0.00069614
896,0.12304
897,0.40915
898,0.56474
899,0.54577
900,0.56787
901,0.56422
902,0.54803
903,0.45214
904,0.35207
905,0.15802
906,0
907,0
908,0
909,0
910,0
911,0
912,0
913,0
914,0
915,0
916,0
917,0
918,0
919,0.00087017
920,0.14688
921,0.39854
922,0.58267
923,0.65907
924,0.70588
925,0.68117
926,0.68239
927,0.61504
928,0.44553
929,0.20171
930,0
931,0
932,0
933,0
934,0
935,0
936,0
937,0
938,0
939,0
940,0
941,0
942,0
943,0
944,0.16203
945,0.51392
946,0.71093
947,0.77776
948,0.76418
949,0.7661
950,0.70814
951,0.63209
952,0.48938
953,0.256
954,0
955,0
956,0
957,0
958,0
959,0
960,0
961,0
962,0
963,0
964,0
965,0
966,0
967,0.00069614
968,0.17021
969,0.5141
970,0.72242
971,0.80334
972,0.78803
973,0.79899
974,0.80665
975,0.76784
976,0.61451
977,0.27027
978,0
979,0
980,0
981,0
982,0
983,0
984,0
985,0
986,0
987,0
988,0
989,0
990,0
991,0.0010442
992,0.16359
993,0.49861
994,0.66742
995,0.75287
996,0.75513
997,0.75235
998,0.78942
999,0.76784
1000,0.62948
1001,0.26749
1002,0
1003,0
1004,0
1005,0
1006,0
1007,0
1008,0
1009,0
1010,0
1011,0
1012,0
1013,0
1014,0
1015,0.0015663
1016,0.1883
1017,0.54525
1018,0.75531
1019,0.81935
1020,0.8197
1021,0.819
1022,0.82527
1023,0.78037
1024,0.63609
1025,0.29186
1026,0
1027,0
1028,0
1029,0
1030,0
1031,0
1032,0
1033,0
1034,0
1035,0
1036,0
1037,0
1038,0
1039,0.0019144
1040,0.19266
1041,0.55256
1042,0.74382
1043,0.79969
1044,0.80717
1045,0.80769
1046,0.80926
1047,0.77532
1048,0.63958
1049,0.29673
1050,0
1051,0
1052,0
1053,0
1054,0
1055,0
1056,0
1057,0
1058,0
1059,0
1060,0
1061,0
1062,0
1063,0.0029586
1064,0.19335
1065,0.50818
1066,0.7111
1067,0.78507
1068,0.78716
1069,0.76053
1070,0.75392
1071,0.70536
1072,0.55204
1073,0.23234
1074,0
1075,0
1076,0
1077,0
1078,0
1079,0
1080,0
1081,0
1082,0
1083,0
1084,0
1085,0
1086,0
1087,0.0010442
1088,0.181
1089,0.48155
1090,0.69596
1091,0.77062
1092,0.7755
1093,0.76923
1094,0.77097
1095,0.74156
1096,0.61069
1097,0.28037
1098,0
1099,0
1100,0
1101,0
1102,0
1103,0
1104,0
1105,0
1106,0
1107,0
1108,0
1109,0
1110,0
1111,0.0038288
1112,0.20014
1113,0.52785
1114,0.75322
1115,0.79116
1116,0.80473
1117,0.77132
1118,0.744
1119,0.71667
1120,0.61834
1121,0.30317
1122,0
1123,0
1124,0
1125,0
1126,0
1127,0
1128,0
1129,0
1130,0
1131,0
1132,0
1133,0
1134,0
1135,0.0036547
1136,0.18065
1137,0.53463
1138,0.74017
1139,0.81657
1140,0.81848
1141,0.81761
1142,0.82231
1143,0.77898
1144,0.63749
1145,0.30717
1146,0
1147,0
1148,0
1149,0
1150,0
1151,0
1152,0
1153,0
1154,0
1155,0
1156,0
1157,0
1158,0
1159,0.005221
1160,0.1803
1161,0.46467
1162,0.63853
1163,0.74939
1164,0.79829
1165,0.80125
1166,0.77689
1167,0.67821
1168,0.48991
1169,0.19614
1170,0
1171,0
1172,0
1173,0
1174,0
1175,0
1176,0
1177,0
1178,0
1179,0
1180,0
1181,0
1182,0
1183,0.0027845
1184,0.15211
1185,0.40515
1186,0.60216
1187,0.70501
1188,0.74608
1189,0.75096
1190,0.74539
1191,0.70188
1192,0.55656
1193,0.23982
1194,0
1195,0
1196,0
1197,0
1198,0
1199,0
1200,0
1201,0
1202,0
1203,0
1204,0
1205,0
1206,0
1207,0.0015663
1208,0.088061
1209,0.26157
1210,0.41159
1211,0.55726
1212,0.5938
1213,0.57466
1214,0.55708
1215,0.46833
1216,0.37296
1217,0.19231
1218,0
1219,0
1220,0
1221,0
1222,0
1223,0
1224,0
1225,0
1226,0
1227,0
1228,0
1229,0
1230,0
1231,0.0073094
1232,0.19022
1233,0.42047
1234,0.56022
1235,0.63279
1236,0.62948
1237,0.54194
1238,0.50835
1239,0.49286
1240,0.40306
1241,0.20884
1242,0
1243,0
1244,0
1245,0
1246,0
1247,0
1248,0
1249,0
1250,0
1251,0
1252,0
1253,0
1254,0
1255,0.0071354
1256,0.13958
1257,0.29447
1258,0.41594
1259,0.46415
1260,0.49391
1261,0.48938
1262,0.37139
1263,0.29133
1264,0.16272
1265,0.076575
1266,0
1267,0
1268,0
1269,0
1270,0
1271,0
1272,0
1273,0
1274,0
1275,0
1276,0
1277,0
1278,0
1279,0.0074835
1280,0.13087
1281,0.37156
1282,0.49426
1283,0.53324
1284,0.57379
1285,0.52402
1286,0.56283
1287,0.4732
1288,0.39314
1289,0.22798
1290,0
1291,0
1292,0
1293,0
1294,0
1295,0
1296,0
1297,0
1298,0
1299,0
1300,0
1301,0
1302,0
1303,0.014271
1304,0.24991
1305,0.60459
1306,0.76036
1307,0.76592
1308,0.8331
1309,0.83676
1310,0.77689
1311,0.76853
1312,0.68952
1313,0.35207
1314,0
1315,0
1316,0
1317,0
1318,0
1319,0
1320,0
1321,0
1322,0
1323,0
1324,0
1325,0
1326,0
1327,0.016707
1328,0.27724
1329,0.57431
1330,0.78455
1331,0.82805
1332,0.82562
1333,0.81761
1334,0.83815
1335,0.80978
1336,0.66203
1337,0.34824
1338,0
1339,0
1340,0
1341,0
1342,0
1343,0
1344,0
1345,0
1346,0
1347,0
1348,0
1349,0
1350,0
1351,0.017055
1352,0.25966
1353,0.57257
1354,0.76297
1355,0.83014
1356,0.83884
1357,0.83745
1358,0.78907
1359,0.75009
1360,0.60407
1361,0.31065
1362,0
1363,0
1364,0
1365,0
1366,0
1367,0
1368,0
1369,0
1370,0
1371,0
1372,0
1373,0
1374,0
1375,0.017751
1376,0.25809
1377,0.5221
1378,0.59502
1379,0.69927
1380,0.79742
1381,0.7379
1382,0.74243
1383,0.70449
1384,0.49965
1385,0.24208
1386,0
1387,0
1388,0
1389,0
1390,0
1391,0
1392,0
1393,0
1394,0
1395,0
1396,0
1397,0
1398,0
1399,0.015837
1400,0.21476
1401,0.46693
1402,0.66881
1403,0.68308
1404,0.56822
1405,0.56561
1406,0.56074
1407,0.46798
1408,0.37696
1409,0.16759
1410,0
1411,0
1412,0
1413,0
1414,0
1415,0
1416,0
1417,0
1418,0
1419,0
1420,0
1421,0
1422,0
1423,0.0027845
1424,0.073964
1425,0.15402
1426,0.24452
1427,0.30769
1428,0.3371
1429,0.32597
1430,0.39262
1431,0.29516
1432,0.1843
1433,0.089628
1434,0
1435,0
1436,0
1437,0
1438,0
1439,0
1440,0
1441,0
1442,0
1443,0
1444,0
1445,0
1446,0
1447,0.0071354
1448,0.14027
1449,0.36495
1450,0.51653
1451,0.64636
1452,0.60912
1453,0.51984
1454,0.49269
1455,0.5496
1456,0.47616
1457,0.2929
1458,0
1459,0
1460,0
1461,0
1462,0
1463,0
1464,0
1465,0
1466,0
1467,0
1468,0
1469,0
1470,0
1471,0.025061
1472,0.27654
1473,0.61921
1474,0.76958
1475,0.79464
1476,0.78716
1477,0.76645
1478,0.72033
1479,0.65994
1480,0.53341
1481,0.37504
1482,0
1483,0
1484,0
1485,0
1486,0
1487,0
1488,0
1489,0
1490,0
1491,0
1492,0
1493,0
1494,0
1495,0.032892
1496,0.32475
1497,0.65141
1498,0.81813
1499,0.87504
1500,0.87974
1501,0.83432
1502,0.84145
1503,0.82283
1504,0.71876
1505,0.41925
1506,0
1507,0
1508,0
1509,0
1510,0
1511,0
1512,0
1513,0
1514,0
1515,0
1516,0
1517,0
1518,0
1519,0.037591
1520,0.34093
1521,0.68465
1522,0.8599
1523,0.9008
1524,0.89471
1525,0.89245
1526,0.89749
1527,0.87296
1528,0.74208
1529,0.43909
1530,0
1531,0
1532,0
1533,0
1534,0
1535,0
1536,0
1537,0
1538,0
1539,0
1540,0
1541,0
1542,0
1543,0.039506
1544,0.3519
1545,0.70971
1546,0.86721
1547,0.9055
1548,0.89697
1549,0.8914
1550,0.89802
1551,0.88183
1552,0.75653
1553,0.45562
1554,0
1555,0
1556,0
1557,0
1558,0
1559,0
1560,0
1561,0
1562,0
1563,0
1564,0
1565,0
1566,0
1567,0.037243
1568,0.34633
1569,0.68134
1570,0.85573
1571,0.89802
1572,0.88914
1573,0.8921
1574,0.89645
1575,0.86321
1576,0.73077
1577,0.43456
1578,0
1579,0
1580,0
1581,0
1582,0
1583,0
1584,0
1585,0
1586,0
1587,0
1588,0
1589,0
1590,0
1591,0
1592,0.042986
1593,0.35607
1594,0.7031
1595,0.85729
1596,0.87487
1597,0.8686
1598,0.87974
1599,0.8552
1600,0.71806
1601,0.67891
1602,0.40515
1603,0
1604,0
1605,0
1606,0
1607,0
1608,0
1609,0
1610,0
1611,0
1612,0
1613,0
1614,0
1615,0
1616,0.044205
1617,0.35451
1618,0.69144
1619,0.84755
1620,0.87383
1621,0.87591
1622,0.8787
1623,0.88427
1624,0.84354
1625,0.71545
1626,0.42638
1627,0
1628,0
1629,0
1630,0
1631,0
1632,0
1633,0
1634,0
1635,0
1636,0
1637,0
1638,0
1639,0
1640,0.050296
1641,0.36042
1642,0.68291
1643,0.80456
1644,0.82927
1645,0.72798
1646,0.72973
1647,0.76958
1648,0.72102
1649,0.55343
1650,0.30212
1651,0
1652,0
1653,0
1654,0
1655,0
1656,0
1657,0
1658,0
1659,0
1660,0
1661,0
1662,0
1663,0
1664,0.015663
1665,0.093804
1666,0.20727
1667,0.29464
1668,0.34476
1669,0.37835
1670,0.45527
1671,0.40063
1672,0.34946
1673,0.21545
1674,0.14393
1675,0
1676,0
1677,0
1678,0
1679,0
1680,0
1681,0
1682,0
1683,0
1684,0
1685,0
1686,0
1687,0
1688,0.043509
1689,0.32684
1690,0.6401
1691,0.84163
1692,0.86042
1693,0.8921
1694,0.88931
1695,0.88026
1696,0.84633
1697,0.73547
1698,0.45005
1699,0.092238
1700,0
1701,0
1702,0
1703,0
1704,0
1705,0
1706,0
1707,0
1708,0
1709,0
1710,0
1711,0
1712,0.061434
1713,0.38322
1714,0.73773
1715,0.86512
1716,0.90097
1717,0.89053
1718,0.89784
1719,0.87609
1720,0.82753
1721,0.67769
1722,0.37939
1723,0.069962
1724,0
1725,0
1726,0
1727,0
1728,0
1729,0
1730,0
1731,0
1732,0
1733,0
1734,0
1735,0
1736,0.057779
1737,0.36095
1738,0.65976
1739,0.80056
1740,0.8881
1741,0.88148
1742,0.87835
1743,0.84929
1744,0.78837
1745,0.66307
1746,0.37243
1747,0.068047
1748,0
1749,0
1750,0
1751,0
1752,0
1753,0
1754,0
1755,0
1756,0
1757,0
1758,0
1759,0
1760,0.05134
1761,0.27045
1762,0.51079
1763,0.67177
1764,0.79099
1765,0.83362
1766,0.78646
1767,0.74069
1768,0.74452
1769,0.59833
1770,0.25026
1771,0.037765
1772,0
1773,0
1774,0
1775,0
1776,0
1777,0
1778,0
1779,0
1780,0
1781,0
1782,0
1783,0
1784,0.058649
1785,0.36965
1786,0.64323
1787,0.78924
1788,0.85242
1789,0.8505
1790,0.80334
1791,0.77619
1792,0.72607
1793,0.56805
1794,0.36982
1795,0.058475
1796,0
1797,0
1798,0
1799,0
1800,0
1801,0
1802,0
1803,0
1804,0
1805,0
1806,0
1807,0
1808,0.047511
1809,0.22572
1810,0.4283
1811,0.60947
1812,0.67995
1813,0.68865
1814,0.64549
1815,0.61312
1816,0.57675
1817,0.39419
1818,0.18987
1819,0.033589
1820,0
1821,0
1822,0
1823,0
1824,0
1825,0
1826,0
1827,0
1828,0
1829,0
1830,0
1831,0
1832,0.036025
1833,0.19683
1834,0.36652
1835,0.56787
1836,0.62182
1837,0.69005
1838,0.69561
1839,0.62461
1840,0.55204
1841,0.43543
1842,0.21041
1843,0.035329
1844,0
1845,0
1846,0
1847,0
1848,0
1849,0
1850,0
1851,0
1852,0
1853,0
1854,0
1855,0
1856,0.053777
1857,0.32544
1858,0.54751
1859,0.67264
1860,0.71319
1861,0.72068
1862,0.7607
1863,0.819
1864,0.81326
1865,0.69144
1866,0.45388
1867,0.10581
1868,0
1869,0
1870,0
1871,0
1872,0
1873,0
1874,0
1875,0
1876,0
1877,0
1878,0
1879,0
1880,0.083362
1881,0.43996
1882,0.69962
1883,0.81535
1884,0.87208
1885,0.86547
1886,0.86356
1887,0.8244
1888,0.74608
1889,0.60059
1890,0.39175
1891,0.090324
1892,0
1893,0
1894,0
1895,0
1896,0
1897,0
1898,0
1899,0
1900,0
1901,0
1902,0
1903,0
1904,0.086147
1905,0.44483
1906,0.69144
1907,0.71337
1908,0.7574
1909,0.80021
1910,0.81552
1911,0.75322
1912,0.72677
1913,0.58806
1914,0.39401
1915,0.091716
1916,0
1917,0
1918,0
1919,0
1920,0
1921,0
1922,0
1923,0
1924,0
1925,0
1926,0
1927,0
1928,0.087713
1929,0.36634
1930,0.5536
1931,0.64549
1932,0.74347
1933,0.73321
1934,0.66307
1935,0.64393
1936,0.69422
1937,0.60303
1938,0.36669
1939,0.080056
1940,0
1941,0
1942,0
1943,0
1944,0
1945,0
1946,0
1947,0
1948,0
1949,0
1950,0
1951,0
1952,0.099896
1953,0.42255
1954,0.70118
1955,0.79116
1956,0.80595
1957,0.75496
1958,0.7701
1959,0.85364
1960,0.76784
1961,0.66464
1962,0.41368
1963,0.097633
1964,0
1965,0
1966,0
1967,0
1968,0
1969,0
1970,0
1971,0
1972,0
1973,0
1974,0
1975,0
1976,0.10007
1977,0.39297
1978,0.65785
1979,0.69387
1980,0.70519
1981,0.70623
1982,0.83415
1983,0.80108
1984,0.78646
1985,0.60546
1986,0.34337
1987,0.077793
1988,0
1989,0
1990,0
1991,0
1992,0
1993,0
1994,0
1995,0
1996,0
1997,0
1998,0
1999,0
2000,0.10686
2001,0.4678
2002,0.75026
2003,0.8686
2004,0.882
2005,0.91351
2006,0.91403
2007,0.91194
2008,0.87748
2009,0.75774
2010,0.50191
2011,0.12896
2012,0
2013,0
2014,0
2015,0
2016,0
2017,0
2018,0
2019,0
2020,0
2021,0
2022,0
2023,0
2024,0.12182
2025,0.49339
2026,0.74121
2027,0.86408
2028,0.90707
2029,0.90915
2030,0.90672
2031,0.87661
2032,0.85938
2033,0.74469
2034,0.50452
2035,0.13557
2036,0
2037,0
2038,0
2039,0
2040,0
2041,0
2042,0
2043,0
2044,0
2045,0
2046,0
2047,0
2048,0.13
2049,0.4913
2050,0.74782
2051,0.86356
2052,0.90707
2053,0.91002
2054,0.9095
2055,0.90846
2056,0.87226
2057,0.75287
2058,0.50435
2059,0.13818
2060,0
2061,0
2062,0
2063,0
2064,0
2065,0
2066,0
2067,0
2068,0
2069,0
2070,0
2071,0.0010442
2072,0.13818
2073,0.46502
2074,0.73582
2075,0.88844
2076,0.9189
2077,0.88914
2078,0.89332
2079,0.878
2080,0.82579
2081,0.72746
2082,0.50122
2083,0.13644
2084,0
2085,0
2086,0
2087,0
2088,0
2089,0
2090,0
2091,0
2092,0
2093,0
2094,0
2095,0.0017403
2096,0.12478
2097,0.45005
2098,0.72816
2099,0.85312
2100,0.8867
2101,0.85242
2102,0.84546
2103,0.84024
2104,0.76314
2105,0.66707
2106,0.42569
2107,0.10825
2108,0
2109,0
2110,0
2111,0
2112,0
2113,0
2114,0
2115,0
2116,0
2117,0
2118,0
2119,0
2120,0.13557
2121,0.47529
2122,0.72224
2123,0.84494
2124,0.87922
2125,0.8867
2126,0.8867
2127,0.88496
2128,0.84407
2129,0.71824
2130,0.47842
2131,0.12774
2132,0
2133,0
2134,0
2135,0
2136,0
2137,0
2138,0
2139,0
2140,0
2141,0
2142,0
2143,0
2144,0.12948
2145,0.43543
2146,0.72207
2147,0.84963
2148,0.88984
2149,0.88392
2150,0.89715
2151,0.87731
2152,0.80265
2153,0.67282
2154,0.44448
2155,0.12252
2156,0
2157,0
2158,0
2159,0
2160,0
2161,0
2162,0
2163,0
2164,0
2165,0
2166,0
2167,0
2168,0.13923
2169,0.4772
2170,0.73355
2171,0.86304
2172,0.89053
2173,0.9008
2174,0.90654
2175,0.90202
2176,0.85068
2177,0.70971
2178,0.46363
2179,0.13157
2180,0
2181,0
2182,0
2183,0
2184,0
2185,0
2186,0
2187,0
2188,0
2189,0
2190,0
2191,0
2192,0.12426
2193,0.44326
2194,0.68813
2195,0.86112
2196,0.88636
2197,0.89506
2198,0.89506
2199,0.89036
2200,0.85781
2201,0.73773
2202,0.49722
2203,0.1448
2204,0
2205,0
2206,0
2207,0
2208,0
2209,0
2210,0
2211,0
2212,0
2213,0
2214,0
2215,0.0024365
2216,0.17212
2217,0.54803
2218,0.75948
2219,0.84215
2220,0.87696
2221,0.91351
2222,0.9142
2223,0.90985
2224,0.85781
2225,0.73425
2226,0.48173
2227,0.13992
2228,0
2229,0
2230,0
2231,0
2232,0
2233,0
2234,0
2235,0
2236,0
2237,0
2238,0
2239,0.0027845
2240,0.1709
2241,0.53985
2242,0.77115
2243,0.88514
2244,0.9149
2245,0.9015
2246,0.90428
2247,0.86391
2248,0.84041
2249,0.69492
2250,0.46345
2251,0.13714
2252,0
2253,0
2254,0
2255,0
2256,0
2257,0
2258,0
2259,0
2260,0
2261,0
2262,0
2263,0.0040028
2264,0.18221
2265,0.48556
2266,0.67003
2267,0.76645
2268,0.71476
2269,0.70292
2270,0.69126
2271,0.73512
2272,0.75566
2273,0.58632
2274,0.38879
2275,0.13522
2276,0
2277,0
2278,0
2279,0
2280,0
2281,0
2282,0
2283,0
2284,0
2285,0
2286,0
2287,0.005047
2288,0.17751
2289,0.49478
2290,0.70693
2291,0.85468
2292,0.8559
2293,0.91159
2294,0.87383
2295,0.83728
2296,0.78455
2297,0.65472
2298,0.43282
2299,0.11591
2300,0
2301,0
2302,0
2303,0
2304,0
2305,0
2306,0
2307,0
2308,0
2309,0
2310,0
2311,0.0066133
2312,0.16116
2313,0.41037
2314,0.60285
2315,0.6582
2316,0.67908
2317,0.69509
2318,0.66498
2319,0.62148
2320,0.62461
2321,0.53916
2322,0.39923
2323,0.12182
2324,0
2325,0
2326,0
2327,0
2328,0
2329,0
2330,0
2331,0
2332,0
2333,0
2334,0
2335,0.0066133
2336,0.18343
2337,0.52698
2338,0.7064
2339,0.82196
2340,0.84198
2341,0.83328
2342,0.81657
2343,0.86129
2344,0.85399
2345,0.70797
2346,0.5
2347,0.12061
2348,0
2349,0
2350,0
2351,0
2352,0
2353,0
2354,0
2355,0
2356,0
2357,0
2358,0
2359,0.0069614
2360,0.19735
2361,0.50348
2362,0.72311
2363,0.76488
2364,0.73616
2365,0.81465
2366,0.87348
2367,0.88427
2368,0.8559
2369,0.75305
2370,0.5369
2371,0.16725
2372,0
2373,0
2374,0
2375,0
2376,0
2377,0
2378,0
2379,0
2380,0
2381,0
2382,0
2383,0.005221
2384,0.18413
2385,0.49234
2386,0.71998
2387,0.84633
2388,0.88984
2389,0.87574
2390,0.87069
2391,0.87765
2392,0.81953
2393,0.69614
2394,0.48677
2395,0.14236
2396,0
2397,0
2398,0
2399,0
2400,0
2401,0
2402,0
2403,0
2404,0
2405,0
2406,0
2407,0.0092238
2408,0.20901
2409,0.5087
2410,0.67229
2411,0.72607
2412,0.85277
2413,0.81692
2414,0.7379
2415,0.70693
2416,0.68987
2417,0.65855
2418,0.46659
2419,0.17856
2420,0
2421,0
2422,0
2423,0
2424,0
2425,0
2426,0
2427,0
2428,0
2429,0
2430,0
2431,0.0078315
2432,0.21128
2433,0.58214
2434,0.7842
2435,0.86652
2436,0.88653
2437,0.89332
2438,0.89088
2439,0.88131
2440,0.83954
2441,0.73355
2442,0.52541
2443,0.17786
2444,0
2445,0
2446,0
2447,0
2448,0
2449,0
2450,0
2451,0
2452,0
2453,0
2454,0
2455,0.01166
2456,0.22851
2457,0.60077
2458,0.79534
2459,0.89541
2460,0.91803
2461,0.92255
2462,0.91333
2463,0.90985
2464,0.87748
2465,0.7741
2466,0.54647
2467,0.18604
2468,0
2469,0
2470,0
2471,0
2472,0
2473,0
2474,0
2475,0
2476,0
2477,0
2478,0
2479,0.0097459
2480,0.1991
2481,0.50174
2482,0.74243
2483,0.88375
2484,0.90097
2485,0.89871
2486,0.90776
2487,0.90393
2488,0.84911
2489,0.71928
2490,0.46119
2491,0.14253
2492,0
2493,0
2494,0
2495,0
2496,0
2497,0
2498,0
2499,0
2500,0
2501,0
2502,0
2503,0.01166
2504,0.22468
2505,0.58597
2506,0.68204
2507,0.84407
2508,0.92743
2509,0.92534
2510,0.92638
2511,0.9182
2512,0.88775
2513,0.7748
2514,0.55708
2515,0.19648
2516,0
2517,0
2518,0
2519,0
2520,0
2521,0
2522,0
2523,0
2524,0
2525,0
2526,0
2527,0.015837
2528,0.25583
2529,0.62078
2530,0.80717
2531,0.91438
2532,0.92795
2533,0.92847
2534,0.92621
2535,0.92551
2536,0.89419
2537,0.78124
2538,0.56109
2539,0.19753
2540,0
2541,0
2542,0
2543,0
2544,0
2545,0
2546,0
2547,0
2548,0
2549,0
2550,0
2551,0.016707
2552,0.25287
2553,0.59624
2554,0.77428
2555,0.87644
2556,0.90585
2557,0.9062
2558,0.90097
2559,0.90463
2560,0.87435
2561,0.68622
2562,0.55534
2563,0.19648
2564,0
2565,0
2566,0
2567,0
2568,0
2569,0
2570,0
2571,0
2572,0
2573,0
2574,0
2575,0.017926
2576,0.25809
2577,0.55047
2578,0.74661
2579,0.88235
2580,0.90759
2581,0.91542
2582,0.91542
2583,0.91211
2584,0.86791
2585,0.75218
2586,0.53864
2587,0.19474
2588,0
2589,0
2590,0
2591,0
2592,0
2593,0
2594,0
2595,0
2596,0
2597,0
2598,0
2599,0.0181
2600,0.25096
2601,0.58336
2602,0.77915
2603,0.87974
2604,0.91055
2605,0.91037
2606,0.90741
2607,0.90446
2608,0.86843
2609,0.75409
2610,0.53098
2611,0.18796
2612,0
2613,0
2614,0
2615,0
2616,0
2617,0
2618,0
2619,0
2620,0
2621,0
2622,0
2623,0.019318
2624,0.25026
2625,0.59572
2626,0.77532
2627,0.87261
2628,0.89419
2629,0.89401
2630,0.90306
2631,0.89715
2632,0.8606
2633,0.74974
2634,0.5127
2635,0.18152
2636,0
2637,0
2638,0
2639,0
2640,0
2641,0
2642,0
2643,0
2644,0
2645,0
2646,0
2647,0.01897
2648,0.2393
2649,0.57449
2650,0.7741
2651,0.8646
2652,0.87121
2653,0.87609
2654,0.82144
2655,0.75374
2656,0.67299
2657,0.59015
2658,0.3009
2659,0.090324
2660,0
2661,0
2662,0
2663,0
2664,0
2665,0
2666,0
2667,0
2668,0
2669,0
2670,0.0024365
2671,0.026627
2672,0.22363
2673,0.5362
2674,0.75809
2675,0.85799
2676,0.88618
2677,0.87591
2678,0.87069
2679,0.75357
2680,0.62269
2681,0.57936
2682,0.35399
2683,0.10042
2684,0
2685,0
2686,0
2687,0
2688,0
2689,0
2690,0
2691,0
2692,0
2693,0
2694,0.0066133
2695,0.028194
2696,0.1749
2697,0.46241
2698,0.71859
2699,0.85921
2700,0.88775
2701,0.77584
2702,0.63609
2703,0.54455
2704,0.54577
2705,0.47859
2706,0.32109
2707,0.11364
2708,0
2709,0
2710,0
2711,0
2712,0
2713,0
2714,0
2715,0
2716,0
2717,0
2718,0
2719,0.024539
2720,0.20205
2721,0.45197
2722,0.62722
2723,0.75844
2724,0.77341
2725,0.77115
2726,0.76279
2727,0.74069
2728,0.65942
2729,0.60181
2730,0.4062
2731,0.16533
2732,0
2733,0
2734,0
2735,0
2736,0
2737,0
2738,0
2739,0
2740,0
2741,0
2742,0
2743,0.016185
2744,0.15837
2745,0.39941
2746,0.43213
2747,0.43752
2748,0.52141
2749,0.56944
2750,0.54925
2751,0.53202
2752,0.45336
2753,0.38148
2754,0.3291
2755,0.12478
2756,0
2757,0
2758,0
2759,0
2760,0
2761,0
2762,0
2763,0
2764,0
2765,0
2766,0
2767,0.032892
2768,0.2929
2769,0.52489
2770,0.71545
2771,0.7929
2772,0.89123
2773,0.84215
2774,0.75966
2775,0.76123
2776,0.78837
2777,0.56631
2778,0.4504
2779,0.17073
2780,0
2781,0
2782,0
2783,0
2784,0
2785,0
2786,0
2787,0
2788,0
2789,0
2790,0
2791,0.036373
2792,0.31117
2793,0.66029
2794,0.72433
2795,0.89732
2796,0.84528
2797,0.86652
2798,0.93126
2799,0.93143
2800,0.89332
2801,0.7795
2802,0.5858
2803,0.24278
2804,0
2805,0
2806,0
2807,0
2808,0
2809,0
2810,0
2811,0
2812,0
2813,0
2814,0
2815,0.040028
2816,0.31361
2817,0.6575
2818,0.82562
2819,0.90689
2820,0.92969
2821,0.93387
2822,0.93404
2823,0.92221
2824,0.87609
2825,0.77202
2826,0.57275
2827,0.23703
2828,0
2829,0
2830,0
2831,0
2832,0
2833,0
2834,0
2835,0
2836,0
2837,0
2838,0
2839,0.04316
2840,0.29568
2841,0.63488
2842,0.7875
2843,0.89645
2844,0.92551
2845,0.9196
2846,0.91107
2847,0.90446
2848,0.84807
2849,0.73251
2850,0.51427
2851,0.18865
2852,0
2853,0
2854,0
2855,0
2856,0
2857,0
2858,0
2859,0
2860,0
2861,0
2862,0
2863,0.035503
2864,0.26523
2865,0.55761
2866,0.76505
2867,0.87348
2868,0.90637
2869,0.92221
2870,0.91577
2871,0.88984
2872,0.82231
2873,0.72833
2874,0.52471
2875,0.18674
2876,0
2877,0
2878,0
2879,0
2880,0
2881,0
2882,0
2883,0
2884,0
2885,0
2886,0
2887,0.041768
2888,0.29203
2889,0.5583
2890,0.75305
2891,0.86234
2892,0.89175
2893,0.90933
2894,0.84233
2895,0.83484
2896,0.8284
2897,0.69318
2898,0.46693
2899,0.19788
2900,0
2901,0
2902,0
2903,0
2904,0
2905,0
2906,0
2907,0
2908,0
2909,0
2910,0
2911,0.045075
2912,0.32005
2913,0.64863
2914,0.82283
2915,0.89279
2916,0.90515
2917,0.90985
2918,0.92482
2919,0.9095
2920,0.86721
2921,0.7694
2922,0.5764
2923,0.24556
2924,0
2925,0
2926,0
2927,0
2928,0
2929,0
2930,0
2931,0
2932,0
2933,0
2934,0
2935,0.045423
2936,0.25548
2937,0.45423
2938,0.59224
2939,0.65994
2940,0.76819
2941,0.86042
2942,0.79673
2943,0.77219
2944,0.74782
2945,0.66498
2946,0.48991
2947,0.21424
2948,0
2949,0
2950,0
2951,0
2952,0
2953,0
2954,0
2955,0
2956,0
2957,0
2958,0
2959,0.047163
2960,0.3056
2961,0.60581
2962,0.75479
2963,0.86234
2964,0.9015
2965,0.90097
2966,0.86791
2967,0.85851
2968,0.76592
2969,0.64027
2970,0.4779
2971,0.20101
2972,0
2973,0
2974,0
2975,0
2976,0
2977,0
2978,0
2979,0
2980,0
2981,0
2982,0
2983,0.049774
2984,0.30212
2985,0.61243
2986,0.79986
2987,0.81953
2988,0.85555
2989,0.89401
2990,0.78107
2991,0.7607
2992,0.68604
2993,0.56979
2994,0.45144
2995,0.18326
2996,0
2997,0
2998,0
2999,0
3000,0
3001,0
3002,0
3003,0
3004,0
3005,0
3006,0
3007,0.051166
3008,0.31552
3009,0.61208
3010,0.76331
3011,0.83989
3012,0.8197
3013,0.83223
3014,0.79481
3015,0.73616
3016,0.74086
3017,0.65576
3018,0.47929
3019,0.21215
3020,0
3021,0
3022,0
3023,0
3024,0
3025,0
3026,0
3027,0
3028,0
3029,0
3030,0
3031,0.0496
3032,0.30282
3033,0.59241
3034,0.74626
3035,0.78942
3036,0.73268
3037,0.71893
3038,0.74121
3039,0.69648
3040,0.59972
3041,0.47859
3042,0.31204
3043,0.12983
3044,0
3045,0
3046,0
3047,0
3048,0
3049,0
3050,0
3051,0
3052,0
3053,0
3054,0
3055,0.035503
3056,0.22764
3057,0.41873
3058,0.51775
3059,0.57849
3060,0.62078
3061,0.62948
3062,0.64793
3063,0.56805
3064,0.46328
3065,0.37661
3066,0.22346
3067,0.10564
3068,0
3069,0
3070,0
3071,0
3072,0
3073,0
3074,0
3075,0
3076,0
3077,0
3078,0
3079,0.048904
3080,0.27219
3081,0.55378
3082,0.72868
3083,0.78733
3084,0.85503
3085,0.90063
3086,0.81082
3087,0.75305
3088,0.69666
3089,0.60198
3090,0.46885
3091,0.22294
3092,0
3093,0
3094,0
3095,0
3096,0
3097,0
3098,0
3099,0
3100,0
3101,0
3102,0
3103,0.062478
3104,0.34824
3105,0.618
3106,0.81048
3107,0.83275
3108,0.86112
3109,0.85555
3110,0.91873
3111,0.88531
3112,0.80734
3113,0.71406
3114,0.56074
3115,0.24956
3116,0
3117,0
3118,0
3119,0
3120,0
3121,0
3122,0
3123,0
3124,0
3125,0
3126,0
3127,0.054995
3128,0.31152
3129,0.57727
3130,0.76036
3131,0.84789
3132,0.88966
3133,0.89471
3134,0.8747
3135,0.88288
3136,0.84563
3137,0.72102
3138,0.53829
3139,0.23703
3140,0
3141,0
3142,0
3143,0
3144,0
3145,0
3146,0
3147,0
3148,0
3149,0
3150,0
3151,0.068395
3152,0.3371
3153,0.6213
3154,0.77724
3155,0.80439
3156,0.84598
3157,0.90933
3158,0.90237
3159,0.89836
3160,0.81117
3161,0.63905
3162,0.55169
3163,0.25948
3164,0
3165,0
3166,0
3167,0
3168,0
3169,0
3170,0
3171,0
3172,0
3173,0
3174,0
3175,0.067351
3176,0.35242
3177,0.64706
3178,0.80299
3179,0.88496
3180,0.93596
3181,0.89784
3182,0.86304
3183,0.81552
3184,0.75635
3185,0.56822
3186,0.36199
3187,0.15019
3188,0
3189,0
3190,0
3191,0
3192,0
3193,0
3194,0
3195,0
3196,0
3197,0
3198,0
3199,0.044553
3200,0.26123
3201,0.41977
3202,0.59276
3203,0.60459
3204,0.63784
3205,0.64967
3206,0.60599
3207,0.5442
3208,0.46258
3209,0.31883
3210,0.16568
3211,0.064219
3212,0
3213,0
3214,0
3215,0
3216,0
3217,0
3218,0
3219,0
3220,0
3221,0
3222,0
3223,0.023147
3224,0.11016
3225,0.22781
3226,0.31987
3227,0.45266
3228,0.53463
3229,0.50209
3230,0.47859
3231,0.50191
3232,0.46241
3233,0.43491
3234,0.35137
3235,0.17577
3236,0
3237,0
3238,0
3239,0
3240,0
3241,0
3242,0
3243,0
3244,0
3245,0
3246,0
3247,0.079186
3248,0.35764
3249,0.6307
3250,0.82144
3251,0.87696
3252,0.74452
3253,0.80961
3254,0.80647
3255,0.82771
3256,0.69457
3257,0.58702
3258,0.50801
3259,0.23895
3260,0
3261,0
3262,0
3263,0
3264,0
3265,0
3266,0
3267,0
3268,0
3269,0
3270,0
3271,0.060042
3272,0.24539
3273,0.56613
3274,0.70519
3275,0.79795
3276,0.8251
3277,0.85764
3278,0.85016
3279,0.80752
3280,0.69579
3281,0.56248
3282,0.41263
3283,0.18778
3284,0
3285,0
3286,0
3287,0
3288,0
3289,0
3290,0
3291,0
3292,0
3293,0
3294,0
3295,0.060042
3296,0.3117
3297,0.49826
3298,0.62252
3299,0.81674
3300,0.8237
3301,0.7835
3302,0.79499
3303,0.80334
3304,0.72155
3305,0.64462
3306,0.49809
3307,0.2527
3308,0
3309,0
3310,0
3311,0
3312,0
3313,0
3314,0
3315,0
3316,0
3317,0
3318,0
3319,0.075705
3320,0.37713
3321,0.63314
3322,0.82527
3323,0.92412
3324,0.93439
3325,0.941
3326,0.92778
3327,0.90672
3328,0.83223
3329,0.72224
3330,0.55378
3331,0.25461
3332,0
3333,0
3334,0
3335,0
3336,0
3337,0
3338,0
3339,0
3340,0
3341,0
3342,0
3343,0.050122
3344,0.24713
3345,0.49078
3346,0.70484
3347,0.84894
3348,0.9008
3349,0.90794
3350,0.8961
3351,0.8914
3352,0.81674
3353,0.74347
3354,0.5811
3355,0.27776
3356,0
3357,0
3358,0
3359,0
3360,0
3361,0
3362,0
3363,0
3364,0
3365,0
3366,0
3367,0.055865
3368,0.22659
3369,0.46345
3370,0.64445
3371,0.73999
3372,0.76523
3373,0.73703
3374,0.79394
3375,0.72764
3376,0.64828
3377,0.51497
3378,0.40759
3379,0.19509
3380,0
3381,0
3382,0
3383,0
3384,0
3385,0
3386,0
3387,0
3388,0
3389,0
3390,0
3391,0.045771
3392,0.23738
3393,0.42691
3394,0.54055
3395,0.5811
3396,0.63609
3397,0.70171
3398,0.69892
3399,0.73129
3400,0.65942
3401,0.55291
3402,0.44274
3403,0.20188
3404,0
3405,0
3406,0
3407,0
3408,0
3409,0
3410,0
3411,0
3412,0
3413,0
3414,0
3415,0.074139
3416,0.32127
3417,0.55865
3418,0.71998
3419,0.83275
3420,0.79603
3421,0.72659
3422,0.76123
3423,0.76679
3424,0.71841
3425,0.67838
3426,0.56596
3427,0.29725
3428,0
3429,0
3430,0
3431,0
3432,0
3433,0
3434,0
3435,0
3436,0
3437,0
3438,0
3439,0.085625
3440,0.3512
3441,0.63348
3442,0.78107
3443,0.88636
3444,0.90219
3445,0.90759
3446,0.88235
3447,0.78037
3448,0.77115
3449,0.65872
3450,0.58162
3451,0.30821
3452,0
3453,0
3454,0
3455,0
3456,0
3457,0
3458,0
3459,0
3460,0
3461,0.0053951
3462,0.0066133
3463,0.094501
3464,0.38531
3465,0.6749
3466,0.81883
3467,0.90237
3468,0.93195
3469,0.93561
3470,0.93752
3471,0.92499
3472,0.8606
3473,0.7701
3474,0.60233
3475,0.29273
3476,0.057257
3477,0
3478,0
3479,0
3480,0
3481,0
3482,0
3483,0
3484,0
3485,0
3486,0
3487,0.085973
3488,0.38009
3489,0.65437
3490,0.78019
3491,0.88757
3492,0.91333
3493,0.90219
3494,0.86739
3495,0.83397
3496,0.75044
3497,0.63766
3498,0.44083
3499,0.18987
3500,0.029586
3501,0
3502,0
3503,0
3504,0
3505,0
3506,0
3507,0
3508,0
3509,0
3510,0
3511,0.079534
3512,0.34337
3513,0.60111
3514,0.7842
3515,0.89088
3516,0.92395
3517,0.91612
3518,0.9283
3519,0.8961
3520,0.85312
3521,0.76575
3522,0.60616
3523,0.31361
3524,0.054473
3525,0
3526,0
3527,0
3528,0
3529,0
3530,0
3531,0
3532,0
3533,0
3534,0
3535,0.096763
3536,0.4095
3537,0.67421
3538,0.81639
3539,0.89906
3540,0.92638
3541,0.92847
3542,0.92325
3543,0.89749
3544,0.85851
3545,0.7567
3546,0.60338
3547,0.31483
3548,0.057605
3549,0
3550,0
3551,0
3552,0
3553,0
3554,0
3555,0
3556,0
3557,0
3558,0
3559,0.095023
3560,0.40602
3561,0.68361
3562,0.81483
3563,0.90028
3564,0.92934
3565,0.93404
3566,0.93004
3567,0.89889
3568,0.82945
3569,0.73773
3570,0.53028
3571,0.2661
3572,0.048904
3573,0
3574,0
3575,0
3576,0
3577,0
3578,0
3579,0
3580,0
3581,0
3582,0.00034807
3583,0.096937
3584,0.38549
3585,0.64654
3586,0.79133
3587,0.88253
3588,0.9182
3589,0.93404
3590,0.93683
3591,0.92551
3592,0.87052
3593,0.76819
3594,0.60129
3595,0.32283
3596,0.064567
3597,0
3598,0
3599,0
3600,0
3601,0
3602,0
3603,0
3604,0
3605,0
3606,0
3607,0.10024
3608,0.38844
3609,0.61625
3610,0.79429
3611,0.85364
3612,0.92812
3613,0.93961
3614,0.92986
3615,0.91873
3616,0.874
3617,0.72746
3618,0.56892
3619,0.31535
3620,0.06213
3621,0
3622,0
3623,0
3624,0
3625,0
3626,0
3627,0
3628,0
3629,0
3630,0
3631,0.10007
3632,0.41594
3633,0.63331
3634,0.75305
3635,0.86338
3636,0.91107
3637,0.88966
3638,0.90237
3639,0.88583
3640,0.83084
3641,0.71267
3642,0.55795
3643,0.28524
3644,0.050644
3645,0
3646,0
3647,0
3648,0
3649,0
3650,0
3651,0
3652,0
3653,0
3654,0
3655,0.10059
3656,0.37713
3657,0.58545
3658,0.66899
3659,0.80891
3660,0.87
3661,0.85764
3662,0.85764
3663,0.86356
3664,0.82405
3665,0.76053
3666,0.60372
3667,0.31779
3668,0.062652
3669,0
3670,0
3671,0
3672,0
3673,0
3674,0
3675,0
3676,0
3677,0
3678,0
3679,0.096763
3680,0.3968
3681,0.57919
3682,0.7433
3683,0.83989
3684,0.78228
3685,0.81344
3686,0.86495
3687,0.85938
3688,0.7755
3689,0.68378
3690,0.55813
3691,0.3056
3692,0.05952
3693,0
3694,0
3695,0
3696,0
3697,0
3698,0
3699,0
3700,0
3701,0
3702,0
3703,0.077271
3704,0.31239
3705,0.61069
3706,0.73964
3707,0.81396
3708,0.85068
3709,0.83641
3710,0.84702
3711,0.77619
3712,0.7064
3713,0.68535
3714,0.52054
3715,0.26784
3716,0.046467
3717,0
3718,0
3719,0
3720,0
3721,0
3722,0
3723,0
3724,0
3725,0
3726,0
3727,0.088061
3728,0.38079
3729,0.65019
3730,0.7748
3731,0.86373
3732,0.89454
3733,0.89245
3734,0.86391
3735,0.81831
3736,0.77045
3737,0.62879
3738,0.46154
3739,0.25183
3740,0.046641
3741,0
3742,0
3743,0
3744,0
3745,0
3746,0
3747,0
3748,0
3749,0
3750,0
3751,0.098329
3752,0.39297
3753,0.64427
3754,0.79847
3755,0.88618
3756,0.90428
3757,0.88653
3758,0.89036
3759,0.84058
3760,0.7426
3761,0.68065
3762,0.54699
3763,0.27637
3764,0.0496
3765,0
3766,0
3767,0
3768,0
3769,0
3770,0
3771,0
3772,0
3773,0
3774,0
3775,0.10077
3776,0.40515
3777,0.66986
3778,0.81082
3779,0.87034
3780,0.87765
3781,0.93891
3782,0.95318
3783,0.94205
3784,0.88897
3785,0.78507
3786,0.60808
3787,0.3378
3788,0.072398
3789,0
3790,0
3791,0
3792,0
3793,0
3794,0
3795,0
3796,0
3797,0
3798,0
3799,0.097633
3800,0.39802
3801,0.65367
3802,0.78629
3803,0.88653
3804,0.92482
3805,0.91124
3806,0.88166
3807,0.83606
3808,0.74278
3809,0.62426
3810,0.47389
3811,0.26453
3812,0.059172
3813,0
3814,0
3815,0
3816,0
3817,0
3818,0
3819,0
3820,0
3821,0
3822,0
3823,0.027671
3824,0.093456
3825,0.1488
3826,0.1716
3827,0.20292
3828,0.28663
3829,0.40359
3830,0.38357
3831,0.27062
3832,0.22955
3833,0.1622
3834,0.10755
3835,0.038462
3836,0
3837,0
3838,0
3839,0
3840,0
3841,0
3842,0
3843,0
3844,0
3845,0
3846,0
3847,0.081448
3848,0.33014
3849,0.59032
3850,0.73286
3851,0.8432
3852,0.87139
3853,0.87017
3854,0.76523
3855,0.80491
3856,0.66516
3857,0.55795
3858,0.54716
3859,0.28194
3860,0.077793
3861,0
3862,0
3863,0
3864,0
3865,0
3866,0
3867,0
3868,0
3869,0
3870,0
3871,0.099373
3872,0.40428
3873,0.66916
3874,0.81709
3875,0.90672
3876,0.93491
3877,0.95075
3878,0.93561
3879,0.92134
3880,0.85851
3881,0.72537
3882,0.57014
3883,0.34372
3884,0.075531
3885,0
3886,0
3887,0
3888,0
3889,0
3890,0
3891,0
3892,0
3893,0
3894,0
3895,0.091716
3896,0.39349
3897,0.60721
3898,0.67943
3899,0.7708
3900,0.83989
3901,0.84842
3902,0.85381
3903,0.82405
3904,0.6883
3905,0.57849
3906,0.5087
3907,0.25583
3908,0.048033
3909,0
3910,0
3911,0
3912,0
3913,0
3914,0
3915,0
3916,0
3917,0
3918,0
3919,0.092934
3920,0.38879
3921,0.65593
3922,0.79899
3923,0.8914
3924,0.93439
3925,0.92673
3926,0.83432
3927,0.8197
3928,0.8157
3929,0.71302
3930,0.56474
3931,0.30613
3932,0.063
3933,0
3934,0
3935,0
3936,0
3937,0
3938,0
3939,0
3940,0
3941,0
3942,0
3943,0.10042
3944,0.40741
3945,0.68395
3946,0.82579
3947,0.91472
3948,0.94709
3949,0.95388
3950,0.94692
3951,0.93021
3952,0.8834
3953,0.78733
3954,0.63035
3955,0.36234
3956,0.083362
3957,0
3958,0
3959,0
3960,0
3961,0
3962,0
3963,0
3964,0
3965,0
3966,0
3967,0.10181
3968,0.42047
3969,0.64497
3970,0.78194
3971,0.88253
3972,0.91768
3973,0.92534
3974,0.92273
3975,0.90115
3976,0.86686
3977,0.77341
3978,0.62165
3979,0.35381
3980,0.081796
3981,0
3982,0
3983,0
3984,0
3985,0
3986,0
3987,0
3988,0
3989,0
3990,0
3991,0.1079
3992,0.42412
3993,0.65628
3994,0.77915
3995,0.86878
3996,0.91768
3997,0.9196
3998,0.91559
3999,0.90602
4000,0.85834
4001,0.76001
4002,0.59641
4003,0.32945
4004,0.07936
4005,0
4006,0
4007,0
4008,0
4009,0
4010,0
4011,0
4012,0
4013,0
4014,0
4015,0.10599
4016,0.4095
4017,0.64567
4018,0.77219
4019,0.86704
4020,0.90254
4021,0.91298
4022,0.90672
4023,0.89784
4024,0.83971
4025,0.74243
4026,0.58824
4027,0.33171
4028,0.077271
4029,0
4030,0
4031,0
4032,0
4033,0
4034,0
4035,0
4036,0
4037,0
4038,0
4039,0.10425
4040,0.39593
4041,0.63227
4042,0.76401
4043,0.85294
4044,0.89297
4045,0.90776
4046,0.89575
4047,0.86721
4048,0.80282
4049,0.71354
4050,0.55586
4051,0.32196
4052,0.073964
4053,0
4054,0
4055,0
4056,0
4057,0
4058,0
4059,0
4060,0
4061,0
4062,0
4063,0.10633
4064,0.39245
4065,0.62339
4066,0.78246
4067,0.87905
4068,0.91977
4069,0.94553
4070,0.95092
4071,0.94152
4072,0.89279
4073,0.77967
4074,0.62983
4075,0.36808
4076,0.09363
4077,0
4078,0
4079,0
4080,0
4081,0
4082,0
4083,0
4084,0
4085,0
4086,0
4087,0.1086
4088,0.41472
4089,0.68256
4090,0.82318
4091,0.91124
4092,0.94918
4093,0.9551
4094,0.9497
4095,0.93543
4096,0.88061
4097,0.77602
4098,0.60877
4099,0.33641
4100,0.079186
4101,0
4102,0
4103,0
4104,0
4105,0
4106,0
4107,0
4108,0
4109,0
4110,0
4111,0.099199
4112,0.3914
4113,0.65942
4114,0.8103
4115,0.90359
4116,0.94222
4117,0.94762
4118,0.94292
4119,0.92899
4120,0.86756
4121,0.75583
4122,0.6032
4123,0.34615
4124,0.084929
4125,0
4126,0
4127,0
4128,0
4129,0
4130,0
4131,0
4132,0
4133,0
4134,0
4135,0.10581
4136,0.41455
4137,0.68361
4138,0.82405
4139,0.91577
4140,0.95214
4141,0.9591
4142,0.95701
4143,0.94344
4144,0.88305
4145,0.76471
4146,0.59833
4147,0.34737
4148,0.091194
4149,0
4150,0
4151,0
4152,0
4153,0
4154,0
4155,0
4156,0
4157,0
4158,0
4159,0.10059
4160,0.37922
4161,0.65559
4162,0.81552
4163,0.8881
4164,0.91089
4165,0.91733
4166,0.9149
4167,0.90533
4168,0.84006
4169,0.74991
4170,0.61765
4171,0.33467
4172,0.086495
4173,0
4174,0
4175,0
4176,0
4177,0
4178,0
4179,0
4180,0
4181,0.0015663
4182,0.0015663
4183,0.099199
4184,0.40324
4185,0.6763
4186,0.80752
4187,0.88984
4188,0.941
4189,0.95162
4190,0.94901
4191,0.9377
4192,0.86565
4193,0.74191
4194,0.57849
4195,0.34581
4196,0.087887
4197,0
4198,0
4199,0
4200,0
4201,0
4202,0
4203,0
4204,0
4205,0.0013923
4206,0.0013923
4207,0.095023
4208,0.36843
4209,0.62356
4210,0.78072
4211,0.8599
4212,0.89645
4213,0.91525
4214,0.9095
4215,0.87644
4216,0.8009
4217,0.69997
4218,0.54995
4219,0.31692
4220,0.076227
4221,0
4222,0
4223,0
4224,0
4225,0
4226,0
4227,0
4228,0
4229,0
4230,0
4231,0.069266
4232,0.26418
4233,0.49722
4234,0.61939
4235,0.68883
4236,0.73442
4237,0.75914
4238,0.75183
4239,0.73582
4240,0.67142
4241,0.62113
4242,0.50122
4243,0.2922
4244,0.064393
4245,0
4246,0
4247,0
4248,0
4249,0
4250,0
4251,0
4252,0
4253,0
4254,0
4255,0.064567
4256,0.26697
4257,0.4859
4258,0.66603
4259,0.72938
4260,0.73112
4261,0.6756
4262,0.61834
4263,0.55882
4264,0.47181
4265,0.38984
4266,0.31953
4267,0.14236
4268,0.026975
4269,0
4270,0
4271,0
4272,0
4273,0
4274,0
4275,0
4276,0
4277,0
4278,0
4279,0.045423
4280,0.17978
4281,0.32614
4282,0.4866
4283,0.63383
4284,0.62565
4285,0.62043
4286,0.70292
4287,0.76105
4288,0.65228
4289,0.57188
4290,0.48399
4291,0.24765
4292,0.054299
4293,0
4294,0
4295,0
4296,0
4297,0
4298,0
4299,0
4300,0
4301,0
4302,0
4303,0.052906
4304,0.24539
4305,0.49078
4306,0.66725
4307,0.73373
4308,0.74139
4309,0.76888
4310,0.76888
4311,0.78907
4312,0.75983
4313,0.61834
4314,0.50313
4315,0.28489
4316,0.07118
4317,0
4318,0
4319,0
4320,0
4321,0
4322,0
4323,0
4324,0
4325,0
4326,0
4327,0.064219
4328,0.33066
4329,0.59485
4330,0.74313
4331,0.81726
4332,0.81239
4333,0.73582
4334,0.69335
4335,0.74591
4336,0.70658
4337,0.62826
4338,0.48207
4339,0.26819
4340,0.063174
4341,0
4342,0
4343,0
4344,0
4345,0
4346,0
4347,0
4348,0
4349,0
4350,0
4351,0.028019
4352,0.11364
4353,0.19718
4354,0.26471
4355,0.39628
4356,0.4511
4357,0.52471
4358,0.52924
4359,0.5898
4360,0.50661
4361,0.37939
4362,0.33589
4363,0.23442
4364,0.044553
4365,0
4366,0
4367,0
4368,0
4369,0
4370,0
4371,0
4372,0
4373,0
4374,0
4375,0.041594
4376,0.21772
4377,0.45545
4378,0.62113
4379,0.76732
4380,0.86512
4381,0.9055
4382,0.91351
4383,0.91385
4384,0.85364
4385,0.76366
4386,0.59206
4387,0.34441
4388,0.077097
4389,0
4390,0
4391,0
4392,0
4393,0
4394,0
4395,0
4396,0
4397,0
4398,0
4399,0.059172
4400,0.3204
4401,0.59433
4402,0.74782
4403,0.83571
4404,0.83536
4405,0.81692
4406,0.78194
4407,0.75861
4408,0.73825
4409,0.61364
4410,0.41994
4411,0.24313
4412,0.055169
4413,0
4414,0
4415,0
4416,0
4417,0
4418,0
4419,0
4420,0
4421,0
4422,0
4423,0.075705
4424,0.31117
4425,0.54333
4426,0.71685
4427,0.79986
4428,0.8204
4429,0.86391
4430,0.89471
4431,0.86391
4432,0.84145
4433,0.76871
4434,0.59206
4435,0.32231
4436,0.078489
4437,0
4438,0
4439,0
4440,0
4441,0
4442,0
4443,0
4444,0
4445,0
4446,0
4447,0.072746
4448,0.36008
4449,0.64149
4450,0.80682
4451,0.88931
4452,0.92273
4453,0.93178
4454,0.90985
4455,0.89158
4456,0.85451
4457,0.76314
4458,0.6213
4459,0.36008
4460,0.084581
4461,0
4462,0
4463,0
4464,0
4465,0
4466,0
4467,0
4468,0
4469,0
4470,0
4471,0.075009
4472,0.35451
4473,0.63888
4474,0.7922
4475,0.89279
4476,0.9464
4477,0.9598
4478,0.94083
4479,0.91263
4480,0.84111
4481,0.72885
4482,0.59137
4483,0.34058
4484,0.082492
4485,0
4486,0
4487,0
4488,0
4489,0
4490,0
4491,0
4492,0
4493,0
4494,0
4495,0.07379
4496,0.36373
4497,0.65698
4498,0.81239
4499,0.90724
4500,0.94953
4501,0.95806
4502,0.93944
4503,0.90254
4504,0.89297
4505,0.78924
4506,0.63592
4507,0.37
4508,0.088061
4509,0
4510,0
4511,0
4512,0
4513,0
4514,0
4515,0
4516,0
4517,0
4518,0
4519,0.077445
4520,0.37313
4521,0.66568
4522,0.81709
4523,0.8921
4524,0.937
4525,0.94501
4526,0.93543
4527,0.95179
4528,0.91211
4529,0.811
4530,0.64288
4531,0.34372
4532,0.079708
4533,0
4534,0
4535,0
4536,0
4537,0
4538,0
4539,0
4540,0
4541,0
4542,0
4543,0.051514
4544,0.26784
4545,0.5315
4546,0.75061
4547,0.87678
4548,0.91733
4549,0.93944
4550,0.92464
4551,0.92273
4552,0.90741
4553,0.79847
4554,0.63087
4555,0.36321
4556,0.087887
4557,0
4558,0
4559,0
4560,0
4561,0
4562,0
4563,0
4564,0
4565,0
4566,0
4567,0.074313
4568,0.34267
4569,0.61643
4570,0.73599
4571,0.81622
4572,0.87191
4573,0.88288
4574,0.8733
4575,0.91559
4576,0.88131
4577,0.78228
4578,0.63818
4579,0.37591
4580,0.096241
4581,0
4582,0
4583,0
4584,0
4585,0
4586,0
4587,0
4588,0
4589,0
4590,0
4591,0.07379
4592,0.32127
4593,0.63522
4594,0.79916
4595,0.87174
4596,0.90045
4597,0.92325
4598,0.89575
4599,0.80995
4600,0.76018
4601,0.67699
4602,0.5369
4603,0.30926
4604,0.067873
4605,0
4606,0
4607,0
4608,0
4609,0
4610,0
4611,0
4612,0
4613,0
4614,0
4615,0.075705
4616,0.34772
4617,0.65924
4618,0.82092
4619,0.91002
4620,0.95684
4621,0.95875
4622,0.93648
4623,0.92569
4624,0.87748
4625,0.75044
4626,0.6213
4627,0.36216
4628,0.083188
4629,0
4630,0
4631,0
4632,0
4633,0
4634,0
4635,0
4636,0
4637,0
4638,0
4639,0.063348
4640,0.34911
4641,0.66255
4642,0.81744
4643,0.90707
4644,0.9591
4645,0.97007
4646,0.96746
4647,0.94361
4648,0.89645
4649,0.77358
4650,0.56404
4651,0.33049
4652,0.064915
4653,0
4654,0
4655,0
4656,0
4657,0
4658,0
4659,0
4660,0
4661,0
4662,0
4663,0.067873
4664,0.35085
4665,0.66759
4666,0.82475
4667,0.88757
4668,0.95197
4669,0.95614
4670,0.96276
4671,0.95527
4672,0.90776
4673,0.811
4674,0.65071
4675,0.37383
4676,0.085277
4677,0
4678,0
4679,0
4680,0
4681,0
4682,0
4683,0
4684,0
4685,0
4686,0
4687,0.068221
4688,0.36669
4689,0.67821
4690,0.83397
4691,0.90602
4692,0.96902
4693,0.9551
4694,0.97007
4695,0.9417
4696,0.88305
4697,0.77062
4698,0.65628
4699,0.39297
4700,0.11347
4701,0
4702,0
4703,0
4704,0
4705,0
4706,0
4707,0
4708,0
4709,0
4710,0
4711,0.065263
4712,0.35329
4713,0.6615
4714,0.82666
4715,0.92342
4716,0.96954
4717,0.9692
4718,0.97424
4719,0.9678
4720,0.91803
4721,0.81796
4722,0.65889
4723,0.37922
4724,0.084058
4725,0
4726,0
4727,0
4728,0
4729,0
4730,0
4731,0
4732,0
4733,0
4734,0
4735,0.066307
4736,0.35642
4737,0.65907
4738,0.82492
4739,0.9189
4740,0.96676
4741,0.93804
4742,0.88566
4743,0.91055
4744,0.80404
4745,0.65402
4746,0.52262
4747,0.30334
4748,0.06213
4749,0
4750,0
4751,0
4752,0
4753,0
4754,0
4755,0
4756,0
4757,0
4758,0
4759,0.055343
4760,0.2889
4761,0.5174
4762,0.50957
4763,0.46293
4764,0.45214
4765,0.374
4766,0.40411
4767,0.36582
4768,0.32301
4769,0.18448
4770,0.11782
4771,0.054473
4772,0.0092238
4773,0
4774,0
4775,0
4776,0
4777,0
4778,0
4779,0
4780,0
4781,0
4782,0
4783,0.028542
4784,0.19144
4785,0.42308
4786,0.58615
4787,0.64288
4788,0.71337
4789,0.78437
4790,0.78629
4791,0.55256
4792,0.54995
4793,0.41089
4794,0.19509
4795,0.11225
4796,0.021928
4797,0
4798,0
4799,0
4800,0
4801,0
4802,0
4803,0
4804,0
4805,0
4806,0
4807,0.024017
4808,0.16098
4809,0.33188
4810,0.56631
4811,0.69875
4812,0.75757
4813,0.78942
4814,0.76349
4815,0.72433
4816,0.61225
4817,0.53428
4818,0.42986
4819,0.22903
4820,0.045423
4821,0
4822,0
4823,0
4824,0
4825,0
4826,0
4827,0
4828,0
4829,0
4830,0
4831,0.046467
4832,0.30404
4833,0.62339
4834,0.78507
4835,0.89488
4836,0.94031
4837,0.93439
4838,0.91246
4839,0.8599
4840,0.84024
4841,0.78437
4842,0.61921
4843,0.33328
4844,0.062478
4845,0
4846,0
4847,0
4848,0
4849,0
4850,0
4851,0
4852,0
4853,0
4854,0
4855,0.048381
4856,0.31187
4857,0.59502
4858,0.78489
4859,0.89384
4860,0.93247
4861,0.94622
4862,0.95301
4863,0.92047
4864,0.88357
4865,0.78924
4866,0.61086
4867,0.33362
4868,0.066829
4869,0
4870,0
4871,0
4872,0
4873,0
4874,0
4875,0
4876,0
4877,0
4878,0
4879,0.054647
4880,0.3385
4881,0.63958
4882,0.80299
4883,0.92325
4884,0.96659
4885,0.97616
4886,0.97651
4887,0.95475
4888,0.91107
4889,0.81987
4890,0.65785
4891,0.36756
4892,0.071354
4893,0
4894,0
4895,0
4896,0
4897,0
4898,0
4899,0
4900,0
4901,0
4902,0
4903,0.058824
4904,0.34459
4905,0.64828
4906,0.79499
4907,0.85486
4908,0.9196
4909,0.92534
4910,0.92534
4911,0.91977
4912,0.83449
4913,0.74887
4914,0.59746
4915,0.33223
4916,0.074139
4917,0
4918,0
4919,0
4920,0
4921,0
4922,0
4923,0
4924,0
4925,0
4926,0
4927,0.058475
4928,0.34267
4929,0.6347
4930,0.76662
4931,0.86286
4932,0.94605
4933,0.96954
4934,0.97772
4935,0.97007
4936,0.90794
4937,0.807
4938,0.66672
4939,0.38514
4940,0.086147
4941,0
4942,0
4943,0
4944,0
4945,0
4946,0
4947,0
4948,0
4949,0
4950,0
4951,0.05308
4952,0.3418
4953,0.63261
4954,0.8425
4955,0.93561
4956,0.97302
4957,0.9779
4958,0.97703
4959,0.9685
4960,0.92812
4961,0.8284
4962,0.6662
4963,0.37278
4964,0.074661
4965,0
4966,0
4967,0
4968,0
4969,0
4970,0
4971,0
4972,0
4973,0
4974,0
4975,0.052906
4976,0.34093
4977,0.6394
4978,0.75618
4979,0.9283
4980,0.97389
4981,0.9732
4982,0.97807
4983,0.97111
4984,0.92621
4985,0.83066
4986,0.66464
4987,0.37417
4988,0.076053
4989,0
4990,0
4991,0
4992,0
4993,0
4994,0
4995,0
4996,0
4997,0
4998,0
4999,0.047511
5000,0.31866
5001,0.64062
5002,0.82666
5003,0.88549
5004,0.95771
5005,0.96711
5006,0.96032
5007,0.95179
5008,0.90863
5009,0.8117
5010,0.65158
5011,0.3552
5012,0.072224
5013,0
5014,0
5015,0
5016,0
5017,0
5018,0
5019,0
5020,0
5021,0
5022,0
5023,0.035851
5024,0.2882
5025,0.54629
5026,0.69492
5027,0.76018
5028,0.85068
5029,0.84407
5030,0.79586
5031,0.67003
5032,0.62844
5033,0.5007
5034,0.41089
5035,0.22329
5036,0.039506
5037,0
5038,0
5039,0
5040,0
5041,0
5042,0
5043,0
5044,0
5045,0
5046,0.0036547
5047,0.039332
5048,0.23268
5049,0.40846
5050,0.56283
5051,0.71215
5052,0.7748
5053,0.75705
5054,0.64636
5055,0.57658
5056,0.54873
5057,0.50017
5058,0.3338
5059,0.17699
5060,0.023147
5061,0
5062,0
5063,0
5064,0
5065,0
5066,0
5067,0
5068,0
5069,0
5070,0
5071,0.033589
5072,0.26627
5073,0.58145
5074,0.7889
5075,0.86843
5076,0.92778
5077,0.91507
5078,0.87713
5079,0.82892
5080,0.78246
5081,0.67856
5082,0.50592
5083,0.21371
5084,0.027497
5085,0
5086,0
5087,0
5088,0
5089,0
5090,0
5091,0
5092,0
5093,0
5094,0
5095,0.035851
5096,0.28368
5097,0.57866
5098,0.76366
5099,0.83989
5100,0.86338
5101,0.86199
5102,0.82597
5103,0.82231
5104,0.81257
5105,0.73355
5106,0.58632
5107,0.31709
5108,0.05134
5109,0
5110,0
5111,0
5112,0
5113,0
5114,0
5115,0
5116,0
5117,0
5118,0
5119,0.037243
5120,0.30491
5121,0.63401
5122,0.81431
5123,0.90794
5124,0.95284
5125,0.96397
5126,0.96206
5127,0.9504
5128,0.86095
5129,0.74052
5130,0.54682
5131,0.24539
5132,0
5133,0
5134,0
5135,0
5136,0
5137,0
5138,0
5139,0
5140,0
5141,0
5142,0
5143,0.037765
5144,0.30908
5145,0.64967
5146,0.82301
5147,0.91803
5148,0.9598
5149,0.95475
5150,0.95632
5151,0.92691
5152,0.83745
5153,0.73738
5154,0.60303
5155,0.30665
5156,0
5157,0
5158,0
5159,0
5160,0
5161,0
5162,0
5163,0
5164,0
5165,0
5166,0
5167,0.035155
5168,0.31483
5169,0.64984
5170,0.74487
5171,0.83032
5172,0.88827
5173,0.92081
5174,0.92969
5175,0.933
5176,0.88409
5177,0.75861
5178,0.60773
5179,0.29655
5180,0
5181,0
5182,0
5183,0
5184,0
5185,0
5186,0
5187,0
5188,0
5189,0
5190,0
5191,0.033066
5192,0.24086
5193,0.5268
5194,0.68674
5195,0.77132
5196,0.86947
5197,0.87765
5198,0.86077
5199,0.83084
5200,0.75861
5201,0.65976
5202,0.41438
5203,0.21893
5204,0
5205,0
5206,0
5207,0
5208,0
5209,0
5210,0
5211,0
5212,0
5213,0
5214,0
5215,0.016881
5216,0.19387
5217,0.45875
5218,0.59763
5219,0.68256
5220,0.62374
5221,0.54699
5222,0.49722
5223,0.52332
5224,0.50452
5225,0.3881
5226,0.25705
5227,0.10442
5228,0
5229,0
5230,0
5231,0
5232,0
5233,0
5234,0
5235,0
5236,0
5237,0
5238,0
5239,0.031152
5240,0.28333
5241,0.61608
5242,0.81222
5243,0.92203
5244,0.95649
5245,0.94831
5246,0.97616
5247,0.97233
5248,0.92221
5249,0.82336
5250,0.65089
5251,0.31726
5252,0
5253,0
5254,0
5255,0
5256,0
5257,0
5258,0
5259,0
5260,0
5261,0
5262,0
5263,0.030108
5264,0.29429
5265,0.57866
5266,0.82875
5267,0.92168
5268,0.96659
5269,0.97529
5270,0.97529
5271,0.96659
5272,0.91525
5273,0.82127
5274,0.63314
5275,0.30491
5276,0
5277,0
5278,0
5279,0
5280,0
5281,0
5282,0
5283,0
5284,0
5285,0
5286,0
5287,0.024539
5288,0.28089
5289,0.6354
5290,0.81779
5291,0.91838
5292,0.96328
5293,0.9692
5294,0.95962
5295,0.95458
5296,0.90915
5297,0.81187
5298,0.626
5299,0.30404
5300,0
5301,0
5302,0
5303,0
5304,0
5305,0
5306,0
5307,0
5308,0
5309,0
5310,0
5311,0.026279
5312,0.28472
5313,0.62513
5314,0.80456
5315,0.91194
5316,0.96711
5317,0.97076
5318,0.9725
5319,0.96223
5320,0.91855
5321,0.82318
5322,0.62844
5323,0.29951
5324,0
5325,0
5326,0
5327,0
5328,0
5329,0
5330,0
5331,0
5332,0
5333,0
5334,0
5335,0.025235
5336,0.26088
5337,0.6086
5338,0.815
5339,0.89297
5340,0.93561
5341,0.95771
5342,0.95997
5343,0.91786
5344,0.82997
5345,0.6803
5346,0.52576
5347,0.27428
5348,0
5349,0
5350,0
5351,0
5352,0
5353,0
5354,0
5355,0
5356,0
5357,0
5358,0
5359,0.020884
5360,0.25305
5361,0.60773
5362,0.81674
5363,0.92534
5364,0.96937
5365,0.97285
5366,0.97233
5367,0.95806
5368,0.91403
5369,0.81622
5370,0.62617
5371,0.29551
5372,0
5373,0
5374,0
5375,0
5376,0
5377,0
5378,0
5379,0
5380,0
5381,0
5382,0
5383,0.01897
5384,0.24434
5385,0.56439
5386,0.75322
5387,0.90428
5388,0.94727
5389,0.93404
5390,0.9055
5391,0.89645
5392,0.81344
5393,0.71789
5394,0.53028
5395,0.24591
5396,0
5397,0
5398,0
5399,0
5400,0
5401,0
5402,0
5403,0
5404,0
5405,0
5406,0
5407,0.014793
5408,0.25774
5409,0.61747
5410,0.80282
5411,0.91594
5412,0.96345
5413,0.95075
5414,0.89401
5415,0.89123
5416,0.86721
5417,0.77689
5418,0.57431
5419,0.24469
5420,0
5421,0
5422,0
5423,0
5424,0
5425,0
5426,0
5427,0
5428,0
5429,0
5430,0
5431,0.02071
5432,0.26801
5433,0.61573
5434,0.80003
5435,0.92221
5436,0.96676
5437,0.97424
5438,0.97285
5439,0.9558
5440,0.88844
5441,0.77254
5442,0.5724
5443,0.24347
5444,0
5445,0
5446,0
5447,0
5448,0
5449,0
5450,0
5451,0
5452,0
5453,0
5454,0
5455,0.02245
5456,0.25496
5457,0.61521
5458,0.79377
5459,0.90985
5460,0.95962
5461,0.96989
5462,0.96241
5463,0.95023
5464,0.89593
5465,0.77915
5466,0.57431
5467,0.24313
5468,0
5469,0
5470,0
5471,0
5472,0
5473,0
5474,0
5475,0
5476,0
5477,0
5478,0
5479,0.019144
5480,0.24956
5481,0.60895
5482,0.80752
5483,0.90184
5484,0.94675
5485,0.96032
5486,0.94031
5487,0.92899
5488,0.88026
5489,0.78385
5490,0.55656
5491,0.21563
5492,0
5493,0
5494,0
5495,0
5496,0
5497,0
5498,0
5499,0
5500,0
5501,0
5502,0
5503,0.014967
5504,0.23495
5505,0.57901
5506,0.74626
5507,0.8197
5508,0.86512
5509,0.91089
5510,0.90637
5511,0.91629
5512,0.89732
5513,0.77219
5514,0.57605
5515,0.23425
5516,0
5517,0
5518,0
5519,0
5520,0
5521,0
5522,0
5523,0
5524,0
5525,0
5526,0
5527,0.016185
5528,0.20814
5529,0.50191
5530,0.68569
5531,0.81605
5532,0.84198
5533,0.85642
5534,0.91316
5535,0.93752
5536,0.90341
5537,0.79255
5538,0.58075
5539,0.23512
5540,0
5541,0
5542,0
5543,0
5544,0
5545,0
5546,0
5547,0
5548,0
5549,0
5550,0
5551,0.020362
5552,0.24626
5553,0.59415
5554,0.79046
5555,0.91716
5556,0.97459
5557,0.98921
5558,0.98677
5559,0.97477
5560,0.91455
5561,0.79847
5562,0.5811
5563,0.23303
5564,0
5565,0
5566,0
5567,0
5568,0
5569,0
5570,0
5571,0
5572,0
5573,0
5574,0
5575,0.018274
5576,0.24678
5577,0.60233
5578,0.80491
5579,0.92377
5580,0.97285
5581,0.99339
5582,0.99234
5583,0.97929
5584,0.91786
5585,0.79447
5586,0.56491
5587,0.21441
5588,0
5589,0
5590,0
5591,0
5592,0
5593,0
5594,0
5595,0
5596,0
5597,0
5598,0
5599,0.016707
5600,0.24243
5601,0.62182
5602,0.84024
5603,0.95005
5604,0.99182
5605,0.99426
5606,0.99304
5607,0.97859
5608,0.9236
5609,0.807
5610,0.59137
5611,0.2292
5612,0
5613,0
5614,0
5615,0
5616,0
5617,0
5618,0
5619,0
5620,0
5621,0
5622,0
5623,0.017577
5624,0.25148
5625,0.63488
5626,0.84041
5627,0.94466
5628,0.98103
5629,0.98434
5630,0.98851
5631,0.97703
5632,0.9189
5633,0.80038
5634,0.58458
5635,0.22659
5636,0
5637,0
5638,0
5639,0
5640,0
5641,0
5642,0
5643,0
5644,0
5645,0
5646,0
5647,0.013227
5648,0.23373
5649,0.59154
5650,0.80717
5651,0.92012
5652,0.96972
5653,0.96641
5654,0.97007
5655,0.93491
5656,0.87017
5657,0.71998
5658,0.51601
5659,0.19875
5660,0
5661,0
5662,0
5663,0
5664,0
5665,0
5666,0
5667,0
5668,0
5669,0
5670,0
5671,0.0071354
5672,0.1307
5673,0.31048
5674,0.44518
5675,0.51079
5676,0.54507
5677,0.54995
5678,0.53428
5679,0.6032
5680,0.53881
5681,0.43439
5682,0.30421
5683,0.13975
5684,0
5685,0
5686,0
5687,0
5688,0
5689,0
5690,0
5691,0
5692,0
5693,0
5694,0
5695,0.0090498
5696,0.16429
5697,0.46485
5698,0.685
5699,0.80073
5700,0.86739
5701,0.91612
5702,0.93648
5703,0.94135
5704,0.89645
5705,0.71685
5706,0.50418
5707,0.21806
5708,0
5709,0
5710,0
5711,0
5712,0
5713,0
5714,0
5715,0
5716,0
5717,0
5718,0
5719,0.01079
5720,0.19892
5721,0.49408
5722,0.74765
5723,0.90045
5724,0.97825
5725,0.97094
5726,0.91629
5727,0.85816
5728,0.76679
5729,0.68065
5730,0.49687
5731,0.19126
5732,0
5733,0
5734,0
5735,0
5736,0
5737,0
5738,0
5739,0
5740,0
5741,0
5742,0
5743,0.010268
5744,0.22416
5745,0.5851
5746,0.79899
5747,0.90324
5748,0.89541
5749,0.94448
5750,0.94883
5751,0.90254
5752,0.82823
5753,0.72172
5754,0.51427
5755,0.18326
5756,0
5757,0
5758,0
5759,0
5760,0
5761,0
5762,0
5763,0
5764,0
5765,0
5766,0
5767,0.010616
5768,0.23877
5769,0.62687
5770,0.84337
5771,0.94466
5772,0.9812
5773,0.97946
5774,0.9591
5775,0.93039
5776,0.87765
5777,0.74591
5778,0.53933
5779,0.17943
5780,0
5781,0
5782,0
5783,0
5784,0
5785,0
5786,0
5787,0
5788,0
5789,0
5790,0
5791,0.01079
5792,0.21041
5793,0.58684
5794,0.83275
5795,0.9283
5796,0.96937
5797,0.9859
5798,0.97633
5799,0.97633
5800,0.91281
5801,0.78489
5802,0.5402
5803,0.17055
5804,0
5805,0
5806,0
5807,0
5808,0
5809,0
5810,0
5811,0
5812,0
5813,0
5814,0
5815,0.011312
5816,0.23373
5817,0.60546
5818,0.78315
5819,0.90602
5820,0.95788
5821,0.97999
5822,0.98277
5823,0.96293
5824,0.90794
5825,0.78768
5826,0.55569
5827,0.18204
5828,0
5829,0
5830,0
5831,0
5832,0
5833,0
5834,0
5835,0
5836,0
5837,0
5838,0
5839,0.013053
5840,0.22329
5841,0.60111
5842,0.8251
5843,0.90898
5844,0.96189
5845,0.92099
5846,0.91664
5847,0.85799
5848,0.80752
5849,0.6977
5850,0.42029
5851,0.10947
5852,0
5853,0
5854,0
5855,0
5856,0
5857,0
5858,0
5859,0
5860,0
5861,0
5862,0
5863,0.0095719
5864,0.21476
5865,0.55882
5866,0.75722
5867,0.89558
5868,0.95788
5869,0.96258
5870,0.95214
5871,0.93056
5872,0.84737
5873,0.72207
5874,0.48938
5875,0.1481
5876,0
5877,0
5878,0
5879,0
5880,0
5881,0
5882,0
5883,0
5884,0
5885,0
5886,0
5887,0.0078315
5888,0.22294
5889,0.60721
5890,0.84111
5891,0.93439
5892,0.98869
5893,1
5894,0.99321
5895,0.98381
5896,0.91768
5897,0.78002
5898,0.54107
5899,0.16638
5900,0
5901,0
5902,0
5903,0
5904,0
5905,0
5906,0
5907,0
5908,0
5909,0
5910,0
5911,0.0071354
5912,0.21389
5913,0.60059
5914,0.84006
5915,0.95771
5916,0.96972
5917,0.98364
5918,0.97442
5919,0.95092
5920,0.89819
5921,0.73164
5922,0.51514
5923,0.15663
5924,0
5925,0
5926,0
5927,0
5928,0
5929,0
5930,0
5931,0
5932,0
5933,0
5934,0
5935,0.0074835
5936,0.21963
5937,0.6253
5938,0.85868
5939,0.96624
5940,0.98364
5941,0.98573
5942,0.96276
5943,0.9511
5944,0.85346
5945,0.71859
5946,0.48538
5947,0.14288
5948,0
5949,0
5950,0
5951,0
5952,0
5953,0
5954,0
5955,0
5956,0
5957,0
5958,0
5959,0.0066133
5960,0.20484
5961,0.58075
5962,0.77306
5963,0.90097
5964,0.9363
5965,0.93735
5966,0.94135
5967,0.91925
5968,0.86269
5969,0.73843
5970,0.47598
5971,0.13958
5972,0
5973,0
5974,0
5975,0
5976,0
5977,0
5978,0
5979,0
5980,0
5981,0
5982,0
5983,0.0053951
5984,0.19283
5985,0.5536
5986,0.78803
5987,0.9048
5988,0.95632
5989,0.9638
5990,0.90602
5991,0.874
5992,0.78716
5993,0.63679
5994,0.45353
5995,0.12478
5996,0
5997,0
5998,0
5999,0
6000,0
6001,0
6002,0
6003,0
6004,0
6005,0
6006,0
6007,0.0034807
6008,0.19092
6009,0.56143
6010,0.78663
6011,0.91107
6012,0.95144
6013,0.96206
6014,0.94762
6015,0.83188
6016,0.69875
6017,0.51479
6018,0.35868
6019,0.09363
6020,0
6021,0
6022,0
6023,0
6024,0
6025,0
6026,0
6027,0
6028,0
6029,0
6030,0
6031,0.0005221
6032,0.1267
6033,0.40515
6034,0.57483
6035,0.65263
6036,0.71772
6037,0.74278
6038,0.5992
6039,0.52088
6040,0.44414
6041,0.32823
6042,0.21058
6043,0.056213
6044,0
6045,0
6046,0
6047,0
6048,0
6049,0
6050,0
6051,0
6052,0
6053,0
6054,0
6055,0
6056,0.096937
6057,0.31813
6058,0.48643
6059,0.63644
6060,0.6984
6061,0.73234
6062,0.73408
6063,0.71859
6064,0.68326
6065,0.55412
6066,0.33032
6067,0.066133
6068,0
6069,0
6070,0
6071,0
6072,0
6073,0
6074,0
6075,0
6076,0
6077,0
6078,0
6079,0.0015663
6080,0.13366
6081,0.44152
6082,0.65298
6083,0.79046
6084,0.83049
6085,0.87557
6086,0.90376
6087,0.87678
6088,0.77741
6089,0.61103
6090,0.37243
6091,0.086669
6092,0
6093,0
6094,0
6095,0
6096,0
6097,0
6098,0
6099,0
6100,0
6101,0
6102,0
6103,0.0015663
6104,0.11643
6105,0.34894
6106,0.59224
6107,0.71006
6108,0.7158
6109,0.73268
6110,0.70466
6111,0.58006
6112,0.48486
6113,0.36234
6114,0.18395
6115,0.045771
6116,0
6117,0
6118,0
6119,0
6120,0
6121,0
6122,0
6123,0
6124,0
6125,0
6126,0.0083536
6127,0.012182
6128,0.1535
6129,0.45092
6130,0.68622
6131,0.80299
6132,0.83188
6133,0.82283
6134,0.82144
6135,0.75687
6136,0.73843
6137,0.64201
6138,0.41994
6139,0.10494
6140,0
6141,0
6142,0
6143,0
6144,0
6145,0
6146,0
6147,0
6148,0
6149,0
6150,0
6151,0.0013923
6152,0.1347
6153,0.37087
6154,0.57483
6155,0.67838
6156,0.74104
6157,0.74852
6158,0.68326
6159,0.64219
6160,0.54977
6161,0.50348
6162,0.30212
6163,0.06944
6164,0
6165,0
6166,0
6167,0
6168,0
6169,0
6170,0
6171,0
6172,0
6173,0
6174,0
6175,0
6176,0.10529
6177,0.44031
6178,0.6756
6179,0.74974
6180,0.81848
6181,0.83815
6182,0.76123
6183,0.71824
6184,0.59485
6185,0.53985
6186,0.35085
6187,0.069092
6188,0
6189,0
6190,0
6191,0
6192,0
6193,0
6194,0
6195,0
6196,0
6197,0
6198,0
6199,0.0017403
6200,0.18343
6201,0.55917
6202,0.83449
6203,0.9551
6204,0.97529
6205,0.9678
6206,0.97007
6207,0.96989
6208,0.92064
6209,0.78472
6210,0.4819
6211,0.10146
6212,0
6213,0
6214,0
6215,0
6216,0
6217,0
6218,0
6219,0
6220,0
6221,0
6222,0.0027845
6223,0.0083536
6224,0.21319
6225,0.62879
6226,0.80821
6227,0.94257
6228,0.91316
6229,0.93996
6230,0.98207
6231,0.99687
6232,0.93909
6233,0.79916
6234,0.47442
6235,0.091368
6236,0
6237,0
6238,0
6239,0
6240,0
6241,0
6242,0
6243,0
6244,0
6245,0
6246,0
6247,0.0034807
6248,0.20031
6249,0.62391
6250,0.86704
6251,0.97128
6252,0.98886
6253,0.98556
6254,0.98764
6255,0.98764
6256,0.92377
6257,0.77741
6258,0.46415
6259,0.090498
6260,0
6261,0
6262,0
6263,0
6264,0
6265,0
6266,0
6267,0
6268,0
6269,0
6270,0
6271,0.0022624
6272,0.19474
6273,0.60825
6274,0.84998
6275,0.95005
6276,0.97564
6277,0.97529
6278,0.97564
6279,0.96049
6280,0.89645
6281,0.74887
6282,0.43909
6283,0
6284,0
6285,0
6286,0
6287,0
6288,0
6289,0
6290,0
6291,0
6292,0
6293,0
6294,0
6295,0.0020884
6296,0.18239
6297,0.58911
6298,0.81918
6299,0.93526
6300,0.96154
6301,0.95788
6302,0.96241
6303,0.95075
6304,0.8874
6305,0.74365
6306,0.42934
6307,0
6308,0
6309,0
6310,0
6311,0
6312,0
6313,0
6314,0
6315,0
6316,0
6317,0
6318,0
6319,0.0005221
6320,0.11504
6321,0.42116
6322,0.59259
6323,0.66237
6324,0.69875
6325,0.68848
6326,0.66568
6327,0.63192
6328,0.55169
6329,0.42934
6330,0.22973
6331,0
6332,0
6333,0
6334,0
6335,0
6336,0
6337,0
6338,0
6339,0
6340,0
6341,0
6342,0
6343,0
6344,0.10494
6345,0.39488
6346,0.58145
6347,0.72224
6348,0.82283
6349,0.86077
6350,0.90167
6351,0.91002
6352,0.79777
6353,0.69266
6354,0.38897
6355,0
6356,0
6357,0
6358,0
6359,0
6360,0
6361,0
6362,0
6363,0
6364,0
6365,0
6366,0
6367,0.0019144
6368,0.17055
6369,0.54595
6370,0.8023
6371,0.9102
6372,0.93857
6373,0.93891
6374,0.93509
6375,0.95353
6376,0.88949
6377,0.74156
6378,0.41594
6379,0
6380,0
6381,0
6382,0
6383,0
6384,0
6385,0
6386,0
6387,0
6388,0
6389,0
6390,0.030456
6391,0
6392,0.14915
6393,0.53028
6394,0.80143
6395,0.92203
6396,0.95841
6397,0.95945
6398,0.96119
6399,0.93334
6400,0.86147
6401,0.69822
6402,0.3646
6403,0
6404,0
6405,0
6406,0
6407,0
6408,0
6409,0
6410,0
6411,0
6412,0
6413,0
6414,0
6415,0.00087017
6416,0.16029
6417,0.53481
6418,0.79638
6419,0.90498
6420,0.91472
6421,0.91994
6422,0.93282
6423,0.90271
6424,0.8204
6425,0.68517
6426,0.36425
6427,0
6428,0
6429,0
6430,0
6431,0
6432,0
6433,0
6434,0
6435,0
6436,0
6437,0
6438,0
6439,0.00017403
6440,0.15855
6441,0.54177
6442,0.78924
6443,0.90533
6444,0.93717
6445,0.93422
6446,0.92638
6447,0.89523
6448,0.83554
6449,0.66429
6450,0.34894
6451,0
6452,0
6453,0
6454,0
6455,0
6456,0
6457,0
6458,0
6459,0
6460,0
6461,0
6462,0
6463,0.00017403
6464,0.16324
6465,0.54281
6466,0.77149
6467,0.88253
6468,0.9102
6469,0.90915
6470,0.89123
6471,0.84807
6472,0.6897
6473,0.50661
6474,0.24608
6475,0
6476,0
6477,0
6478,0
6479,0
6480,0
6481,0
6482,0
6483,0
6484,0
6485,0
6486,0
6487,0.00069614
6488,0.11121
6489,0.38061
6490,0.64601
6491,0.79273
6492,0.82684
6493,0.83519
6494,0.82718
6495,0.79969
6496,0.73477
6497,0.60372
6498,0.31883
6499,0
6500,0
6501,0
6502,0
6503,0
6504,0
6505,0
6506,0
6507,0
6508,0
6509,0
6510,0
6511,0.00069614
6512,0.15367
6513,0.53133
6514,0.79116
6515,0.89854
6516,0.93613
6517,0.92464
6518,0.91333
6519,0.87574
6520,0.81639
6521,0.66255
6522,0.30804
6523,0
6524,0
6525,0
6526,0
6527,0
6528,0
6529,0
6530,0
6531,0
6532,0
6533,0
6534,0
6535,0.0005221
6536,0.14045
6537,0.49948
6538,0.74887
6539,0.85451
6540,0.87852
6541,0.9008
6542,0.91002
6543,0.90254
6544,0.82475
6545,0.66307
6546,0.31674
6547,0
6548,0
6549,0
6550,0
6551,0
6552,0
6553,0
6554,0
6555,0
6556,0
6557,0
6558,0
6559,0
6560,0.13992
6561,0.39715
6562,0.67142
6563,0.84111
6564,0.89593
6565,0.92604
6566,0.92986
6567,0.86042
6568,0.7795
6569,0.57675
6570,0.29099
6571,0
6572,0
6573,0
6574,0
6575,0
6576,0
6577,0
6578,0
6579,0
6580,0
6581,0
6582,0
6583,0
6584,0.15593
6585,0.55952
6586,0.85346
6587,0.96345
6588,0.98033
6589,0.96867
6590,0.96815
6591,0.96171
6592,0.89262
6593,0.71789
6594,0.33502
6595,0
6596,0
6597,0
6598,0
6599,0
6600,0
6601,0
6602,0
6603,0
6604,0
6605,0
6606,0
6607,0
6608,0.14897
6609,0.55987
6610,0.83484
6611,0.941
6612,0.9645
6613,0.95945
6614,0.9591
6615,0.94588
6616,0.86965
6617,0.69353
6618,0.30717
6619,0
6620,0
6621,0
6622,0
6623,0
6624,0
6625,0
6626,0
6627,0
6628,0
6629,0
6630,0
6631,0
6632,0.084929
6633,0.36304
6634,0.47459
6635,0.5952
6636,0.70588
6637,0.78315
6638,0.78629
6639,0.7158
6640,0.61051
6641,0.49304
6642,0.20327
6643,0
6644,0
6645,0
6646,0
6647,0
6648,0
6649,0
6650,0
6651,0
6652,0
6653,0
6654,0
6655,0
6656,0.092412
6657,0.37748
6658,0.62078
6659,0.71406
6660,0.70901
6661,0.68796
6662,0.62409
6663,0.51949
6664,0.37435
6665,0.29882
6666,0.1441
6667,0
6668,0
6669,0
6670,0
6671,0
6672,0
6673,0
6674,0
6675,0
6676,0
6677,0
6678,0
6679,0
6680,0.10477
6681,0.45597
6682,0.71702
6683,0.82144
6684,0.89575
6685,0.89297
6686,0.90341
6687,0.88183
6688,0.7473
6689,0.58301
6690,0.2527
6691,0
6692,0
6693,0
6694,0
6695,0
6696,0
6697,0
6698,0
6699,0
6700,0
6701,0
6702,0
6703,0
6704,0.13557
6705,0.5322
6706,0.80508
6707,0.86739
6708,0.91176
6709,0.90393
6710,0.89575
6711,0.87922
6712,0.82423
6713,0.64236
6714,0.27254
6715,0
6716,0
6717,0
6718,0
6719,0
6720,0
6721,0
6722,0
6723,0
6724,0
6725,0
6726,0
6727,0
6728,0.098155
6729,0.4095
6730,0.70153
6731,0.8519
6732,0.90637
6733,0.87226
6734,0.8827
6735,0.86982
6736,0.7835
6737,0.58354
6738,0.21284
6739,0
6740,0
6741,0
6742,0
6743,0
6744,0
6745,0
6746,0
6747,0
6748,0
6749,0
6750,0
6751,0
6752,0.12896
6753,0.5228
6754,0.8009
6755,0.91855
6756,0.91942
6757,0.88966
6758,0.91107
6759,0.92621
6760,0.85033
6761,0.65872
6762,0.26244
6763,0
6764,0
6765,0
6766,0
6767,0
6768,0
6769,0
6770,0
6771,0
6772,0
6773,0
6774,0
6775,0
6776,0.10024
6777,0.45405
6778,0.69544
6779,0.7929
6780,0.85085
6781,0.8472
6782,0.84824
6783,0.87644
6784,0.79812
6785,0.60442
6786,0.23651
6787,0
6788,0
6789,0
6790,0
6791,0
6792,0
6793,0
6794,0
6795,0
6796,0
6797,0
6798,0
6799,0
6800,0.11382
6801,0.50174
6802,0.78489
6803,0.89506
6804,0.92221
6805,0.91873
6806,0.91559
6807,0.88984
6808,0.80543
6809,0.59206
6810,0.22572
6811,0
6812,0
6813,0
6814,0
6815,0
6816,0
6817,0
6818,0
6819,0
6820,0
6821,0
6822,0
6823,0
6824,0.087365
6825,0.40637
6826,0.66794
6827,0.78089
6828,0.80247
6829,0.85694
6830,0.82214
6831,0.75061
6832,0.68465
6833,0.51514
6834,0.16829
6835,0
6836,0
6837,0
6838,0
6839,0
6840,0
6841,0
6842,0
6843,0
6844,0
6845,0
6846,0
6847,0.0005221
6848,0.093456
6849,0.41403
6850,0.72172
6851,0.84668
6852,0.88653
6853,0.88636
6854,0.88235
6855,0.82544
6856,0.75252
6857,0.53985
6858,0.18082
6859,0
6860,0
6861,0
6862,0
6863,0
6864,0
6865,0
6866,0
6867,0
6868,0
6869,0
6870,0
6871,0
6872,0.076053
6873,0.31135
6874,0.52001
6875,0.67195
6876,0.70606
6877,0.66672
6878,0.63801
6879,0.59885
6880,0.47459
6881,0.30647
6882,0.10633
6883,0
6884,0
6885,0
6886,0
6887,0
6888,0
6889,0
6890,0
6891,0
6892,0
6893,0
6894,0
6895,0
6896,0.050644
6897,0.24139
6898,0.39192
6899,0.53655
6900,0.64427
6901,0.70049
6902,0.56874
6903,0.38984
6904,0.31483
6905,0.24017
6906,0.075531
6907,0
6908,0
6909,0
6910,0
6911,0
6912,0
6913,0
6914,0
6915,0
6916,0
6917,0
6918,0
6919,0
6920,0.05952
6921,0.33989
6922,0.56474
6923,0.685
6924,0.59137
6925,0.61887
6926,0.59119
6927,0.52819
6928,0.39558
6929,0.27027
6930,0.11225
6931,0
6932,0
6933,0
6934,0
6935,0
6936,0
6937,0
6938,0
6939,0
6940,0
6941,0
6942,0
6943,0.00034807
6944,0.071876
6945,0.36425
6946,0.63053
6947,0.74452
6948,0.83937
6949,0.8606
6950,0.86321
6951,0.811
6952,0.7426
6953,0.49965
6954,0.14323
6955,0
6956,0
6957,0
6958,0
6959,0
6960,0
6961,0
6962,0
6963,0
6964,0
6965,0
6966,0
6967,0
6968,0.044901
6969,0.23094
6970,0.44187
6971,0.58475
6972,0.66881
6973,0.69753
6974,0.73321
6975,0.69387
6976,0.62739
6977,0.44849
6978,0.14375
6979,0
6980,0
6981,0
6982,0
6983,0
6984,0
6985,0
6986,0
6987,0
6988,0
6989,0
6990,0
6991,0
6992,0.075879
6993,0.38914
6994,0.64758
6995,0.73321
6996,0.78942
6997,0.75148
6998,0.77428
6999,0.69005
7000,0.54821
7001,0.39941
7002,0.11939
7003,0
7004,0
7005,0
7006,0
7007,0
7008,0
7009,0
7010,0
7011,0
7012,0
7013,0
7014,0
7015,0
7016,0.069788
7017,0.39593
7018,0.71824
7019,0.85451
7020,0.8881
7021,0.87156
7022,0.88827
7023,0.79151
7024,0.73408
7025,0.48364
7026,0.14671
7027,0
7028,0
7029,0
7030,0
7031,0
7032,0
7033,0
7034,0
7035,0
7036,0
7037,0
7038,0
7039,0
7040,0.077097
7041,0.43561
7042,0.73164
7043,0.84024
7044,0.89819
7045,0.90446
7046,0.90672
7047,0.88183
7048,0.79499
7049,0.55969
7050,0.16638
7051,0
7052,0
7053,0
7054,0
7055,0
7056,0
7057,0
7058,0
7059,0
7060,0
7061,0
7062,0
7063,0
7064,0.085277
7065,0.46223
7066,0.78176
7067,0.90132
7068,0.9062
7069,0.92168
7070,0.92081
7071,0.88984
7072,0.80665
7073,0.57292
7074,0.15785
7075,0
7076,0
7077,0
7078,0
7079,0
7080,0
7081,0
7082,0
7083,0
7084,0
7085,0
7086,0
7087,0
7088,0.079534
7089,0.43108
7090,0.73773
7091,0.87626
7092,0.91368
7093,0.9001
7094,0.8921
7095,0.85381
7096,0.76993
7097,0.51062
7098,0.13348
7099,0
7100,0
7101,0
7102,0
7103,0
7104,0
7105,0
7106,0
7107,0
7108,0
7109,0
7110,0
7111,0
7112,0.079534
7113,0.45597
7114,0.77184
7115,0.87487
7116,0.88844
7117,0.88235
7118,0.86617
7119,0.78576
7120,0.63662
7121,0.34946
7122,0.075531
7123,0
7124,0
7125,0
7126,0
7127,0
7128,0
7129,0
7130,0
7131,0
7132,0
7133,0
7134,0
7135,0
7136,0.032196
7137,0.16046
7138,0.24295
7139,0.34963
7140,0.45475
7141,0.47946
7142,0.47285
7143,0.45545
7144,0.38375
7145,0.29377
7146,0.09276
7147,0
7148,0
7149,0
7150,0
7151,0
7152,0
7153,0
7154,0
7155,0
7156,0
7157,0
7158,0
7159,0
7160,0.059694
7161,0.4015
7162,0.71163
7163,0.87591
7164,0.91368
7165,0.90741
7166,0.91229
7167,0.89088
7168,0.807
7169,0.56022
7170,0.14045
7171,0
7172,0
7173,0
7174,0
7175,0
7176,0
7177,0
7178,0
7179,0
7180,0
7181,0
7182,0
7183,0
7184,0.057953
7185,0.33519
7186,0.59067
7187,0.70188
7188,0.73147
7189,0.69144
7190,0.65071
7191,0.54595
7192,0.36808
7193,0.19683
7194,0.029238
7195,0
7196,0
7197,0
7198,0
7199,0
7200,0
7201,0
7202,0
7203,0
7204,0
7205,0
7206,0
7207,0
7208,0.016881
7209,0.15002
7210,0.32162
7211,0.47198
7212,0.5945
7213,0.67699
7214,0.64845
7215,0.65124
7216,0.58354
7217,0.3465
7218,0.069266
7219,0
7220,0
7221,0
7222,0
7223,0
7224,0
7225,0
7226,0
7227,0
7228,0
7229,0
7230,0
7231,0
7232,0.043857
7233,0.34128
7234,0.66464
7235,0.8331
7236,0.8465
7237,0.86686
7238,0.88636
7239,0.85085
7240,0.75444
7241,0.50261
7242,0.11782
7243,0
7244,0
7245,0
7246,0
7247,0
7248,0
7249,0
7250,0
7251,0
7252,0
7253,0
7254,0
7255,0
7256,0.058301
7257,0.41681
7258,0.76888
7259,0.89662
7260,0.91733
7261,0.86895
7262,0.91873
7263,0.90202
7264,0.81622
7265,0.54908
7266,0.12409
7267,0
7268,0
7269,0
7270,0
7271,0
7272,0
7273,0
7274,0
7275,0
7276,0
7277,0
7278,0
7279,0
7280,0.060216
7281,0.42882
7282,0.74713
7283,0.86495
7284,0.90219
7285,0.89784
7286,0.90045
7287,0.88183
7288,0.79934
7289,0.53324
7290,0.11921
7291,0
7292,0
7293,0
7294,0
7295,0
7296,0
7297,0
7298,0
7299,0
7300,0
7301,0
7302,0
7303,0.057083
7304,0.39715
7305,0.70693
7306,0.87504
7307,0.89993
7308,0.89575
7309,0.89575
7310,0.874
7311,0.77515
7312,0.51253
7313,0.10929
7314,0
7315,0
7316,0
7317,0
7318,0
7319,0
7320,0
7321,0
7322,0
7323,0
7324,0
7325,0
7326,0
7327,0.048556
7328,0.31883
7329,0.58545
7330,0.70919
7331,0.6977
7332,0.67403
7333,0.63905
7334,0.54995
7335,0.43561
7336,0.23373
7337,0.03881
7338,0
7339,0
7340,0
7341,0
7342,0
7343,0
7344,0
7345,0
7346,0
7347,0
7348,0
7349,0
7350,0
7351,0.038636
7352,0.29951
7353,0.54212
7354,0.65611
7355,0.72137
7356,0.7527
7357,0.73355
7358,0.67595
7359,0.59624
7360,0.37034
7361,0.076923
7362,0
7363,0
7364,0
7365,0
7366,0
7367,0
7368,0
7369,0
7370,0
7371,0
7372,0
7373,0
7374,0
7375,0.037939
7376,0.32283
7377,0.58824
7378,0.70449
7379,0.66429
7380,0.67943
7381,0.71615
7382,0.7205
7383,0.63522
7384,0.36234
7385,0
7386,0
7387,0
7388,0
7389,0
7390,0
7391,0
7392,0
7393,0
7394,0
7395,0
7396,0
7397,0
7398,0
7399,0.044901
7400,0.36095
7401,0.70118
7402,0.84163
7403,0.88026
7404,0.86164
7405,0.84267
7406,0.8338
7407,0.72102
7408,0.43735
7409,0
7410,0
7411,0
7412,0
7413,0
7414,0
7415,0
7416,0
7417,0
7418,0
7419,0
7420,0
7421,0
7422,0
7423,0.045945
7424,0.38375
7425,0.75444
7426,0.88827
7427,0.91681
7428,0.90776
7429,0.91559
7430,0.90741
7431,0.81361
7432,0.50679
7433,0
7434,0
7435,0
7436,0
7437,0
7438,0
7439,0
7440,0
7441,0
7442,0
7443,0
7444,0
7445,0
7446,0
7447,0.043857
7448,0.38583
7449,0.75461
7450,0.89314
7451,0.91472
7452,0.90341
7453,0.90741
7454,0.89036
7455,0.8016
7456,0.49304
7457,0
7458,0
7459,0
7460,0
7461,0
7462,0
7463,0
7464,0
7465,0
7466,0
7467,0
7468,0
7469,0
7470,0
7471,0.04142
7472,0.3606
7473,0.73181
7474,0.87452
7475,0.89697
7476,0.88044
7477,0.88322
7478,0.85816
7479,0.7621
7480,0.441
7481,0
7482,0
7483,0
7484,0
7485,0
7486,0
7487,0
7488,0
7489,0
7490,0
7491,0
7492,0
7493,0
7494,0
7495,0.034111
7496,0.30526
7497,0.55482
7498,0.70762
7499,0.73756
7500,0.7607
7501,0.72015
7502,0.73234
7503,0.55378
7504,0.30334
7505,0
7506,0
7507,0
7508,0
7509,0
7510,0
7511,0
7512,0
7513,0
7514,0
7515,0
7516,0
7517,0
7518,0
7519,0.019318
7520,0.22711
7521,0.56022
7522,0.70049
7523,0.77463
7524,0.7386
7525,0.70675
7526,0.68726
7527,0.59537
7528,0.36947
7529,0
7530,0
7531,0
7532,0
7533,0
7534,0
7535,0
7536,0
7537,0
7538,0
7539,0
7540,0
7541,0
7542,0
7543,0.034459
7544,0.3432
7545,0.6883
7546,0.86147
7547,0.9008
7548,0.89001
7549,0.89802
7550,0.88636
7551,0.78837
7552,0.4725
7553,0
7554,0
7555,0
7556,0
7557,0
7558,0
7559,0
7560,0
7561,0
7562,0
7563,0
7564,0
7565,0
7566,0
7567,0.028368
7568,0.28716
7569,0.63296
7570,0.83589
7571,0.8693
7572,0.86826
7573,0.87452
7574,0.86565
7575,0.77776
7576,0.44953
7577,0
7578,0
7579,0
7580,0
7581,0
7582,0
7583,0
7584,0
7585,0
7586,0
7587,0
7588,0
7589,0
7590,0
7591,0.029238
7592,0.3197
7593,0.70066
7594,0.85451
7595,0.88897
7596,0.88618
7597,0.89192
7598,0.87226
7599,0.77393
7600,0.45371
7601,0
7602,0
7603,0
7604,0
7605,0
7606,0
7607,0
7608,0
7609,0
7610,0
7611,0
7612,0
7613,0
7614,0
7615,0.028019
7616,0.32109
7617,0.69492
7618,0.83832
7619,0.8787
7620,0.87522
7621,0.87121
7622,0.84824
7623,0.73599
7624,0.43108
7625,0
7626,0
7627,0
7628,0
7629,0
7630,0
7631,0
7632,0
7633,0
7634,0
7635,0
7636,0
7637,0
7638,0
7639,0.0097459
7640,0.18239
7641,0.32858
7642,0.38357
7643,0.51427
7644,0.46989
7645,0.48921
7646,0.47268
7647,0.34563
7648,0.21772
7649,0
7650,0
7651,0
7652,0
7653,0
7654,0
7655,0
7656,0
7657,0
7658,0
7659,0
7660,0
7661,0
7662,0
7663,0.0022624
7664,0.22224
7665,0.55969
7666,0.72938
7667,0.81378
7668,0.73895
7669,0.70762
7670,0.69266
7671,0.626
7672,0.37104
7673,0
7674,0
7675,0
7676,0
7677,0
7678,0
7679,0
7680,0
7681,0
7682,0
7683,0
7684,0
7685,0
7686,0
7687,0.022624
7688,0.30926
7689,0.63557
7690,0.79464
7691,0.88044
7692,0.87905
7693,0.878
7694,0.79133
7695,0.73634
7696,0.41281
7697,0
7698,0
7699,0
7700,0
7701,0
7702,0
7703,0
7704,0
7705,0
7706,0
7707,0
7708,0
7709,0
7710,0
7711,0.021928
7712,0.29829
7713,0.62635
7714,0.66429
7715,0.72085
7716,0.78524
7717,0.78663
7718,0.8016
7719,0.6897
7720,0.38984
7721,0
7722,0
7723,0
7724,0
7725,0
7726,0
7727,0
7728,0
7729,0
7730,0
7731,0
7732,0
7733,0
7734,0
7735,0.019492
7736,0.28141
7737,0.66464
7738,0.83241
7739,0.86791
7740,0.86512
7741,0.86878
7742,0.85016
7743,0.74661
7744,0.42064
7745,0
7746,0
7747,0
7748,0
7749,0
7750,0
7751,0
7752,0
7753,0
7754,0
7755,0
7756,0
7757,0
7758,0
7759,0.017926
7760,0.26923
7761,0.63975
7762,0.79307
7763,0.82475
7764,0.85033
7765,0.86164
7766,0.83554
7767,0.7259
7768,0.39384
7769,0
7770,0
7771,0
7772,0
7773,0
7774,0
7775,0
7776,0
7777,0
7778,0
7779,0
7780,0
7781,0
7782,0
7783,0.015141
7784,0.26853
7785,0.65158
7786,0.8197
7787,0.86286
7788,0.86129
7789,0.86251
7790,0.82631
7791,0.7212
7792,0.39749
7793,0
7794,0
7795,0
7796,0
7797,0
7798,0
7799,0
7800,0
7801,0
7802,0
7803,0
7804,0
7805,0
7806,0
7807,0.014967
7808,0.26279
7809,0.64358
7810,0.82109
7811,0.85016
7812,0.84233
7813,0.86269
7814,0.84058
7815,0.73181
7816,0.40411
7817,0
7818,0
7819,0
7820,0
7821,0
7822,0
7823,0
7824,0
7825,0
7826,0
7827,0
7828,0
7829,0
7830,0
7831,0.013923
7832,0.248
7833,0.63766
7834,0.81187
7835,0.82823
7836,0.85294
7837,0.85886
7838,0.84006
7839,0.73425
7840,0.39471
7841,0
7842,0
7843,0
7844,0
7845,0
7846,0
7847,0
7848,0
7849,0
7850,0
7851,0
7852,0
7853,0
7854,0
7855,0.01166
7856,0.23808
7857,0.58789
7858,0.74382
7859,0.79916
7860,0.74104
7861,0.69353
7862,0.60773
7863,0.52854
7864,0.30317
7865,0
7866,0
7867,0
7868,0
7869,0
7870,0
7871,0
7872,0
7873,0
7874,0
7875,0
7876,0
7877,0
7878,0
7879,0.0066133
7880,0.18778
7881,0.52332
7882,0.71789
7883,0.76575
7884,0.68134
7885,0.69944
7886,0.71911
7887,0.5503
7888,0.33328
7889,0
7890,0
7891,0
7892,0
7893,0
7894,0
7895,0
7896,0
7897,0
7898,0
7899,0
7900,0
7901,0
7902,0
7903,0.0057431
7904,0.21806
7905,0.57309
7906,0.76679
7907,0.79847
7908,0.78176
7909,0.72189
7910,0.70414
7911,0.61399
7912,0.27915
7913,0
7914,0
7915,0
7916,0
7917,0
7918,0
7919,0
7920,0
7921,0
7922,0
7923,0
7924,0
7925,0
7926,0
7927,0.0046989
7928,0.12043
7929,0.36965
7930,0.49426
7931,0.6615
7932,0.72416
7933,0.71389
7934,0.69544
7935,0.54629
7936,0.26975
7937,0
7938,0
7939,0
7940,0
7941,0
7942,0
7943,0
7944,0
7945,0
7946,0
7947,0
7948,0
7949,0
7950,0
7951,0.0095719
7952,0.23007
7953,0.62148
7954,0.80352
7955,0.86129
7956,0.8606
7957,0.83449
7958,0.84145
7959,0.69057
7960,0.39053
7961,0
7962,0
7963,0
7964,0
7965,0
7966,0
7967,0
7968,0
7969,0
7970,0
7971,0
7972,0
7973,0
7974,0
7975,0.0083536
7976,0.22068
7977,0.59067
7978,0.77863
7979,0.80874
7980,0.81361
7981,0.83676
7982,0.81222
7983,0.72642
7984,0.40184
7985,0
7986,0
7987,0
7988,0
7989,0
7990,0
7991,0
7992,0
7993,0
7994,0
7995,0
7996,0
7997,0
7998,0
7999,0.0078315
8000,0.22085
8001,0.5543
8002,0.74939
8003,0.82196
8004,0.80195
8005,0.80386
8006,0.79516
8007,0.6716
8008,0.35207
8009,0
8010,0
8011,0
8012,0
8013,0
8014,0
8015,0
8016,0
8017,0
8018,0
8019,0
8020,0
8021,0
8022,0
8023,0.0064393
8024,0.21928
8025,0.5905
8026,0.79673
8027,0.84476
8028,0.85921
8029,0.86408
8030,0.84563
8031,0.7259
8032,0.39053
8033,0
8034,0
8035,0
8036,0
8037,0
8038,0
8039,0
8040,0
8041,0
8042,0
8043,0
8044,0
8045,0
8046,0
8047,0.0060912
8048,0.2158
8049,0.58249
8050,0.76453
8051,0.80595
8052,0.79011
8053,0.75374
8054,0.69266
8055,0.56091
8056,0.31413
8057,0
8058,0
8059,0
8060,0
8061,0
8062,0
8063,0
8064,0
8065,0
8066,0
8067,0
8068,0
8069,0
8070,0
8071,0.0046989
8072,0.16185
8073,0.46989
8074,0.58458
8075,0.70205
8076,0.67595
8077,0.71615
8078,0.66986
8079,0.47407
8080,0.22711
8081,0
8082,0
8083,0
8084,0
8085,0
8086,0
8087,0
8088,0
8089,0
8090,0
8091,0
8092,0
8093,0
8094,0
8095,0.0010442
8096,0.13609
8097,0.34963
8098,0.52837
8099,0.60929
8100,0.6347
8101,0.62148
8102,0.57588
8103,0.48381
8104,0.26575
8105,0
8106,0
8107,0
8108,0
8109,0
8110,0
8111,0
8112,0
8113,0
8114,0
8115,0
8116,0
8117,0
8118,0
8119,0.0019144
8120,0.1897
8121,0.53272
8122,0.65715
8123,0.69683
8124,0.69474
8125,0.70484
8126,0.6568
8127,0.50365
8128,0.24365
8129,0
8130,0
8131,0
8132,0
8133,0
8134,0
8135,0
8136,0
8137,0
8138,0
8139,0
8140,0
8141,0
8142,0
8143,0.0019144
8144,0.092412
8145,0.27776
8146,0.49565
8147,0.57466
8148,0.64775
8149,0.69126
8150,0.61434
8151,0.53742
8152,0.28159
8153,0
8154,0
8155,0
8156,0
8157,0
8158,0
8159,0
8160,0
8161,0
8162,0
8163,0
8164,0
8165,0
8166,0
8167,0
8168,0.15872
8169,0.45841
8170,0.65646
8171,0.72607
8172,0.75357
8173,0.75618
8174,0.71493
8175,0.59259
8176,0.25653
8177,0
8178,0
8179,0
8180,0
8181,0
8182,0
8183,0
8184,0
8185,0
8186,0
8187,0
8188,0
8189,0
8190,0
8191,0
8192,0.16185
8193,0.48782
8194,0.68256
8195,0.73408
8196,0.72729
8197,0.69353
8198,0.60512
8199,0.44048
8200,0.21441
8201,0
8202,0
8203,0
8204,0
8205,0
8206,0
8207,0
8208,0
8209,0
8210,0
8211,0
8212,0
8213,0
8214,0
8215,0
8216,0.098329
8217,0.29916
8218,0.42308
8219,0.53011
8220,0.57866
8221,0.60947
8222,0.54072
8223,0.45754
8224,0.25931
8225,0
8226,0
8227,0
8228,0
8229,0
8230,0
8231,0
8232,0
8233,0
8234,0
8235,0
8236,0
8237,0
8238,0
8239,0
8240,0.1441
8241,0.3465
8242,0.51793
8243,0.53394
8244,0.62339
8245,0.61817
8246,0.51131
8247,0.35607
8248,0.15593
8249,0
8250,0
8251,0
8252,0
8253,0
8254,0
8255,0
8256,0
8257,0
8258,0
8259,0
8260,0
8261,0
8262,0
8263,0
8264,0.045597
8265,0.2306
8266,0.35781
8267,0.50801
8268,0.59293
8269,0.61643
8270,0.46345
8271,0.39628
8272,0.20536
8273,0
8274,0
8275,0
8276,0
8277,0
8278,0
8279,0
8280,0
8281,0
8282,0
8283,0
8284,0
8285,0
8286,0
8287,0.00069614
8288,0.14636
8289,0.49809
8290,0.76018
8291,0.83275
8292,0.83432
8293,0.83763
8294,0.81361
8295,0.70954
8296,0.38897
8297,0
8298,0
8299,0
8300,0
8301,0
8302,0
8303,0
8304,0
8305,0
8306,0
8307,0
8308,0
8309,0
8310,0
8311,0.00017403
8312,0.17021
8313,0.54333
8314,0.75583
8315,0.78872
8316,0.76314
8317,0.72102
8318,0.61364
8319,0.46415
8320,0.23895
8321,0
8322,0
8323,0
8324,0
8325,0
8326,0
8327,0
8328,0
8329,0
8330,0
8331,0
8332,0
8333,0
8334,0
8335,0.00069614
8336,0.12252
8337,0.43091
8338,0.68987
8339,0.77445
8340,0.7875
8341,0.78368
8342,0.7125
8343,0.54316
8344,0.30874
8345,0
8346,0
8347,0
8348,0
8349,0
8350,0
8351,0
8352,0
8353,0
8354,0
8355,0
8356,0
8357,0
8358,0
8359,0.0017403
8360,0.16812
8361,0.55586
8362,0.756
8363,0.84407
8364,0.85729
8365,0.83606
8366,0.78542
8367,0.68187
8368,0.40411
8369,0
8370,0
8371,0
8372,0
8373,0
8374,0
8375,0
8376,0
8377,0
8378,0
8379,0
8380,0
8381,0
8382,0
8383,0.0019144
8384,0.15176
8385,0.54246
8386,0.75827
8387,0.83223
8388,0.85085
8389,0.86095
8390,0.83554
8391,0.72276
8392,0.39889
8393,0
8394,0
8395,0
8396,0
8397,0
8398,0
8399,0
8400,0
8401,0
8402,0
8403,0
8404,0
8405,0
8406,0
8407,0
8408,0.15785
8409,0.53985
8410,0.77115
8411,0.83449
8412,0.84337
8413,0.84946
8414,0.82892
8415,0.71476
8416,0.39523
8417,0
8418,0
8419,0
8420,0
8421,0
8422,0
8423,0
8424,0
8425,0
8426,0
8427,0
8428,0
8429,0
8430,0
8431,0
8432,0.15332
8433,0.53864
8434,0.78176
8435,0.86147
8436,0.86391
8437,0.86199
8438,0.84145
8439,0.72903
8440,0.41072
8441,0
8442,0
8443,0
8444,0
8445,0
8446,0
8447,0
8448,0
8449,0
8450,0
8451,0
8452,0
8453,0
8454,0
8455,0
8456,0.11051
8457,0.42377
8458,0.58127
8459,0.61312
8460,0.60703
8461,0.61364
8462,0.57762
8463,0.43822
8464,0.1944
8465,0
8466,0
8467,0
8468,0
8469,0
8470,0
8471,0
8472,0
8473,0
8474,0
8475,0
8476,0
8477,0
8478,0
8479,0
8480,0.12635
8481,0.42795
8482,0.5811
8483,0.58319
8484,0.62339
8485,0.61034
8486,0.5637
8487,0.52384
8488,0.25165
8489,0
8490,0
8491,0
8492,0
8493,0
8494,0
8495,0
8496,0
8497,0
8498,0
8499,0
8500,0
8501,0
8502,0
8503,0.00017403
8504,0.11591
8505,0.35312
8506,0.57814
8507,0.65802
8508,0.61695
8509,0.56544
8510,0.51044
8511,0.39715
8512,0.13836
8513,0
8514,0
8515,0
8516,0
8517,0
8518,0
8519,0
8520,0
8521,0
8522,0
8523,0
8524,0
8525,0
8526,0
8527,0
8528,0.021928
8529,0.11295
8530,0.32405
8531,0.39297
8532,0.41907
8533,0.3881
8534,0.3827
8535,0.29429
8536,0.16638
8537,0
8538,0
8539,0
8540,0
8541,0
8542,0
8543,0
8544,0
8545,0
8546,0
8547,0
8548,0
8549,0
8550,0
8551,0.00034807
8552,0.10164
8553,0.38061
8554,0.66603
8555,0.75983
8556,0.72085
8557,0.71458
8558,0.6977
8559,0.61295
8560,0.32684
8561,0
8562,0
8563,0
8564,0
8565,0
8566,0
8567,0
8568,0
8569,0
8570,0
8571,0
8572,0
8573,0
8574,0
8575,0
8576,0.1166
8577,0.46676
8578,0.70084
8579,0.77497
8580,0.75479
8581,0.66968
8582,0.6126
8583,0.46763
8584,0.25426
8585,0
8586,0
8587,0
8588,0
8589,0
8590,0
8591,0
8592,0
8593,0
8594,0
8595,0
8596,0
8597,0
8598,0
8599,0
8600,0.11016
8601,0.47581
8602,0.66185
8603,0.70762
8604,0.68743
8605,0.65437
8606,0.6448
8607,0.57762
8608,0.36512
8609,0
8610,0
8611,0
8612,0
8613,0
8614,0
8615,0
8616,0
8617,0
8618,0
8619,0
8620,0
8621,0
8622,0
8623,0
8624,0.12913
8625,0.5
8626,0.75792
8627,0.83502
8628,0.83919
8629,0.8472
8630,0.81535
8631,0.69561
8632,0.39871
8633,0
8634,0
8635,0
8636,0
8637,0
8638,0
8639,0
8640,0
8641,0
8642,0
8643,0
8644,0
8645,0
8646,0
8647,0
8648,0.13192
8649,0.44953
8650,0.71511
8651,0.79951
8652,0.78768
8653,0.77271
8654,0.72537
8655,0.61121
8656,0.30491
8657,0
8658,0
8659,0
8660,0
8661,0
8662,0
8663,0
8664,0
8665,0
8666,0
8667,0
8668,0
8669,0
8670,0
8671,0
8672,0.087191
8673,0.30212
8674,0.52906
8675,0.64201
8676,0.61382
8677,0.59937
8678,0.55569
8679,0.53498
8680,0.28333
8681,0
8682,0
8683,0
8684,0
8685,0
8686,0
8687,0
8688,0
8689,0
8690,0
8691,0
8692,0
8693,0
8694,0
8695,0
8696,0.12565
8697,0.49112
8698,0.74417
8699,0.82892
8700,0.85155
8701,0.84946
8702,0.82283
8703,0.7024
8704,0.43126
8705,0
8706,0
8707,0
8708,0
8709,0
8710,0
8711,0
8712,0
8713,0
8714,0
8715,0
8716,0
8717,0
8718,0
8719,0
8720,0.13035
8721,0.50888
8722,0.75827
8723,0.83502
8724,0.85068
8725,0.85747
8726,0.85225
8727,0.75078
8728,0.4511
8729,0
8730,0
8731,0
8732,0
8733,0
8734,0
8735,0
8736,0
8737,0
8738,0
8739,0
8740,0
8741,0
8742,0
8743,0
8744,0.12043
8745,0.504
8746,0.75948
8747,0.8505
8748,0.86373
8749,0.78455
8750,0.80334
8751,0.7078
8752,0.46067
8753,0
8754,0
8755,0
8756,0
8757,0
8758,0
8759,0
8760,0
